交通機関,出発,到着,金額,参照元,備考
神戸市営地下鉄,谷上,新神戸,,,自動取得不可
神戸市営地下鉄,谷上,三宮,,,自動取得不可
神戸市営地下鉄,谷上,県庁前,,,自動取得不可
神戸市営地下鉄,谷上,大倉山,,,自動取得不可
神戸市営地下鉄,谷上,湊川公園,,,自動取得不可
神戸市営地下鉄,谷上,上沢,,,自動取得不可
神戸市営地下鉄,谷上,長田,,,自動取得不可
神戸市営地下鉄,谷上,新長田,,,自動取得不可
神戸市営地下鉄,谷上,板宿,,,自動取得不可
神戸市営地下鉄,谷上,妙法寺,,,自動取得不可
神戸市営地下鉄,谷上,名谷,,,自動取得不可
神戸市営地下鉄,谷上,総合運動公園,,,自動取得不可
神戸市営地下鉄,谷上,学園都市,,,自動取得不可
神戸市営地下鉄,谷上,伊川谷,,,自動取得不可
神戸市営地下鉄,谷上,西神南,,,自動取得不可
神戸市営地下鉄,谷上,西神中央,,,自動取得不可
神戸市営地下鉄,谷上,三宮・花時計前,,,自動取得不可
神戸市営地下鉄,谷上,旧居留地・大丸前,,,自動取得不可
神戸市営地下鉄,谷上,みなと元町,,,自動取得不可
神戸市営地下鉄,谷上,ハーバーランド,,,自動取得不可
神戸市営地下鉄,谷上,中央市場前,,,自動取得不可
神戸市営地下鉄,谷上,和田岬,,,自動取得不可
神戸市営地下鉄,谷上,御崎公園,,,自動取得不可
神戸市営地下鉄,谷上,苅藻,,,自動取得不可
神戸市営地下鉄,谷上,駒ヶ林,,,自動取得不可
神戸市営地下鉄,新神戸,県庁前,,,自動取得不可
神戸市営地下鉄,新神戸,大倉山,,,自動取得不可
神戸市営地下鉄,新神戸,湊川公園,,,自動取得不可
神戸市営地下鉄,新神戸,上沢,,,自動取得不可
神戸市営地下鉄,新神戸,長田,,,自動取得不可
神戸市営地下鉄,新神戸,新長田,,,自動取得不可
神戸市営地下鉄,新神戸,板宿,,,自動取得不可
神戸市営地下鉄,新神戸,妙法寺,,,自動取得不可
神戸市営地下鉄,新神戸,名谷,,,自動取得不可
神戸市営地下鉄,新神戸,総合運動公園,,,自動取得不可
神戸市営地下鉄,新神戸,学園都市,,,自動取得不可
神戸市営地下鉄,新神戸,伊川谷,,,自動取得不可
神戸市営地下鉄,新神戸,西神南,,,自動取得不可
神戸市営地下鉄,新神戸,西神中央,,,自動取得不可
神戸市営地下鉄,新神戸,三宮・花時計前,,,自動取得不可
神戸市営地下鉄,新神戸,旧居留地・大丸前,,,自動取得不可
神戸市営地下鉄,新神戸,みなと元町,,,自動取得不可
神戸市営地下鉄,新神戸,ハーバーランド,,,自動取得不可
神戸市営地下鉄,新神戸,中央市場前,,,自動取得不可
神戸市営地下鉄,新神戸,和田岬,,,自動取得不可
神戸市営地下鉄,新神戸,御崎公園,,,自動取得不可
神戸市営地下鉄,新神戸,苅藻,,,自動取得不可
神戸市営地下鉄,新神戸,駒ヶ林,,,自動取得不可
神戸市営地下鉄,三宮,三宮・花時計前,,,自動取得不可
神戸市営地下鉄,県庁前,大倉山,,,自動取得不可
神戸市営地下鉄,県庁前,湊川公園,,,自動取得不可
神戸市営地下鉄,県庁前,上沢,,,自動取得不可
神戸市営地下鉄,県庁前,長田,,,自動取得不可
神戸市営地下鉄,県庁前,新長田,,,自動取得不可
神戸市営地下鉄,県庁前,板宿,,,自動取得不可
神戸市営地下鉄,県庁前,妙法寺,,,自動取得不可
神戸市営地下鉄,県庁前,名谷,,,自動取得不可
神戸市営地下鉄,県庁前,総合運動公園,,,自動取得不可
神戸市営地下鉄,県庁前,学園都市,,,自動取得不可
神戸市営地下鉄,県庁前,伊川谷,,,自動取得不可
神戸市営地下鉄,県庁前,西神南,,,自動取得不可
神戸市営地下鉄,県庁前,西神中央,,,自動取得不可
神戸市営地下鉄,県庁前,三宮・花時計前,,,自動取得不可
神戸市営地下鉄,県庁前,旧居留地・大丸前,,,自動取得不可
神戸市営地下鉄,県庁前,みなと元町,,,自動取得不可
神戸市営地下鉄,県庁前,ハーバーランド,,,自動取得不可
神戸市営地下鉄,県庁前,中央市場前,,,自動取得不可
神戸市営地下鉄,県庁前,和田岬,,,自動取得不可
神戸市営地下鉄,県庁前,御崎公園,,,自動取得不可
神戸市営地下鉄,県庁前,苅藻,,,自動取得不可
神戸市営地下鉄,県庁前,駒ヶ林,,,自動取得不可
神戸市営地下鉄,大倉山,湊川公園,,,自動取得不可
神戸市営地下鉄,大倉山,上沢,,,自動取得不可
神戸市営地下鉄,大倉山,長田,,,自動取得不可
神戸市営地下鉄,大倉山,新長田,,,自動取得不可
神戸市営地下鉄,大倉山,板宿,,,自動取得不可
神戸市営地下鉄,大倉山,妙法寺,,,自動取得不可
神戸市営地下鉄,大倉山,名谷,,,自動取得不可
神戸市営地下鉄,大倉山,総合運動公園,,,自動取得不可
神戸市営地下鉄,大倉山,学園都市,,,自動取得不可
神戸市営地下鉄,大倉山,伊川谷,,,自動取得不可
神戸市営地下鉄,大倉山,西神南,,,自動取得不可
神戸市営地下鉄,大倉山,西神中央,,,自動取得不可
神戸市営地下鉄,大倉山,三宮・花時計前,,,自動取得不可
神戸市営地下鉄,大倉山,旧居留地・大丸前,,,自動取得不可
神戸市営地下鉄,大倉山,みなと元町,,,自動取得不可
神戸市営地下鉄,大倉山,ハーバーランド,,,自動取得不可
神戸市営地下鉄,大倉山,中央市場前,,,自動取得不可
神戸市営地下鉄,大倉山,和田岬,,,自動取得不可
神戸市営地下鉄,大倉山,御崎公園,,,自動取得不可
神戸市営地下鉄,大倉山,苅藻,,,自動取得不可
神戸市営地下鉄,大倉山,駒ヶ林,,,自動取得不可
神戸市営地下鉄,湊川公園,上沢,,,自動取得不可
神戸市営地下鉄,湊川公園,長田,,,自動取得不可
神戸市営地下鉄,湊川公園,新長田,,,自動取得不可
神戸市営地下鉄,湊川公園,板宿,,,自動取得不可
神戸市営地下鉄,湊川公園,妙法寺,,,自動取得不可
神戸市営地下鉄,湊川公園,名谷,,,自動取得不可
神戸市営地下鉄,湊川公園,総合運動公園,,,自動取得不可
神戸市営地下鉄,湊川公園,学園都市,,,自動取得不可
神戸市営地下鉄,湊川公園,伊川谷,,,自動取得不可
神戸市営地下鉄,湊川公園,西神南,,,自動取得不可
神戸市営地下鉄,湊川公園,西神中央,,,自動取得不可
神戸市営地下鉄,湊川公園,三宮・花時計前,,,自動取得不可
神戸市営地下鉄,湊川公園,旧居留地・大丸前,,,自動取得不可
神戸市営地下鉄,湊川公園,みなと元町,,,自動取得不可
神戸市営地下鉄,湊川公園,ハーバーランド,,,自動取得不可
神戸市営地下鉄,湊川公園,中央市場前,,,自動取得不可
神戸市営地下鉄,湊川公園,和田岬,,,自動取得不可
神戸市営地下鉄,湊川公園,御崎公園,,,自動取得不可
神戸市営地下鉄,湊川公園,苅藻,,,自動取得不可
神戸市営地下鉄,湊川公園,駒ヶ林,,,自動取得不可
神戸市営地下鉄,上沢,長田,,,自動取得不可
神戸市営地下鉄,上沢,新長田,,,自動取得不可
神戸市営地下鉄,上沢,板宿,,,自動取得不可
神戸市営地下鉄,上沢,妙法寺,,,自動取得不可
神戸市営地下鉄,上沢,名谷,,,自動取得不可
神戸市営地下鉄,上沢,総合運動公園,,,自動取得不可
神戸市営地下鉄,上沢,学園都市,,,自動取得不可
神戸市営地下鉄,上沢,伊川谷,,,自動取得不可
神戸市営地下鉄,上沢,西神南,,,自動取得不可
神戸市営地下鉄,上沢,西神中央,,,自動取得不可
神戸市営地下鉄,上沢,三宮・花時計前,,,自動取得不可
神戸市営地下鉄,上沢,旧居留地・大丸前,,,自動取得不可
神戸市営地下鉄,上沢,みなと元町,,,自動取得不可
神戸市営地下鉄,上沢,ハーバーランド,,,自動取得不可
神戸市営地下鉄,上沢,中央市場前,,,自動取得不可
神戸市営地下鉄,上沢,和田岬,,,自動取得不可
神戸市営地下鉄,上沢,御崎公園,,,自動取得不可
神戸市営地下鉄,上沢,苅藻,,,自動取得不可
神戸市営地下鉄,上沢,駒ヶ林,,,自動取得不可
神戸市営地下鉄,長田,新長田,,,自動取得不可
神戸市営地下鉄,長田,板宿,,,自動取得不可
神戸市営地下鉄,長田,妙法寺,,,自動取得不可
神戸市営地下鉄,長田,名谷,,,自動取得不可
神戸市営地下鉄,長田,総合運動公園,,,自動取得不可
神戸市営地下鉄,長田,学園都市,,,自動取得不可
神戸市営地下鉄,長田,伊川谷,,,自動取得不可
神戸市営地下鉄,長田,西神南,,,自動取得不可
神戸市営地下鉄,長田,西神中央,,,自動取得不可
神戸市営地下鉄,長田,三宮・花時計前,,,自動取得不可
神戸市営地下鉄,長田,旧居留地・大丸前,,,自動取得不可
神戸市営地下鉄,長田,みなと元町,,,自動取得不可
神戸市営地下鉄,長田,ハーバーランド,,,自動取得不可
神戸市営地下鉄,長田,中央市場前,,,自動取得不可
神戸市営地下鉄,長田,和田岬,,,自動取得不可
神戸市営地下鉄,長田,御崎公園,,,自動取得不可
神戸市営地下鉄,長田,苅藻,,,自動取得不可
神戸市営地下鉄,長田,駒ヶ林,,,自動取得不可
神戸市営地下鉄,新長田,板宿,,,自動取得不可
神戸市営地下鉄,新長田,妙法寺,,,自動取得不可
神戸市営地下鉄,新長田,名谷,,,自動取得不可
神戸市営地下鉄,新長田,総合運動公園,,,自動取得不可
神戸市営地下鉄,新長田,学園都市,,,自動取得不可
神戸市営地下鉄,新長田,伊川谷,,,自動取得不可
神戸市営地下鉄,新長田,西神南,,,自動取得不可
神戸市営地下鉄,新長田,西神中央,,,自動取得不可
神戸市営地下鉄,新長田,三宮・花時計前,,,自動取得不可
神戸市営地下鉄,新長田,旧居留地・大丸前,,,自動取得不可
神戸市営地下鉄,新長田,みなと元町,,,自動取得不可
神戸市営地下鉄,新長田,ハーバーランド,,,自動取得不可
神戸市営地下鉄,新長田,中央市場前,,,自動取得不可
神戸市営地下鉄,新長田,和田岬,,,自動取得不可
神戸市営地下鉄,新長田,御崎公園,,,自動取得不可
神戸市営地下鉄,新長田,苅藻,,,自動取得不可
神戸市営地下鉄,新長田,駒ヶ林,,,自動取得不可
神戸市営地下鉄,板宿,妙法寺,,,自動取得不可
神戸市営地下鉄,板宿,名谷,,,自動取得不可
神戸市営地下鉄,板宿,総合運動公園,,,自動取得不可
神戸市営地下鉄,板宿,学園都市,,,自動取得不可
神戸市営地下鉄,板宿,伊川谷,,,自動取得不可
神戸市営地下鉄,板宿,西神南,,,自動取得不可
神戸市営地下鉄,板宿,西神中央,,,自動取得不可
神戸市営地下鉄,板宿,三宮・花時計前,,,自動取得不可
神戸市営地下鉄,板宿,旧居留地・大丸前,,,自動取得不可
神戸市営地下鉄,板宿,みなと元町,,,自動取得不可
神戸市営地下鉄,板宿,ハーバーランド,,,自動取得不可
神戸市営地下鉄,板宿,中央市場前,,,自動取得不可
神戸市営地下鉄,板宿,和田岬,,,自動取得不可
神戸市営地下鉄,板宿,御崎公園,,,自動取得不可
神戸市営地下鉄,板宿,苅藻,,,自動取得不可
神戸市営地下鉄,板宿,駒ヶ林,,,自動取得不可
神戸市営地下鉄,妙法寺,名谷,,,自動取得不可
神戸市営地下鉄,妙法寺,総合運動公園,,,自動取得不可
神戸市営地下鉄,妙法寺,学園都市,,,自動取得不可
神戸市営地下鉄,妙法寺,伊川谷,,,自動取得不可
神戸市営地下鉄,妙法寺,西神南,,,自動取得不可
神戸市営地下鉄,妙法寺,西神中央,,,自動取得不可
神戸市営地下鉄,妙法寺,三宮・花時計前,,,自動取得不可
神戸市営地下鉄,妙法寺,旧居留地・大丸前,,,自動取得不可
神戸市営地下鉄,妙法寺,みなと元町,,,自動取得不可
神戸市営地下鉄,妙法寺,ハーバーランド,,,自動取得不可
神戸市営地下鉄,妙法寺,中央市場前,,,自動取得不可
神戸市営地下鉄,妙法寺,和田岬,,,自動取得不可
神戸市営地下鉄,妙法寺,御崎公園,,,自動取得不可
神戸市営地下鉄,妙法寺,苅藻,,,自動取得不可
神戸市営地下鉄,妙法寺,駒ヶ林,,,自動取得不可
神戸市営地下鉄,名谷,総合運動公園,,,自動取得不可
神戸市営地下鉄,名谷,学園都市,,,自動取得不可
神戸市営地下鉄,名谷,伊川谷,,,自動取得不可
神戸市営地下鉄,名谷,西神南,,,自動取得不可
神戸市営地下鉄,名谷,西神中央,,,自動取得不可
神戸市営地下鉄,名谷,三宮・花時計前,,,自動取得不可
神戸市営地下鉄,名谷,旧居留地・大丸前,,,自動取得不可
神戸市営地下鉄,名谷,みなと元町,,,自動取得不可
神戸市営地下鉄,名谷,ハーバーランド,,,自動取得不可
神戸市営地下鉄,名谷,中央市場前,,,自動取得不可
神戸市営地下鉄,名谷,和田岬,,,自動取得不可
神戸市営地下鉄,名谷,御崎公園,,,自動取得不可
神戸市営地下鉄,名谷,苅藻,,,自動取得不可
神戸市営地下鉄,名谷,駒ヶ林,,,自動取得不可
神戸市営地下鉄,総合運動公園,学園都市,,,自動取得不可
神戸市営地下鉄,総合運動公園,伊川谷,,,自動取得不可
神戸市営地下鉄,総合運動公園,西神南,,,自動取得不可
神戸市営地下鉄,総合運動公園,西神中央,,,自動取得不可
神戸市営地下鉄,総合運動公園,三宮・花時計前,,,自動取得不可
神戸市営地下鉄,総合運動公園,旧居留地・大丸前,,,自動取得不可
神戸市営地下鉄,総合運動公園,みなと元町,,,自動取得不可
神戸市営地下鉄,総合運動公園,ハーバーランド,,,自動取得不可
神戸市営地下鉄,総合運動公園,中央市場前,,,自動取得不可
神戸市営地下鉄,総合運動公園,和田岬,,,自動取得不可
神戸市営地下鉄,総合運動公園,御崎公園,,,自動取得不可
神戸市営地下鉄,総合運動公園,苅藻,,,自動取得不可
神戸市営地下鉄,総合運動公園,駒ヶ林,,,自動取得不可
神戸市営地下鉄,学園都市,伊川谷,,,自動取得不可
神戸市営地下鉄,学園都市,西神南,,,自動取得不可
神戸市営地下鉄,学園都市,西神中央,,,自動取得不可
神戸市営地下鉄,学園都市,三宮・花時計前,,,自動取得不可
神戸市営地下鉄,学園都市,旧居留地・大丸前,,,自動取得不可
神戸市営地下鉄,学園都市,みなと元町,,,自動取得不可
神戸市営地下鉄,学園都市,ハーバーランド,,,自動取得不可
神戸市営地下鉄,学園都市,中央市場前,,,自動取得不可
神戸市営地下鉄,学園都市,和田岬,,,自動取得不可
神戸市営地下鉄,学園都市,御崎公園,,,自動取得不可
神戸市営地下鉄,学園都市,苅藻,,,自動取得不可
神戸市営地下鉄,学園都市,駒ヶ林,,,自動取得不可
神戸市営地下鉄,伊川谷,西神南,,,自動取得不可
神戸市営地下鉄,伊川谷,西神中央,,,自動取得不可
神戸市営地下鉄,伊川谷,三宮・花時計前,,,自動取得不可
神戸市営地下鉄,伊川谷,旧居留地・大丸前,,,自動取得不可
神戸市営地下鉄,伊川谷,みなと元町,,,自動取得不可
神戸市営地下鉄,伊川谷,ハーバーランド,,,自動取得不可
神戸市営地下鉄,伊川谷,中央市場前,,,自動取得不可
神戸市営地下鉄,伊川谷,和田岬,,,自動取得不可
神戸市営地下鉄,伊川谷,御崎公園,,,自動取得不可
神戸市営地下鉄,伊川谷,苅藻,,,自動取得不可
神戸市営地下鉄,伊川谷,駒ヶ林,,,自動取得不可
神戸市営地下鉄,西神南,西神中央,,,自動取得不可
神戸市営地下鉄,西神南,三宮・花時計前,,,自動取得不可
神戸市営地下鉄,西神南,旧居留地・大丸前,,,自動取得不可
神戸市営地下鉄,西神南,みなと元町,,,自動取得不可
神戸市営地下鉄,西神南,ハーバーランド,,,自動取得不可
神戸市営地下鉄,西神南,中央市場前,,,自動取得不可
神戸市営地下鉄,西神南,和田岬,,,自動取得不可
神戸市営地下鉄,西神南,御崎公園,,,自動取得不可
神戸市営地下鉄,西神南,苅藻,,,自動取得不可
神戸市営地下鉄,西神南,駒ヶ林,,,自動取得不可
神戸市営地下鉄,西神中央,三宮・花時計前,,,自動取得不可
神戸市営地下鉄,西神中央,旧居留地・大丸前,,,自動取得不可
神戸市営地下鉄,西神中央,みなと元町,,,自動取得不可
神戸市営地下鉄,西神中央,ハーバーランド,,,自動取得不可
神戸市営地下鉄,西神中央,中央市場前,,,自動取得不可
神戸市営地下鉄,西神中央,和田岬,,,自動取得不可
神戸市営地下鉄,西神中央,御崎公園,,,自動取得不可
神戸市営地下鉄,西神中央,苅藻,,,自動取得不可
神戸市営地下鉄,西神中央,駒ヶ林,,,自動取得不可
神戸市営地下鉄,三宮・花時計前,旧居留地・大丸前,,,自動取得不可
神戸市営地下鉄,三宮・花時計前,みなと元町,,,自動取得不可
神戸市営地下鉄,三宮・花時計前,ハーバーランド,,,自動取得不可
神戸市営地下鉄,三宮・花時計前,中央市場前,,,自動取得不可
神戸市営地下鉄,三宮・花時計前,和田岬,,,自動取得不可
神戸市営地下鉄,三宮・花時計前,御崎公園,,,自動取得不可
神戸市営地下鉄,三宮・花時計前,苅藻,,,自動取得不可
神戸市営地下鉄,三宮・花時計前,駒ヶ林,,,自動取得不可
神戸市営地下鉄,旧居留地・大丸前,みなと元町,,,自動取得不可
神戸市営地下鉄,旧居留地・大丸前,ハーバーランド,,,自動取得不可
神戸市営地下鉄,旧居留地・大丸前,中央市場前,,,自動取得不可
神戸市営地下鉄,旧居留地・大丸前,和田岬,,,自動取得不可
神戸市営地下鉄,旧居留地・大丸前,御崎公園,,,自動取得不可
神戸市営地下鉄,旧居留地・大丸前,苅藻,,,自動取得不可
神戸市営地下鉄,旧居留地・大丸前,駒ヶ林,,,自動取得不可
神戸市営地下鉄,みなと元町,ハーバーランド,,,自動取得不可
神戸市営地下鉄,みなと元町,中央市場前,,,自動取得不可
神戸市営地下鉄,みなと元町,和田岬,,,自動取得不可
神戸市営地下鉄,みなと元町,御崎公園,,,自動取得不可
神戸市営地下鉄,みなと元町,苅藻,,,自動取得不可
神戸市営地下鉄,みなと元町,駒ヶ林,,,自動取得不可
神戸市営地下鉄,ハーバーランド,中央市場前,,,自動取得不可
神戸市営地下鉄,ハーバーランド,和田岬,,,自動取得不可
神戸市営地下鉄,ハーバーランド,御崎公園,,,自動取得不可
神戸市営地下鉄,ハーバーランド,苅藻,,,自動取得不可
神戸市営地下鉄,ハーバーランド,駒ヶ林,,,自動取得不可
神戸市営地下鉄,中央市場前,和田岬,,,自動取得不可
神戸市営地下鉄,中央市場前,御崎公園,,,自動取得不可
神戸市営地下鉄,中央市場前,苅藻,,,自動取得不可
神戸市営地下鉄,中央市場前,駒ヶ林,,,自動取得不可
神戸市営地下鉄,和田岬,御崎公園,,,自動取得不可
神戸市営地下鉄,和田岬,苅藻,,,自動取得不可
神戸市営地下鉄,和田岬,駒ヶ林,,,自動取得不可
神戸市営地下鉄,御崎公園,苅藻,,,自動取得不可
神戸市営地下鉄,御崎公園,駒ヶ林,,,自動取得不可
神戸市営地下鉄,苅藻,駒ヶ林,,,自動取得不可
JR西日本,尼崎,立花,,,自動取得不可
JR西日本,尼崎,甲子園口,,,自動取得不可
JR西日本,尼崎,西宮,,,自動取得不可
JR西日本,尼崎,さくら夙川,,,自動取得不可
JR西日本,尼崎,芦屋,,,自動取得不可
JR西日本,尼崎,甲南山手,,,自動取得不可
JR西日本,尼崎,摂津本山,,,自動取得不可
JR西日本,尼崎,住吉,,,自動取得不可
JR西日本,尼崎,六甲道,,,自動取得不可
JR西日本,尼崎,摩耶,,,自動取得不可
JR西日本,尼崎,灘,,,自動取得不可
JR西日本,尼崎,三ノ宮,,,自動取得不可
JR西日本,尼崎,元町,,,自動取得不可
JR西日本,尼崎,神戸,,,自動取得不可
JR西日本,尼崎,兵庫,,,自動取得不可
JR西日本,尼崎,新長田,,,自動取得不可
JR西日本,尼崎,鷹取,,,自動取得不可
JR西日本,尼崎,須磨海浜公園,,,自動取得不可
JR西日本,尼崎,須磨,,,自動取得不可
JR西日本,尼崎,塩屋,,,自動取得不可
JR西日本,尼崎,垂水,,,自動取得不可
JR西日本,尼崎,舞子,,,自動取得不可
JR西日本,尼崎,朝霧,,,自動取得不可
JR西日本,尼崎,明石,,,自動取得不可
JR西日本,尼崎,西明石,,,自動取得不可
JR西日本,尼崎,大久保,,,自動取得不可
JR西日本,尼崎,魚住,,,自動取得不可
JR西日本,尼崎,土山,,,自動取得不可
JR西日本,尼崎,東加古川,,,自動取得不可
JR西日本,尼崎,加古川,,,自動取得不可
JR西日本,尼崎,宝殿,,,自動取得不可
JR西日本,尼崎,曽根,,,自動取得不可
JR西日本,尼崎,ひめじ別所,,,自動取得不可
JR西日本,尼崎,御着,,,自動取得不可
JR西日本,尼崎,東姫路,,,自動取得不可
JR西日本,尼崎,姫路,,,自動取得不可
JR西日本,尼崎,塚口,,,自動取得不可
JR西日本,尼崎,猪名寺,,,自動取得不可
JR西日本,尼崎,伊丹,,,自動取得不可
JR西日本,尼崎,北伊丹,,,自動取得不可
JR西日本,尼崎,川西池田,,,自動取得不可
JR西日本,尼崎,中山寺,,,自動取得不可
JR西日本,尼崎,宝塚,,,自動取得不可
JR西日本,尼崎,生瀬,,,自動取得不可
JR西日本,尼崎,西宮名塩,,,自動取得不可
JR西日本,尼崎,武田尾,,,自動取得不可
JR西日本,尼崎,道場,,,自動取得不可
JR西日本,尼崎,三田,,,自動取得不可
JR西日本,尼崎,新三田,,,自動取得不可
JR西日本,尼崎,広野,,,自動取得不可
JR西日本,尼崎,相野,,,自動取得不可
JR西日本,尼崎,藍本,,,自動取得不可
JR西日本,尼崎,草野,,,自動取得不可
JR西日本,尼崎,古市,,,自動取得不可
JR西日本,尼崎,南矢代,,,自動取得不可
JR西日本,尼崎,篠山口,,,自動取得不可
JR西日本,尼崎,相生,,,自動取得不可
JR西日本,尼崎,西相生,,,自動取得不可
JR西日本,尼崎,坂越,,,自動取得不可
JR西日本,尼崎,播州赤穂,,,自動取得不可
JR西日本,尼崎,天和,,,自動取得不可
JR西日本,尼崎,備前福河,,,自動取得不可
JR西日本,尼崎,日岡,,,自動取得不可
JR西日本,尼崎,神野,,,自動取得不可
JR西日本,尼崎,厄神,,,自動取得不可
JR西日本,尼崎,市場,,,自動取得不可
JR西日本,尼崎,小野町,,,自動取得不可
JR西日本,尼崎,粟生,,,自動取得不可
JR西日本,尼崎,河合西,,,自動取得不可
JR西日本,尼崎,青野ケ原,,,自動取得不可
JR西日本,尼崎,社町,,,自動取得不可
JR西日本,尼崎,滝野,,,自動取得不可
JR西日本,尼崎,滝,,,自動取得不可
JR西日本,尼崎,西脇市,,,自動取得不可
JR西日本,尼崎,新西脇,,,自動取得不可
JR西日本,尼崎,比延,,,自動取得不可
JR西日本,尼崎,日本へそ公園,,,自動取得不可
JR西日本,尼崎,黒田庄,,,自動取得不可
JR西日本,尼崎,本黒田,,,自動取得不可
JR西日本,尼崎,船町口,,,自動取得不可
JR西日本,尼崎,久下村,,,自動取得不可
JR西日本,尼崎,谷川,,,自動取得不可
JR西日本,尼崎,京口,,,自動取得不可
JR西日本,尼崎,野里,,,自動取得不可
JR西日本,尼崎,砥堀,,,自動取得不可
JR西日本,尼崎,仁豊野,,,自動取得不可
JR西日本,尼崎,香呂,,,自動取得不可
JR西日本,尼崎,溝口,,,自動取得不可
JR西日本,尼崎,福崎,,,自動取得不可
JR西日本,尼崎,甘地,,,自動取得不可
JR西日本,尼崎,鶴居,,,自動取得不可
JR西日本,尼崎,新野,,,自動取得不可
JR西日本,尼崎,寺前,,,自動取得不可
JR西日本,尼崎,長谷,,,自動取得不可
JR西日本,尼崎,生野,,,自動取得不可
JR西日本,尼崎,新井,,,自動取得不可
JR西日本,尼崎,青倉,,,自動取得不可
JR西日本,尼崎,竹田,,,自動取得不可
JR西日本,尼崎,和田山,,,自動取得不可
JR西日本,尼崎,播磨高岡,,,自動取得不可
JR西日本,尼崎,余部,,,自動取得不可
JR西日本,尼崎,太市,,,自動取得不可
JR西日本,尼崎,本竜野,,,自動取得不可
JR西日本,尼崎,東觜崎,,,自動取得不可
JR西日本,尼崎,播磨新宮,,,自動取得不可
JR西日本,尼崎,千本,,,自動取得不可
JR西日本,尼崎,西栗栖,,,自動取得不可
JR西日本,尼崎,三日月,,,自動取得不可
JR西日本,尼崎,播磨徳久,,,自動取得不可
JR西日本,尼崎,佐用,,,自動取得不可
JR西日本,尼崎,上月,,,自動取得不可
JR西日本,立花,甲子園口,,,自動取得不可
JR西日本,立花,西宮,,,自動取得不可
JR西日本,立花,さくら夙川,,,自動取得不可
JR西日本,立花,芦屋,,,自動取得不可
JR西日本,立花,甲南山手,,,自動取得不可
JR西日本,立花,摂津本山,,,自動取得不可
JR西日本,立花,住吉,,,自動取得不可
JR西日本,立花,六甲道,,,自動取得不可
JR西日本,立花,摩耶,,,自動取得不可
JR西日本,立花,灘,,,自動取得不可
JR西日本,立花,三ノ宮,,,自動取得不可
JR西日本,立花,元町,,,自動取得不可
JR西日本,立花,神戸,,,自動取得不可
JR西日本,立花,兵庫,,,自動取得不可
JR西日本,立花,新長田,,,自動取得不可
JR西日本,立花,鷹取,,,自動取得不可
JR西日本,立花,須磨海浜公園,,,自動取得不可
JR西日本,立花,須磨,,,自動取得不可
JR西日本,立花,塩屋,,,自動取得不可
JR西日本,立花,垂水,,,自動取得不可
JR西日本,立花,舞子,,,自動取得不可
JR西日本,立花,朝霧,,,自動取得不可
JR西日本,立花,明石,,,自動取得不可
JR西日本,立花,西明石,,,自動取得不可
JR西日本,立花,大久保,,,自動取得不可
JR西日本,立花,魚住,,,自動取得不可
JR西日本,立花,土山,,,自動取得不可
JR西日本,立花,東加古川,,,自動取得不可
JR西日本,立花,加古川,,,自動取得不可
JR西日本,立花,宝殿,,,自動取得不可
JR西日本,立花,曽根,,,自動取得不可
JR西日本,立花,ひめじ別所,,,自動取得不可
JR西日本,立花,御着,,,自動取得不可
JR西日本,立花,東姫路,,,自動取得不可
JR西日本,立花,姫路,,,自動取得不可
JR西日本,立花,塚口,,,自動取得不可
JR西日本,立花,猪名寺,,,自動取得不可
JR西日本,立花,伊丹,,,自動取得不可
JR西日本,立花,北伊丹,,,自動取得不可
JR西日本,立花,川西池田,,,自動取得不可
JR西日本,立花,中山寺,,,自動取得不可
JR西日本,立花,宝塚,,,自動取得不可
JR西日本,立花,生瀬,,,自動取得不可
JR西日本,立花,西宮名塩,,,自動取得不可
JR西日本,立花,武田尾,,,自動取得不可
JR西日本,立花,道場,,,自動取得不可
JR西日本,立花,三田,,,自動取得不可
JR西日本,立花,新三田,,,自動取得不可
JR西日本,立花,広野,,,自動取得不可
JR西日本,立花,相野,,,自動取得不可
JR西日本,立花,藍本,,,自動取得不可
JR西日本,立花,草野,,,自動取得不可
JR西日本,立花,古市,,,自動取得不可
JR西日本,立花,南矢代,,,自動取得不可
JR西日本,立花,篠山口,,,自動取得不可
JR西日本,立花,相生,,,自動取得不可
JR西日本,立花,西相生,,,自動取得不可
JR西日本,立花,坂越,,,自動取得不可
JR西日本,立花,播州赤穂,,,自動取得不可
JR西日本,立花,天和,,,自動取得不可
JR西日本,立花,備前福河,,,自動取得不可
JR西日本,立花,日岡,,,自動取得不可
JR西日本,立花,神野,,,自動取得不可
JR西日本,立花,厄神,,,自動取得不可
JR西日本,立花,市場,,,自動取得不可
JR西日本,立花,小野町,,,自動取得不可
JR西日本,立花,粟生,,,自動取得不可
JR西日本,立花,河合西,,,自動取得不可
JR西日本,立花,青野ケ原,,,自動取得不可
JR西日本,立花,社町,,,自動取得不可
JR西日本,立花,滝野,,,自動取得不可
JR西日本,立花,滝,,,自動取得不可
JR西日本,立花,西脇市,,,自動取得不可
JR西日本,立花,新西脇,,,自動取得不可
JR西日本,立花,比延,,,自動取得不可
JR西日本,立花,日本へそ公園,,,自動取得不可
JR西日本,立花,黒田庄,,,自動取得不可
JR西日本,立花,本黒田,,,自動取得不可
JR西日本,立花,船町口,,,自動取得不可
JR西日本,立花,久下村,,,自動取得不可
JR西日本,立花,谷川,,,自動取得不可
JR西日本,立花,京口,,,自動取得不可
JR西日本,立花,野里,,,自動取得不可
JR西日本,立花,砥堀,,,自動取得不可
JR西日本,立花,仁豊野,,,自動取得不可
JR西日本,立花,香呂,,,自動取得不可
JR西日本,立花,溝口,,,自動取得不可
JR西日本,立花,福崎,,,自動取得不可
JR西日本,立花,甘地,,,自動取得不可
JR西日本,立花,鶴居,,,自動取得不可
JR西日本,立花,新野,,,自動取得不可
JR西日本,立花,寺前,,,自動取得不可
JR西日本,立花,長谷,,,自動取得不可
JR西日本,立花,生野,,,自動取得不可
JR西日本,立花,新井,,,自動取得不可
JR西日本,立花,青倉,,,自動取得不可
JR西日本,立花,竹田,,,自動取得不可
JR西日本,立花,和田山,,,自動取得不可
JR西日本,立花,播磨高岡,,,自動取得不可
JR西日本,立花,余部,,,自動取得不可
JR西日本,立花,太市,,,自動取得不可
JR西日本,立花,本竜野,,,自動取得不可
JR西日本,立花,東觜崎,,,自動取得不可
JR西日本,立花,播磨新宮,,,自動取得不可
JR西日本,立花,千本,,,自動取得不可
JR西日本,立花,西栗栖,,,自動取得不可
JR西日本,立花,三日月,,,自動取得不可
JR西日本,立花,播磨徳久,,,自動取得不可
JR西日本,立花,佐用,,,自動取得不可
JR西日本,立花,上月,,,自動取得不可
JR西日本,甲子園口,西宮,,,自動取得不可
JR西日本,甲子園口,さくら夙川,,,自動取得不可
JR西日本,甲子園口,芦屋,,,自動取得不可
JR西日本,甲子園口,甲南山手,,,自動取得不可
JR西日本,甲子園口,摂津本山,,,自動取得不可
JR西日本,甲子園口,住吉,,,自動取得不可
JR西日本,甲子園口,六甲道,,,自動取得不可
JR西日本,甲子園口,摩耶,,,自動取得不可
JR西日本,甲子園口,灘,,,自動取得不可
JR西日本,甲子園口,三ノ宮,,,自動取得不可
JR西日本,甲子園口,元町,,,自動取得不可
JR西日本,甲子園口,神戸,,,自動取得不可
JR西日本,甲子園口,兵庫,,,自動取得不可
JR西日本,甲子園口,新長田,,,自動取得不可
JR西日本,甲子園口,鷹取,,,自動取得不可
JR西日本,甲子園口,須磨海浜公園,,,自動取得不可
JR西日本,甲子園口,須磨,,,自動取得不可
JR西日本,甲子園口,塩屋,,,自動取得不可
JR西日本,甲子園口,垂水,,,自動取得不可
JR西日本,甲子園口,舞子,,,自動取得不可
JR西日本,甲子園口,朝霧,,,自動取得不可
JR西日本,甲子園口,明石,,,自動取得不可
JR西日本,甲子園口,西明石,,,自動取得不可
JR西日本,甲子園口,大久保,,,自動取得不可
JR西日本,甲子園口,魚住,,,自動取得不可
JR西日本,甲子園口,土山,,,自動取得不可
JR西日本,甲子園口,東加古川,,,自動取得不可
JR西日本,甲子園口,加古川,,,自動取得不可
JR西日本,甲子園口,宝殿,,,自動取得不可
JR西日本,甲子園口,曽根,,,自動取得不可
JR西日本,甲子園口,ひめじ別所,,,自動取得不可
JR西日本,甲子園口,御着,,,自動取得不可
JR西日本,甲子園口,東姫路,,,自動取得不可
JR西日本,甲子園口,姫路,,,自動取得不可
JR西日本,甲子園口,塚口,,,自動取得不可
JR西日本,甲子園口,猪名寺,,,自動取得不可
JR西日本,甲子園口,伊丹,,,自動取得不可
JR西日本,甲子園口,北伊丹,,,自動取得不可
JR西日本,甲子園口,川西池田,,,自動取得不可
JR西日本,甲子園口,中山寺,,,自動取得不可
JR西日本,甲子園口,宝塚,,,自動取得不可
JR西日本,甲子園口,生瀬,,,自動取得不可
JR西日本,甲子園口,西宮名塩,,,自動取得不可
JR西日本,甲子園口,武田尾,,,自動取得不可
JR西日本,甲子園口,道場,,,自動取得不可
JR西日本,甲子園口,三田,,,自動取得不可
JR西日本,甲子園口,新三田,,,自動取得不可
JR西日本,甲子園口,広野,,,自動取得不可
JR西日本,甲子園口,相野,,,自動取得不可
JR西日本,甲子園口,藍本,,,自動取得不可
JR西日本,甲子園口,草野,,,自動取得不可
JR西日本,甲子園口,古市,,,自動取得不可
JR西日本,甲子園口,南矢代,,,自動取得不可
JR西日本,甲子園口,篠山口,,,自動取得不可
JR西日本,甲子園口,相生,,,自動取得不可
JR西日本,甲子園口,西相生,,,自動取得不可
JR西日本,甲子園口,坂越,,,自動取得不可
JR西日本,甲子園口,播州赤穂,,,自動取得不可
JR西日本,甲子園口,天和,,,自動取得不可
JR西日本,甲子園口,備前福河,,,自動取得不可
JR西日本,甲子園口,日岡,,,自動取得不可
JR西日本,甲子園口,神野,,,自動取得不可
JR西日本,甲子園口,厄神,,,自動取得不可
JR西日本,甲子園口,市場,,,自動取得不可
JR西日本,甲子園口,小野町,,,自動取得不可
JR西日本,甲子園口,粟生,,,自動取得不可
JR西日本,甲子園口,河合西,,,自動取得不可
JR西日本,甲子園口,青野ケ原,,,自動取得不可
JR西日本,甲子園口,社町,,,自動取得不可
JR西日本,甲子園口,滝野,,,自動取得不可
JR西日本,甲子園口,滝,,,自動取得不可
JR西日本,甲子園口,西脇市,,,自動取得不可
JR西日本,甲子園口,新西脇,,,自動取得不可
JR西日本,甲子園口,比延,,,自動取得不可
JR西日本,甲子園口,日本へそ公園,,,自動取得不可
JR西日本,甲子園口,黒田庄,,,自動取得不可
JR西日本,甲子園口,本黒田,,,自動取得不可
JR西日本,甲子園口,船町口,,,自動取得不可
JR西日本,甲子園口,久下村,,,自動取得不可
JR西日本,甲子園口,谷川,,,自動取得不可
JR西日本,甲子園口,京口,,,自動取得不可
JR西日本,甲子園口,野里,,,自動取得不可
JR西日本,甲子園口,砥堀,,,自動取得不可
JR西日本,甲子園口,仁豊野,,,自動取得不可
JR西日本,甲子園口,香呂,,,自動取得不可
JR西日本,甲子園口,溝口,,,自動取得不可
JR西日本,甲子園口,福崎,,,自動取得不可
JR西日本,甲子園口,甘地,,,自動取得不可
JR西日本,甲子園口,鶴居,,,自動取得不可
JR西日本,甲子園口,新野,,,自動取得不可
JR西日本,甲子園口,寺前,,,自動取得不可
JR西日本,甲子園口,長谷,,,自動取得不可
JR西日本,甲子園口,生野,,,自動取得不可
JR西日本,甲子園口,新井,,,自動取得不可
JR西日本,甲子園口,青倉,,,自動取得不可
JR西日本,甲子園口,竹田,,,自動取得不可
JR西日本,甲子園口,和田山,,,自動取得不可
JR西日本,甲子園口,播磨高岡,,,自動取得不可
JR西日本,甲子園口,余部,,,自動取得不可
JR西日本,甲子園口,太市,,,自動取得不可
JR西日本,甲子園口,本竜野,,,自動取得不可
JR西日本,甲子園口,東觜崎,,,自動取得不可
JR西日本,甲子園口,播磨新宮,,,自動取得不可
JR西日本,甲子園口,千本,,,自動取得不可
JR西日本,甲子園口,西栗栖,,,自動取得不可
JR西日本,甲子園口,三日月,,,自動取得不可
JR西日本,甲子園口,播磨徳久,,,自動取得不可
JR西日本,甲子園口,佐用,,,自動取得不可
JR西日本,甲子園口,上月,,,自動取得不可
JR西日本,西宮,さくら夙川,,,自動取得不可
JR西日本,西宮,芦屋,,,自動取得不可
JR西日本,西宮,甲南山手,,,自動取得不可
JR西日本,西宮,摂津本山,,,自動取得不可
JR西日本,西宮,住吉,,,自動取得不可
JR西日本,西宮,六甲道,,,自動取得不可
JR西日本,西宮,摩耶,,,自動取得不可
JR西日本,西宮,灘,,,自動取得不可
JR西日本,西宮,三ノ宮,,,自動取得不可
JR西日本,西宮,元町,,,自動取得不可
JR西日本,西宮,神戸,,,自動取得不可
JR西日本,西宮,兵庫,,,自動取得不可
JR西日本,西宮,新長田,,,自動取得不可
JR西日本,西宮,鷹取,,,自動取得不可
JR西日本,西宮,須磨海浜公園,,,自動取得不可
JR西日本,西宮,須磨,,,自動取得不可
JR西日本,西宮,塩屋,,,自動取得不可
JR西日本,西宮,垂水,,,自動取得不可
JR西日本,西宮,舞子,,,自動取得不可
JR西日本,西宮,朝霧,,,自動取得不可
JR西日本,西宮,明石,,,自動取得不可
JR西日本,西宮,西明石,,,自動取得不可
JR西日本,西宮,大久保,,,自動取得不可
JR西日本,西宮,魚住,,,自動取得不可
JR西日本,西宮,土山,,,自動取得不可
JR西日本,西宮,東加古川,,,自動取得不可
JR西日本,西宮,加古川,,,自動取得不可
JR西日本,西宮,宝殿,,,自動取得不可
JR西日本,西宮,曽根,,,自動取得不可
JR西日本,西宮,ひめじ別所,,,自動取得不可
JR西日本,西宮,御着,,,自動取得不可
JR西日本,西宮,東姫路,,,自動取得不可
JR西日本,西宮,姫路,,,自動取得不可
JR西日本,西宮,塚口,,,自動取得不可
JR西日本,西宮,猪名寺,,,自動取得不可
JR西日本,西宮,伊丹,,,自動取得不可
JR西日本,西宮,北伊丹,,,自動取得不可
JR西日本,西宮,川西池田,,,自動取得不可
JR西日本,西宮,中山寺,,,自動取得不可
JR西日本,西宮,宝塚,,,自動取得不可
JR西日本,西宮,生瀬,,,自動取得不可
JR西日本,西宮,西宮名塩,,,自動取得不可
JR西日本,西宮,武田尾,,,自動取得不可
JR西日本,西宮,道場,,,自動取得不可
JR西日本,西宮,三田,,,自動取得不可
JR西日本,西宮,新三田,,,自動取得不可
JR西日本,西宮,広野,,,自動取得不可
JR西日本,西宮,相野,,,自動取得不可
JR西日本,西宮,藍本,,,自動取得不可
JR西日本,西宮,草野,,,自動取得不可
JR西日本,西宮,古市,,,自動取得不可
JR西日本,西宮,南矢代,,,自動取得不可
JR西日本,西宮,篠山口,,,自動取得不可
JR西日本,西宮,相生,,,自動取得不可
JR西日本,西宮,西相生,,,自動取得不可
JR西日本,西宮,坂越,,,自動取得不可
JR西日本,西宮,播州赤穂,,,自動取得不可
JR西日本,西宮,天和,,,自動取得不可
JR西日本,西宮,備前福河,,,自動取得不可
JR西日本,西宮,日岡,,,自動取得不可
JR西日本,西宮,神野,,,自動取得不可
JR西日本,西宮,厄神,,,自動取得不可
JR西日本,西宮,市場,,,自動取得不可
JR西日本,西宮,小野町,,,自動取得不可
JR西日本,西宮,粟生,,,自動取得不可
JR西日本,西宮,河合西,,,自動取得不可
JR西日本,西宮,青野ケ原,,,自動取得不可
JR西日本,西宮,社町,,,自動取得不可
JR西日本,西宮,滝野,,,自動取得不可
JR西日本,西宮,滝,,,自動取得不可
JR西日本,西宮,西脇市,,,自動取得不可
JR西日本,西宮,新西脇,,,自動取得不可
JR西日本,西宮,比延,,,自動取得不可
JR西日本,西宮,日本へそ公園,,,自動取得不可
JR西日本,西宮,黒田庄,,,自動取得不可
JR西日本,西宮,本黒田,,,自動取得不可
JR西日本,西宮,船町口,,,自動取得不可
JR西日本,西宮,久下村,,,自動取得不可
JR西日本,西宮,谷川,,,自動取得不可
JR西日本,西宮,京口,,,自動取得不可
JR西日本,西宮,野里,,,自動取得不可
JR西日本,西宮,砥堀,,,自動取得不可
JR西日本,西宮,仁豊野,,,自動取得不可
JR西日本,西宮,香呂,,,自動取得不可
JR西日本,西宮,溝口,,,自動取得不可
JR西日本,西宮,福崎,,,自動取得不可
JR西日本,西宮,甘地,,,自動取得不可
JR西日本,西宮,鶴居,,,自動取得不可
JR西日本,西宮,新野,,,自動取得不可
JR西日本,西宮,寺前,,,自動取得不可
JR西日本,西宮,長谷,,,自動取得不可
JR西日本,西宮,生野,,,自動取得不可
JR西日本,西宮,新井,,,自動取得不可
JR西日本,西宮,青倉,,,自動取得不可
JR西日本,西宮,竹田,,,自動取得不可
JR西日本,西宮,和田山,,,自動取得不可
JR西日本,西宮,播磨高岡,,,自動取得不可
JR西日本,西宮,余部,,,自動取得不可
JR西日本,西宮,太市,,,自動取得不可
JR西日本,西宮,本竜野,,,自動取得不可
JR西日本,西宮,東觜崎,,,自動取得不可
JR西日本,西宮,播磨新宮,,,自動取得不可
JR西日本,西宮,千本,,,自動取得不可
JR西日本,西宮,西栗栖,,,自動取得不可
JR西日本,西宮,三日月,,,自動取得不可
JR西日本,西宮,播磨徳久,,,自動取得不可
JR西日本,西宮,佐用,,,自動取得不可
JR西日本,西宮,上月,,,自動取得不可
JR西日本,さくら夙川,芦屋,,,自動取得不可
JR西日本,さくら夙川,甲南山手,,,自動取得不可
JR西日本,さくら夙川,摂津本山,,,自動取得不可
JR西日本,さくら夙川,住吉,,,自動取得不可
JR西日本,さくら夙川,六甲道,,,自動取得不可
JR西日本,さくら夙川,摩耶,,,自動取得不可
JR西日本,さくら夙川,灘,,,自動取得不可
JR西日本,さくら夙川,三ノ宮,,,自動取得不可
JR西日本,さくら夙川,元町,,,自動取得不可
JR西日本,さくら夙川,神戸,,,自動取得不可
JR西日本,さくら夙川,兵庫,,,自動取得不可
JR西日本,さくら夙川,新長田,,,自動取得不可
JR西日本,さくら夙川,鷹取,,,自動取得不可
JR西日本,さくら夙川,須磨海浜公園,,,自動取得不可
JR西日本,さくら夙川,須磨,,,自動取得不可
JR西日本,さくら夙川,塩屋,,,自動取得不可
JR西日本,さくら夙川,垂水,,,自動取得不可
JR西日本,さくら夙川,舞子,,,自動取得不可
JR西日本,さくら夙川,朝霧,,,自動取得不可
JR西日本,さくら夙川,明石,,,自動取得不可
JR西日本,さくら夙川,西明石,,,自動取得不可
JR西日本,さくら夙川,大久保,,,自動取得不可
JR西日本,さくら夙川,魚住,,,自動取得不可
JR西日本,さくら夙川,土山,,,自動取得不可
JR西日本,さくら夙川,東加古川,,,自動取得不可
JR西日本,さくら夙川,加古川,,,自動取得不可
JR西日本,さくら夙川,宝殿,,,自動取得不可
JR西日本,さくら夙川,曽根,,,自動取得不可
JR西日本,さくら夙川,ひめじ別所,,,自動取得不可
JR西日本,さくら夙川,御着,,,自動取得不可
JR西日本,さくら夙川,東姫路,,,自動取得不可
JR西日本,さくら夙川,姫路,,,自動取得不可
JR西日本,さくら夙川,塚口,,,自動取得不可
JR西日本,さくら夙川,猪名寺,,,自動取得不可
JR西日本,さくら夙川,伊丹,,,自動取得不可
JR西日本,さくら夙川,北伊丹,,,自動取得不可
JR西日本,さくら夙川,川西池田,,,自動取得不可
JR西日本,さくら夙川,中山寺,,,自動取得不可
JR西日本,さくら夙川,宝塚,,,自動取得不可
JR西日本,さくら夙川,生瀬,,,自動取得不可
JR西日本,さくら夙川,西宮名塩,,,自動取得不可
JR西日本,さくら夙川,武田尾,,,自動取得不可
JR西日本,さくら夙川,道場,,,自動取得不可
JR西日本,さくら夙川,三田,,,自動取得不可
JR西日本,さくら夙川,新三田,,,自動取得不可
JR西日本,さくら夙川,広野,,,自動取得不可
JR西日本,さくら夙川,相野,,,自動取得不可
JR西日本,さくら夙川,藍本,,,自動取得不可
JR西日本,さくら夙川,草野,,,自動取得不可
JR西日本,さくら夙川,古市,,,自動取得不可
JR西日本,さくら夙川,南矢代,,,自動取得不可
JR西日本,さくら夙川,篠山口,,,自動取得不可
JR西日本,さくら夙川,相生,,,自動取得不可
JR西日本,さくら夙川,西相生,,,自動取得不可
JR西日本,さくら夙川,坂越,,,自動取得不可
JR西日本,さくら夙川,播州赤穂,,,自動取得不可
JR西日本,さくら夙川,天和,,,自動取得不可
JR西日本,さくら夙川,備前福河,,,自動取得不可
JR西日本,さくら夙川,日岡,,,自動取得不可
JR西日本,さくら夙川,神野,,,自動取得不可
JR西日本,さくら夙川,厄神,,,自動取得不可
JR西日本,さくら夙川,市場,,,自動取得不可
JR西日本,さくら夙川,小野町,,,自動取得不可
JR西日本,さくら夙川,粟生,,,自動取得不可
JR西日本,さくら夙川,河合西,,,自動取得不可
JR西日本,さくら夙川,青野ケ原,,,自動取得不可
JR西日本,さくら夙川,社町,,,自動取得不可
JR西日本,さくら夙川,滝野,,,自動取得不可
JR西日本,さくら夙川,滝,,,自動取得不可
JR西日本,さくら夙川,西脇市,,,自動取得不可
JR西日本,さくら夙川,新西脇,,,自動取得不可
JR西日本,さくら夙川,比延,,,自動取得不可
JR西日本,さくら夙川,日本へそ公園,,,自動取得不可
JR西日本,さくら夙川,黒田庄,,,自動取得不可
JR西日本,さくら夙川,本黒田,,,自動取得不可
JR西日本,さくら夙川,船町口,,,自動取得不可
JR西日本,さくら夙川,久下村,,,自動取得不可
JR西日本,さくら夙川,谷川,,,自動取得不可
JR西日本,さくら夙川,京口,,,自動取得不可
JR西日本,さくら夙川,野里,,,自動取得不可
JR西日本,さくら夙川,砥堀,,,自動取得不可
JR西日本,さくら夙川,仁豊野,,,自動取得不可
JR西日本,さくら夙川,香呂,,,自動取得不可
JR西日本,さくら夙川,溝口,,,自動取得不可
JR西日本,さくら夙川,福崎,,,自動取得不可
JR西日本,さくら夙川,甘地,,,自動取得不可
JR西日本,さくら夙川,鶴居,,,自動取得不可
JR西日本,さくら夙川,新野,,,自動取得不可
JR西日本,さくら夙川,寺前,,,自動取得不可
JR西日本,さくら夙川,長谷,,,自動取得不可
JR西日本,さくら夙川,生野,,,自動取得不可
JR西日本,さくら夙川,新井,,,自動取得不可
JR西日本,さくら夙川,青倉,,,自動取得不可
JR西日本,さくら夙川,竹田,,,自動取得不可
JR西日本,さくら夙川,和田山,,,自動取得不可
JR西日本,さくら夙川,播磨高岡,,,自動取得不可
JR西日本,さくら夙川,余部,,,自動取得不可
JR西日本,さくら夙川,太市,,,自動取得不可
JR西日本,さくら夙川,本竜野,,,自動取得不可
JR西日本,さくら夙川,東觜崎,,,自動取得不可
JR西日本,さくら夙川,播磨新宮,,,自動取得不可
JR西日本,さくら夙川,千本,,,自動取得不可
JR西日本,さくら夙川,西栗栖,,,自動取得不可
JR西日本,さくら夙川,三日月,,,自動取得不可
JR西日本,さくら夙川,播磨徳久,,,自動取得不可
JR西日本,さくら夙川,佐用,,,自動取得不可
JR西日本,さくら夙川,上月,,,自動取得不可
JR西日本,芦屋,甲南山手,,,自動取得不可
JR西日本,芦屋,摂津本山,,,自動取得不可
JR西日本,芦屋,住吉,,,自動取得不可
JR西日本,芦屋,六甲道,,,自動取得不可
JR西日本,芦屋,摩耶,,,自動取得不可
JR西日本,芦屋,灘,,,自動取得不可
JR西日本,芦屋,三ノ宮,,,自動取得不可
JR西日本,芦屋,元町,,,自動取得不可
JR西日本,芦屋,神戸,,,自動取得不可
JR西日本,芦屋,兵庫,,,自動取得不可
JR西日本,芦屋,新長田,,,自動取得不可
JR西日本,芦屋,鷹取,,,自動取得不可
JR西日本,芦屋,須磨海浜公園,,,自動取得不可
JR西日本,芦屋,須磨,,,自動取得不可
JR西日本,芦屋,塩屋,,,自動取得不可
JR西日本,芦屋,垂水,,,自動取得不可
JR西日本,芦屋,舞子,,,自動取得不可
JR西日本,芦屋,朝霧,,,自動取得不可
JR西日本,芦屋,明石,,,自動取得不可
JR西日本,芦屋,西明石,,,自動取得不可
JR西日本,芦屋,大久保,,,自動取得不可
JR西日本,芦屋,魚住,,,自動取得不可
JR西日本,芦屋,土山,,,自動取得不可
JR西日本,芦屋,東加古川,,,自動取得不可
JR西日本,芦屋,加古川,,,自動取得不可
JR西日本,芦屋,宝殿,,,自動取得不可
JR西日本,芦屋,曽根,,,自動取得不可
JR西日本,芦屋,ひめじ別所,,,自動取得不可
JR西日本,芦屋,御着,,,自動取得不可
JR西日本,芦屋,東姫路,,,自動取得不可
JR西日本,芦屋,姫路,,,自動取得不可
JR西日本,芦屋,塚口,,,自動取得不可
JR西日本,芦屋,猪名寺,,,自動取得不可
JR西日本,芦屋,伊丹,,,自動取得不可
JR西日本,芦屋,北伊丹,,,自動取得不可
JR西日本,芦屋,川西池田,,,自動取得不可
JR西日本,芦屋,中山寺,,,自動取得不可
JR西日本,芦屋,宝塚,,,自動取得不可
JR西日本,芦屋,生瀬,,,自動取得不可
JR西日本,芦屋,西宮名塩,,,自動取得不可
JR西日本,芦屋,武田尾,,,自動取得不可
JR西日本,芦屋,道場,,,自動取得不可
JR西日本,芦屋,三田,,,自動取得不可
JR西日本,芦屋,新三田,,,自動取得不可
JR西日本,芦屋,広野,,,自動取得不可
JR西日本,芦屋,相野,,,自動取得不可
JR西日本,芦屋,藍本,,,自動取得不可
JR西日本,芦屋,草野,,,自動取得不可
JR西日本,芦屋,古市,,,自動取得不可
JR西日本,芦屋,南矢代,,,自動取得不可
JR西日本,芦屋,篠山口,,,自動取得不可
JR西日本,芦屋,相生,,,自動取得不可
JR西日本,芦屋,西相生,,,自動取得不可
JR西日本,芦屋,坂越,,,自動取得不可
JR西日本,芦屋,播州赤穂,,,自動取得不可
JR西日本,芦屋,天和,,,自動取得不可
JR西日本,芦屋,備前福河,,,自動取得不可
JR西日本,芦屋,日岡,,,自動取得不可
JR西日本,芦屋,神野,,,自動取得不可
JR西日本,芦屋,厄神,,,自動取得不可
JR西日本,芦屋,市場,,,自動取得不可
JR西日本,芦屋,小野町,,,自動取得不可
JR西日本,芦屋,粟生,,,自動取得不可
JR西日本,芦屋,河合西,,,自動取得不可
JR西日本,芦屋,青野ケ原,,,自動取得不可
JR西日本,芦屋,社町,,,自動取得不可
JR西日本,芦屋,滝野,,,自動取得不可
JR西日本,芦屋,滝,,,自動取得不可
JR西日本,芦屋,西脇市,,,自動取得不可
JR西日本,芦屋,新西脇,,,自動取得不可
JR西日本,芦屋,比延,,,自動取得不可
JR西日本,芦屋,日本へそ公園,,,自動取得不可
JR西日本,芦屋,黒田庄,,,自動取得不可
JR西日本,芦屋,本黒田,,,自動取得不可
JR西日本,芦屋,船町口,,,自動取得不可
JR西日本,芦屋,久下村,,,自動取得不可
JR西日本,芦屋,谷川,,,自動取得不可
JR西日本,芦屋,京口,,,自動取得不可
JR西日本,芦屋,野里,,,自動取得不可
JR西日本,芦屋,砥堀,,,自動取得不可
JR西日本,芦屋,仁豊野,,,自動取得不可
JR西日本,芦屋,香呂,,,自動取得不可
JR西日本,芦屋,溝口,,,自動取得不可
JR西日本,芦屋,福崎,,,自動取得不可
JR西日本,芦屋,甘地,,,自動取得不可
JR西日本,芦屋,鶴居,,,自動取得不可
JR西日本,芦屋,新野,,,自動取得不可
JR西日本,芦屋,寺前,,,自動取得不可
JR西日本,芦屋,長谷,,,自動取得不可
JR西日本,芦屋,生野,,,自動取得不可
JR西日本,芦屋,新井,,,自動取得不可
JR西日本,芦屋,青倉,,,自動取得不可
JR西日本,芦屋,竹田,,,自動取得不可
JR西日本,芦屋,和田山,,,自動取得不可
JR西日本,芦屋,播磨高岡,,,自動取得不可
JR西日本,芦屋,余部,,,自動取得不可
JR西日本,芦屋,太市,,,自動取得不可
JR西日本,芦屋,本竜野,,,自動取得不可
JR西日本,芦屋,東觜崎,,,自動取得不可
JR西日本,芦屋,播磨新宮,,,自動取得不可
JR西日本,芦屋,千本,,,自動取得不可
JR西日本,芦屋,西栗栖,,,自動取得不可
JR西日本,芦屋,三日月,,,自動取得不可
JR西日本,芦屋,播磨徳久,,,自動取得不可
JR西日本,芦屋,佐用,,,自動取得不可
JR西日本,芦屋,上月,,,自動取得不可
JR西日本,甲南山手,摂津本山,,,自動取得不可
JR西日本,甲南山手,住吉,,,自動取得不可
JR西日本,甲南山手,六甲道,,,自動取得不可
JR西日本,甲南山手,摩耶,,,自動取得不可
JR西日本,甲南山手,灘,,,自動取得不可
JR西日本,甲南山手,三ノ宮,,,自動取得不可
JR西日本,甲南山手,元町,,,自動取得不可
JR西日本,甲南山手,神戸,,,自動取得不可
JR西日本,甲南山手,兵庫,,,自動取得不可
JR西日本,甲南山手,新長田,,,自動取得不可
JR西日本,甲南山手,鷹取,,,自動取得不可
JR西日本,甲南山手,須磨海浜公園,,,自動取得不可
JR西日本,甲南山手,須磨,,,自動取得不可
JR西日本,甲南山手,塩屋,,,自動取得不可
JR西日本,甲南山手,垂水,,,自動取得不可
JR西日本,甲南山手,舞子,,,自動取得不可
JR西日本,甲南山手,朝霧,,,自動取得不可
JR西日本,甲南山手,明石,,,自動取得不可
JR西日本,甲南山手,西明石,,,自動取得不可
JR西日本,甲南山手,大久保,,,自動取得不可
JR西日本,甲南山手,魚住,,,自動取得不可
JR西日本,甲南山手,土山,,,自動取得不可
JR西日本,甲南山手,東加古川,,,自動取得不可
JR西日本,甲南山手,加古川,,,自動取得不可
JR西日本,甲南山手,宝殿,,,自動取得不可
JR西日本,甲南山手,曽根,,,自動取得不可
JR西日本,甲南山手,ひめじ別所,,,自動取得不可
JR西日本,甲南山手,御着,,,自動取得不可
JR西日本,甲南山手,東姫路,,,自動取得不可
JR西日本,甲南山手,姫路,,,自動取得不可
JR西日本,甲南山手,塚口,,,自動取得不可
JR西日本,甲南山手,猪名寺,,,自動取得不可
JR西日本,甲南山手,伊丹,,,自動取得不可
JR西日本,甲南山手,北伊丹,,,自動取得不可
JR西日本,甲南山手,川西池田,,,自動取得不可
JR西日本,甲南山手,中山寺,,,自動取得不可
JR西日本,甲南山手,宝塚,,,自動取得不可
JR西日本,甲南山手,生瀬,,,自動取得不可
JR西日本,甲南山手,西宮名塩,,,自動取得不可
JR西日本,甲南山手,武田尾,,,自動取得不可
JR西日本,甲南山手,道場,,,自動取得不可
JR西日本,甲南山手,三田,,,自動取得不可
JR西日本,甲南山手,新三田,,,自動取得不可
JR西日本,甲南山手,広野,,,自動取得不可
JR西日本,甲南山手,相野,,,自動取得不可
JR西日本,甲南山手,藍本,,,自動取得不可
JR西日本,甲南山手,草野,,,自動取得不可
JR西日本,甲南山手,古市,,,自動取得不可
JR西日本,甲南山手,南矢代,,,自動取得不可
JR西日本,甲南山手,篠山口,,,自動取得不可
JR西日本,甲南山手,相生,,,自動取得不可
JR西日本,甲南山手,西相生,,,自動取得不可
JR西日本,甲南山手,坂越,,,自動取得不可
JR西日本,甲南山手,播州赤穂,,,自動取得不可
JR西日本,甲南山手,天和,,,自動取得不可
JR西日本,甲南山手,備前福河,,,自動取得不可
JR西日本,甲南山手,日岡,,,自動取得不可
JR西日本,甲南山手,神野,,,自動取得不可
JR西日本,甲南山手,厄神,,,自動取得不可
JR西日本,甲南山手,市場,,,自動取得不可
JR西日本,甲南山手,小野町,,,自動取得不可
JR西日本,甲南山手,粟生,,,自動取得不可
JR西日本,甲南山手,河合西,,,自動取得不可
JR西日本,甲南山手,青野ケ原,,,自動取得不可
JR西日本,甲南山手,社町,,,自動取得不可
JR西日本,甲南山手,滝野,,,自動取得不可
JR西日本,甲南山手,滝,,,自動取得不可
JR西日本,甲南山手,西脇市,,,自動取得不可
JR西日本,甲南山手,新西脇,,,自動取得不可
JR西日本,甲南山手,比延,,,自動取得不可
JR西日本,甲南山手,日本へそ公園,,,自動取得不可
JR西日本,甲南山手,黒田庄,,,自動取得不可
JR西日本,甲南山手,本黒田,,,自動取得不可
JR西日本,甲南山手,船町口,,,自動取得不可
JR西日本,甲南山手,久下村,,,自動取得不可
JR西日本,甲南山手,谷川,,,自動取得不可
JR西日本,甲南山手,京口,,,自動取得不可
JR西日本,甲南山手,野里,,,自動取得不可
JR西日本,甲南山手,砥堀,,,自動取得不可
JR西日本,甲南山手,仁豊野,,,自動取得不可
JR西日本,甲南山手,香呂,,,自動取得不可
JR西日本,甲南山手,溝口,,,自動取得不可
JR西日本,甲南山手,福崎,,,自動取得不可
JR西日本,甲南山手,甘地,,,自動取得不可
JR西日本,甲南山手,鶴居,,,自動取得不可
JR西日本,甲南山手,新野,,,自動取得不可
JR西日本,甲南山手,寺前,,,自動取得不可
JR西日本,甲南山手,長谷,,,自動取得不可
JR西日本,甲南山手,生野,,,自動取得不可
JR西日本,甲南山手,新井,,,自動取得不可
JR西日本,甲南山手,青倉,,,自動取得不可
JR西日本,甲南山手,竹田,,,自動取得不可
JR西日本,甲南山手,和田山,,,自動取得不可
JR西日本,甲南山手,播磨高岡,,,自動取得不可
JR西日本,甲南山手,余部,,,自動取得不可
JR西日本,甲南山手,太市,,,自動取得不可
JR西日本,甲南山手,本竜野,,,自動取得不可
JR西日本,甲南山手,東觜崎,,,自動取得不可
JR西日本,甲南山手,播磨新宮,,,自動取得不可
JR西日本,甲南山手,千本,,,自動取得不可
JR西日本,甲南山手,西栗栖,,,自動取得不可
JR西日本,甲南山手,三日月,,,自動取得不可
JR西日本,甲南山手,播磨徳久,,,自動取得不可
JR西日本,甲南山手,佐用,,,自動取得不可
JR西日本,甲南山手,上月,,,自動取得不可
JR西日本,摂津本山,住吉,,,自動取得不可
JR西日本,摂津本山,六甲道,,,自動取得不可
JR西日本,摂津本山,摩耶,,,自動取得不可
JR西日本,摂津本山,灘,,,自動取得不可
JR西日本,摂津本山,元町,,,自動取得不可
JR西日本,摂津本山,神戸,,,自動取得不可
JR西日本,摂津本山,兵庫,,,自動取得不可
JR西日本,摂津本山,新長田,,,自動取得不可
JR西日本,摂津本山,鷹取,,,自動取得不可
JR西日本,摂津本山,須磨海浜公園,,,自動取得不可
JR西日本,摂津本山,須磨,,,自動取得不可
JR西日本,摂津本山,塩屋,,,自動取得不可
JR西日本,摂津本山,垂水,,,自動取得不可
JR西日本,摂津本山,舞子,,,自動取得不可
JR西日本,摂津本山,朝霧,,,自動取得不可
JR西日本,摂津本山,西明石,,,自動取得不可
JR西日本,摂津本山,大久保,,,自動取得不可
JR西日本,摂津本山,魚住,,,自動取得不可
JR西日本,摂津本山,土山,,,自動取得不可
JR西日本,摂津本山,東加古川,,,自動取得不可
JR西日本,摂津本山,宝殿,,,自動取得不可
JR西日本,摂津本山,曽根,,,自動取得不可
JR西日本,摂津本山,ひめじ別所,,,自動取得不可
JR西日本,摂津本山,御着,,,自動取得不可
JR西日本,摂津本山,東姫路,,,自動取得不可
JR西日本,摂津本山,塚口,,,自動取得不可
JR西日本,摂津本山,猪名寺,,,自動取得不可
JR西日本,摂津本山,伊丹,,,自動取得不可
JR西日本,摂津本山,北伊丹,,,自動取得不可
JR西日本,摂津本山,川西池田,,,自動取得不可
JR西日本,摂津本山,中山寺,,,自動取得不可
JR西日本,摂津本山,宝塚,,,自動取得不可
JR西日本,摂津本山,生瀬,,,自動取得不可
JR西日本,摂津本山,西宮名塩,,,自動取得不可
JR西日本,摂津本山,武田尾,,,自動取得不可
JR西日本,摂津本山,道場,,,自動取得不可
JR西日本,摂津本山,三田,,,自動取得不可
JR西日本,摂津本山,新三田,,,自動取得不可
JR西日本,摂津本山,広野,,,自動取得不可
JR西日本,摂津本山,相野,,,自動取得不可
JR西日本,摂津本山,藍本,,,自動取得不可
JR西日本,摂津本山,草野,,,自動取得不可
JR西日本,摂津本山,古市,,,自動取得不可
JR西日本,摂津本山,南矢代,,,自動取得不可
JR西日本,摂津本山,篠山口,,,自動取得不可
JR西日本,摂津本山,相生,,,自動取得不可
JR西日本,摂津本山,西相生,,,自動取得不可
JR西日本,摂津本山,坂越,,,自動取得不可
JR西日本,摂津本山,播州赤穂,,,自動取得不可
JR西日本,摂津本山,天和,,,自動取得不可
JR西日本,摂津本山,備前福河,,,自動取得不可
JR西日本,摂津本山,日岡,,,自動取得不可
JR西日本,摂津本山,神野,,,自動取得不可
JR西日本,摂津本山,厄神,,,自動取得不可
JR西日本,摂津本山,市場,,,自動取得不可
JR西日本,摂津本山,小野町,,,自動取得不可
JR西日本,摂津本山,粟生,,,自動取得不可
JR西日本,摂津本山,河合西,,,自動取得不可
JR西日本,摂津本山,青野ケ原,,,自動取得不可
JR西日本,摂津本山,社町,,,自動取得不可
JR西日本,摂津本山,滝野,,,自動取得不可
JR西日本,摂津本山,滝,,,自動取得不可
JR西日本,摂津本山,西脇市,,,自動取得不可
JR西日本,摂津本山,新西脇,,,自動取得不可
JR西日本,摂津本山,比延,,,自動取得不可
JR西日本,摂津本山,日本へそ公園,,,自動取得不可
JR西日本,摂津本山,黒田庄,,,自動取得不可
JR西日本,摂津本山,本黒田,,,自動取得不可
JR西日本,摂津本山,船町口,,,自動取得不可
JR西日本,摂津本山,久下村,,,自動取得不可
JR西日本,摂津本山,谷川,,,自動取得不可
JR西日本,摂津本山,京口,,,自動取得不可
JR西日本,摂津本山,野里,,,自動取得不可
JR西日本,摂津本山,砥堀,,,自動取得不可
JR西日本,摂津本山,仁豊野,,,自動取得不可
JR西日本,摂津本山,香呂,,,自動取得不可
JR西日本,摂津本山,溝口,,,自動取得不可
JR西日本,摂津本山,福崎,,,自動取得不可
JR西日本,摂津本山,甘地,,,自動取得不可
JR西日本,摂津本山,鶴居,,,自動取得不可
JR西日本,摂津本山,新野,,,自動取得不可
JR西日本,摂津本山,寺前,,,自動取得不可
JR西日本,摂津本山,長谷,,,自動取得不可
JR西日本,摂津本山,生野,,,自動取得不可
JR西日本,摂津本山,新井,,,自動取得不可
JR西日本,摂津本山,青倉,,,自動取得不可
JR西日本,摂津本山,竹田,,,自動取得不可
JR西日本,摂津本山,和田山,,,自動取得不可
JR西日本,摂津本山,播磨高岡,,,自動取得不可
JR西日本,摂津本山,余部,,,自動取得不可
JR西日本,摂津本山,太市,,,自動取得不可
JR西日本,摂津本山,本竜野,,,自動取得不可
JR西日本,摂津本山,東觜崎,,,自動取得不可
JR西日本,摂津本山,播磨新宮,,,自動取得不可
JR西日本,摂津本山,千本,,,自動取得不可
JR西日本,摂津本山,西栗栖,,,自動取得不可
JR西日本,摂津本山,三日月,,,自動取得不可
JR西日本,摂津本山,播磨徳久,,,自動取得不可
JR西日本,摂津本山,佐用,,,自動取得不可
JR西日本,摂津本山,上月,,,自動取得不可
JR西日本,住吉,六甲道,,,自動取得不可
JR西日本,住吉,摩耶,,,自動取得不可
JR西日本,住吉,灘,,,自動取得不可
JR西日本,住吉,三ノ宮,,,自動取得不可
JR西日本,住吉,元町,,,自動取得不可
JR西日本,住吉,神戸,,,自動取得不可
JR西日本,住吉,兵庫,,,自動取得不可
JR西日本,住吉,新長田,,,自動取得不可
JR西日本,住吉,鷹取,,,自動取得不可
JR西日本,住吉,須磨海浜公園,,,自動取得不可
JR西日本,住吉,須磨,,,自動取得不可
JR西日本,住吉,塩屋,,,自動取得不可
JR西日本,住吉,垂水,,,自動取得不可
JR西日本,住吉,舞子,,,自動取得不可
JR西日本,住吉,朝霧,,,自動取得不可
JR西日本,住吉,明石,,,自動取得不可
JR西日本,住吉,西明石,,,自動取得不可
JR西日本,住吉,大久保,,,自動取得不可
JR西日本,住吉,魚住,,,自動取得不可
JR西日本,住吉,土山,,,自動取得不可
JR西日本,住吉,東加古川,,,自動取得不可
JR西日本,住吉,加古川,,,自動取得不可
JR西日本,住吉,宝殿,,,自動取得不可
JR西日本,住吉,曽根,,,自動取得不可
JR西日本,住吉,ひめじ別所,,,自動取得不可
JR西日本,住吉,御着,,,自動取得不可
JR西日本,住吉,東姫路,,,自動取得不可
JR西日本,住吉,姫路,,,自動取得不可
JR西日本,住吉,塚口,,,自動取得不可
JR西日本,住吉,猪名寺,,,自動取得不可
JR西日本,住吉,伊丹,,,自動取得不可
JR西日本,住吉,北伊丹,,,自動取得不可
JR西日本,住吉,川西池田,,,自動取得不可
JR西日本,住吉,中山寺,,,自動取得不可
JR西日本,住吉,宝塚,,,自動取得不可
JR西日本,住吉,生瀬,,,自動取得不可
JR西日本,住吉,西宮名塩,,,自動取得不可
JR西日本,住吉,武田尾,,,自動取得不可
JR西日本,住吉,道場,,,自動取得不可
JR西日本,住吉,三田,,,自動取得不可
JR西日本,住吉,新三田,,,自動取得不可
JR西日本,住吉,広野,,,自動取得不可
JR西日本,住吉,相野,,,自動取得不可
JR西日本,住吉,藍本,,,自動取得不可
JR西日本,住吉,草野,,,自動取得不可
JR西日本,住吉,古市,,,自動取得不可
JR西日本,住吉,南矢代,,,自動取得不可
JR西日本,住吉,篠山口,,,自動取得不可
JR西日本,住吉,相生,,,自動取得不可
JR西日本,住吉,西相生,,,自動取得不可
JR西日本,住吉,坂越,,,自動取得不可
JR西日本,住吉,播州赤穂,,,自動取得不可
JR西日本,住吉,天和,,,自動取得不可
JR西日本,住吉,備前福河,,,自動取得不可
JR西日本,住吉,日岡,,,自動取得不可
JR西日本,住吉,神野,,,自動取得不可
JR西日本,住吉,厄神,,,自動取得不可
JR西日本,住吉,市場,,,自動取得不可
JR西日本,住吉,小野町,,,自動取得不可
JR西日本,住吉,粟生,,,自動取得不可
JR西日本,住吉,河合西,,,自動取得不可
JR西日本,住吉,青野ケ原,,,自動取得不可
JR西日本,住吉,社町,,,自動取得不可
JR西日本,住吉,滝野,,,自動取得不可
JR西日本,住吉,滝,,,自動取得不可
JR西日本,住吉,西脇市,,,自動取得不可
JR西日本,住吉,新西脇,,,自動取得不可
JR西日本,住吉,比延,,,自動取得不可
JR西日本,住吉,日本へそ公園,,,自動取得不可
JR西日本,住吉,黒田庄,,,自動取得不可
JR西日本,住吉,本黒田,,,自動取得不可
JR西日本,住吉,船町口,,,自動取得不可
JR西日本,住吉,久下村,,,自動取得不可
JR西日本,住吉,谷川,,,自動取得不可
JR西日本,住吉,京口,,,自動取得不可
JR西日本,住吉,野里,,,自動取得不可
JR西日本,住吉,砥堀,,,自動取得不可
JR西日本,住吉,仁豊野,,,自動取得不可
JR西日本,住吉,香呂,,,自動取得不可
JR西日本,住吉,溝口,,,自動取得不可
JR西日本,住吉,福崎,,,自動取得不可
JR西日本,住吉,甘地,,,自動取得不可
JR西日本,住吉,鶴居,,,自動取得不可
JR西日本,住吉,新野,,,自動取得不可
JR西日本,住吉,寺前,,,自動取得不可
JR西日本,住吉,長谷,,,自動取得不可
JR西日本,住吉,生野,,,自動取得不可
JR西日本,住吉,新井,,,自動取得不可
JR西日本,住吉,青倉,,,自動取得不可
JR西日本,住吉,竹田,,,自動取得不可
JR西日本,住吉,和田山,,,自動取得不可
JR西日本,住吉,播磨高岡,,,自動取得不可
JR西日本,住吉,余部,,,自動取得不可
JR西日本,住吉,太市,,,自動取得不可
JR西日本,住吉,本竜野,,,自動取得不可
JR西日本,住吉,東觜崎,,,自動取得不可
JR西日本,住吉,播磨新宮,,,自動取得不可
JR西日本,住吉,千本,,,自動取得不可
JR西日本,住吉,西栗栖,,,自動取得不可
JR西日本,住吉,三日月,,,自動取得不可
JR西日本,住吉,播磨徳久,,,自動取得不可
JR西日本,住吉,佐用,,,自動取得不可
JR西日本,住吉,上月,,,自動取得不可
JR西日本,六甲道,摩耶,,,自動取得不可
JR西日本,六甲道,灘,,,自動取得不可
JR西日本,六甲道,三ノ宮,,,自動取得不可
JR西日本,六甲道,元町,,,自動取得不可
JR西日本,六甲道,神戸,,,自動取得不可
JR西日本,六甲道,兵庫,,,自動取得不可
JR西日本,六甲道,新長田,,,自動取得不可
JR西日本,六甲道,鷹取,,,自動取得不可
JR西日本,六甲道,須磨海浜公園,,,自動取得不可
JR西日本,六甲道,須磨,,,自動取得不可
JR西日本,六甲道,塩屋,,,自動取得不可
JR西日本,六甲道,垂水,,,自動取得不可
JR西日本,六甲道,舞子,,,自動取得不可
JR西日本,六甲道,朝霧,,,自動取得不可
JR西日本,六甲道,明石,,,自動取得不可
JR西日本,六甲道,西明石,,,自動取得不可
JR西日本,六甲道,大久保,,,自動取得不可
JR西日本,六甲道,魚住,,,自動取得不可
JR西日本,六甲道,土山,,,自動取得不可
JR西日本,六甲道,東加古川,,,自動取得不可
JR西日本,六甲道,加古川,,,自動取得不可
JR西日本,六甲道,宝殿,,,自動取得不可
JR西日本,六甲道,曽根,,,自動取得不可
JR西日本,六甲道,ひめじ別所,,,自動取得不可
JR西日本,六甲道,御着,,,自動取得不可
JR西日本,六甲道,東姫路,,,自動取得不可
JR西日本,六甲道,姫路,,,自動取得不可
JR西日本,六甲道,塚口,,,自動取得不可
JR西日本,六甲道,猪名寺,,,自動取得不可
JR西日本,六甲道,伊丹,,,自動取得不可
JR西日本,六甲道,北伊丹,,,自動取得不可
JR西日本,六甲道,川西池田,,,自動取得不可
JR西日本,六甲道,中山寺,,,自動取得不可
JR西日本,六甲道,宝塚,,,自動取得不可
JR西日本,六甲道,生瀬,,,自動取得不可
JR西日本,六甲道,西宮名塩,,,自動取得不可
JR西日本,六甲道,武田尾,,,自動取得不可
JR西日本,六甲道,道場,,,自動取得不可
JR西日本,六甲道,三田,,,自動取得不可
JR西日本,六甲道,新三田,,,自動取得不可
JR西日本,六甲道,広野,,,自動取得不可
JR西日本,六甲道,相野,,,自動取得不可
JR西日本,六甲道,藍本,,,自動取得不可
JR西日本,六甲道,草野,,,自動取得不可
JR西日本,六甲道,古市,,,自動取得不可
JR西日本,六甲道,南矢代,,,自動取得不可
JR西日本,六甲道,篠山口,,,自動取得不可
JR西日本,六甲道,相生,,,自動取得不可
JR西日本,六甲道,西相生,,,自動取得不可
JR西日本,六甲道,坂越,,,自動取得不可
JR西日本,六甲道,播州赤穂,,,自動取得不可
JR西日本,六甲道,天和,,,自動取得不可
JR西日本,六甲道,備前福河,,,自動取得不可
JR西日本,六甲道,日岡,,,自動取得不可
JR西日本,六甲道,神野,,,自動取得不可
JR西日本,六甲道,厄神,,,自動取得不可
JR西日本,六甲道,市場,,,自動取得不可
JR西日本,六甲道,小野町,,,自動取得不可
JR西日本,六甲道,粟生,,,自動取得不可
JR西日本,六甲道,河合西,,,自動取得不可
JR西日本,六甲道,青野ケ原,,,自動取得不可
JR西日本,六甲道,社町,,,自動取得不可
JR西日本,六甲道,滝野,,,自動取得不可
JR西日本,六甲道,滝,,,自動取得不可
JR西日本,六甲道,西脇市,,,自動取得不可
JR西日本,六甲道,新西脇,,,自動取得不可
JR西日本,六甲道,比延,,,自動取得不可
JR西日本,六甲道,日本へそ公園,,,自動取得不可
JR西日本,六甲道,黒田庄,,,自動取得不可
JR西日本,六甲道,本黒田,,,自動取得不可
JR西日本,六甲道,船町口,,,自動取得不可
JR西日本,六甲道,久下村,,,自動取得不可
JR西日本,六甲道,谷川,,,自動取得不可
JR西日本,六甲道,京口,,,自動取得不可
JR西日本,六甲道,野里,,,自動取得不可
JR西日本,六甲道,砥堀,,,自動取得不可
JR西日本,六甲道,仁豊野,,,自動取得不可
JR西日本,六甲道,香呂,,,自動取得不可
JR西日本,六甲道,溝口,,,自動取得不可
JR西日本,六甲道,福崎,,,自動取得不可
JR西日本,六甲道,甘地,,,自動取得不可
JR西日本,六甲道,鶴居,,,自動取得不可
JR西日本,六甲道,新野,,,自動取得不可
JR西日本,六甲道,寺前,,,自動取得不可
JR西日本,六甲道,長谷,,,自動取得不可
JR西日本,六甲道,生野,,,自動取得不可
JR西日本,六甲道,新井,,,自動取得不可
JR西日本,六甲道,青倉,,,自動取得不可
JR西日本,六甲道,竹田,,,自動取得不可
JR西日本,六甲道,和田山,,,自動取得不可
JR西日本,六甲道,播磨高岡,,,自動取得不可
JR西日本,六甲道,余部,,,自動取得不可
JR西日本,六甲道,太市,,,自動取得不可
JR西日本,六甲道,本竜野,,,自動取得不可
JR西日本,六甲道,東觜崎,,,自動取得不可
JR西日本,六甲道,播磨新宮,,,自動取得不可
JR西日本,六甲道,千本,,,自動取得不可
JR西日本,六甲道,西栗栖,,,自動取得不可
JR西日本,六甲道,三日月,,,自動取得不可
JR西日本,六甲道,播磨徳久,,,自動取得不可
JR西日本,六甲道,佐用,,,自動取得不可
JR西日本,六甲道,上月,,,自動取得不可
JR西日本,摩耶,灘,,,自動取得不可
JR西日本,摩耶,三ノ宮,,,自動取得不可
JR西日本,摩耶,元町,,,自動取得不可
JR西日本,摩耶,神戸,,,自動取得不可
JR西日本,摩耶,兵庫,,,自動取得不可
JR西日本,摩耶,新長田,,,自動取得不可
JR西日本,摩耶,鷹取,,,自動取得不可
JR西日本,摩耶,須磨海浜公園,,,自動取得不可
JR西日本,摩耶,須磨,,,自動取得不可
JR西日本,摩耶,塩屋,,,自動取得不可
JR西日本,摩耶,垂水,,,自動取得不可
JR西日本,摩耶,舞子,,,自動取得不可
JR西日本,摩耶,朝霧,,,自動取得不可
JR西日本,摩耶,明石,,,自動取得不可
JR西日本,摩耶,西明石,,,自動取得不可
JR西日本,摩耶,大久保,,,自動取得不可
JR西日本,摩耶,魚住,,,自動取得不可
JR西日本,摩耶,土山,,,自動取得不可
JR西日本,摩耶,東加古川,,,自動取得不可
JR西日本,摩耶,加古川,,,自動取得不可
JR西日本,摩耶,宝殿,,,自動取得不可
JR西日本,摩耶,曽根,,,自動取得不可
JR西日本,摩耶,ひめじ別所,,,自動取得不可
JR西日本,摩耶,御着,,,自動取得不可
JR西日本,摩耶,東姫路,,,自動取得不可
JR西日本,摩耶,姫路,,,自動取得不可
JR西日本,摩耶,塚口,,,自動取得不可
JR西日本,摩耶,猪名寺,,,自動取得不可
JR西日本,摩耶,伊丹,,,自動取得不可
JR西日本,摩耶,北伊丹,,,自動取得不可
JR西日本,摩耶,川西池田,,,自動取得不可
JR西日本,摩耶,中山寺,,,自動取得不可
JR西日本,摩耶,宝塚,,,自動取得不可
JR西日本,摩耶,生瀬,,,自動取得不可
JR西日本,摩耶,西宮名塩,,,自動取得不可
JR西日本,摩耶,武田尾,,,自動取得不可
JR西日本,摩耶,道場,,,自動取得不可
JR西日本,摩耶,三田,,,自動取得不可
JR西日本,摩耶,新三田,,,自動取得不可
JR西日本,摩耶,広野,,,自動取得不可
JR西日本,摩耶,相野,,,自動取得不可
JR西日本,摩耶,藍本,,,自動取得不可
JR西日本,摩耶,草野,,,自動取得不可
JR西日本,摩耶,古市,,,自動取得不可
JR西日本,摩耶,南矢代,,,自動取得不可
JR西日本,摩耶,篠山口,,,自動取得不可
JR西日本,摩耶,相生,,,自動取得不可
JR西日本,摩耶,西相生,,,自動取得不可
JR西日本,摩耶,坂越,,,自動取得不可
JR西日本,摩耶,播州赤穂,,,自動取得不可
JR西日本,摩耶,天和,,,自動取得不可
JR西日本,摩耶,備前福河,,,自動取得不可
JR西日本,摩耶,日岡,,,自動取得不可
JR西日本,摩耶,神野,,,自動取得不可
JR西日本,摩耶,厄神,,,自動取得不可
JR西日本,摩耶,市場,,,自動取得不可
JR西日本,摩耶,小野町,,,自動取得不可
JR西日本,摩耶,粟生,,,自動取得不可
JR西日本,摩耶,河合西,,,自動取得不可
JR西日本,摩耶,青野ケ原,,,自動取得不可
JR西日本,摩耶,社町,,,自動取得不可
JR西日本,摩耶,滝野,,,自動取得不可
JR西日本,摩耶,滝,,,自動取得不可
JR西日本,摩耶,西脇市,,,自動取得不可
JR西日本,摩耶,新西脇,,,自動取得不可
JR西日本,摩耶,比延,,,自動取得不可
JR西日本,摩耶,日本へそ公園,,,自動取得不可
JR西日本,摩耶,黒田庄,,,自動取得不可
JR西日本,摩耶,本黒田,,,自動取得不可
JR西日本,摩耶,船町口,,,自動取得不可
JR西日本,摩耶,久下村,,,自動取得不可
JR西日本,摩耶,谷川,,,自動取得不可
JR西日本,摩耶,京口,,,自動取得不可
JR西日本,摩耶,野里,,,自動取得不可
JR西日本,摩耶,砥堀,,,自動取得不可
JR西日本,摩耶,仁豊野,,,自動取得不可
JR西日本,摩耶,香呂,,,自動取得不可
JR西日本,摩耶,溝口,,,自動取得不可
JR西日本,摩耶,福崎,,,自動取得不可
JR西日本,摩耶,甘地,,,自動取得不可
JR西日本,摩耶,鶴居,,,自動取得不可
JR西日本,摩耶,新野,,,自動取得不可
JR西日本,摩耶,寺前,,,自動取得不可
JR西日本,摩耶,長谷,,,自動取得不可
JR西日本,摩耶,生野,,,自動取得不可
JR西日本,摩耶,新井,,,自動取得不可
JR西日本,摩耶,青倉,,,自動取得不可
JR西日本,摩耶,竹田,,,自動取得不可
JR西日本,摩耶,和田山,,,自動取得不可
JR西日本,摩耶,播磨高岡,,,自動取得不可
JR西日本,摩耶,余部,,,自動取得不可
JR西日本,摩耶,太市,,,自動取得不可
JR西日本,摩耶,本竜野,,,自動取得不可
JR西日本,摩耶,東觜崎,,,自動取得不可
JR西日本,摩耶,播磨新宮,,,自動取得不可
JR西日本,摩耶,千本,,,自動取得不可
JR西日本,摩耶,西栗栖,,,自動取得不可
JR西日本,摩耶,三日月,,,自動取得不可
JR西日本,摩耶,播磨徳久,,,自動取得不可
JR西日本,摩耶,佐用,,,自動取得不可
JR西日本,摩耶,上月,,,自動取得不可
JR西日本,灘,三ノ宮,,,自動取得不可
JR西日本,灘,元町,,,自動取得不可
JR西日本,灘,神戸,,,自動取得不可
JR西日本,灘,兵庫,,,自動取得不可
JR西日本,灘,新長田,,,自動取得不可
JR西日本,灘,鷹取,,,自動取得不可
JR西日本,灘,須磨海浜公園,,,自動取得不可
JR西日本,灘,須磨,,,自動取得不可
JR西日本,灘,塩屋,,,自動取得不可
JR西日本,灘,垂水,,,自動取得不可
JR西日本,灘,舞子,,,自動取得不可
JR西日本,灘,朝霧,,,自動取得不可
JR西日本,灘,明石,,,自動取得不可
JR西日本,灘,西明石,,,自動取得不可
JR西日本,灘,大久保,,,自動取得不可
JR西日本,灘,魚住,,,自動取得不可
JR西日本,灘,土山,,,自動取得不可
JR西日本,灘,東加古川,,,自動取得不可
JR西日本,灘,加古川,,,自動取得不可
JR西日本,灘,宝殿,,,自動取得不可
JR西日本,灘,曽根,,,自動取得不可
JR西日本,灘,ひめじ別所,,,自動取得不可
JR西日本,灘,御着,,,自動取得不可
JR西日本,灘,東姫路,,,自動取得不可
JR西日本,灘,姫路,,,自動取得不可
JR西日本,灘,塚口,,,自動取得不可
JR西日本,灘,猪名寺,,,自動取得不可
JR西日本,灘,伊丹,,,自動取得不可
JR西日本,灘,北伊丹,,,自動取得不可
JR西日本,灘,川西池田,,,自動取得不可
JR西日本,灘,中山寺,,,自動取得不可
JR西日本,灘,宝塚,,,自動取得不可
JR西日本,灘,生瀬,,,自動取得不可
JR西日本,灘,西宮名塩,,,自動取得不可
JR西日本,灘,武田尾,,,自動取得不可
JR西日本,灘,道場,,,自動取得不可
JR西日本,灘,三田,,,自動取得不可
JR西日本,灘,新三田,,,自動取得不可
JR西日本,灘,広野,,,自動取得不可
JR西日本,灘,相野,,,自動取得不可
JR西日本,灘,藍本,,,自動取得不可
JR西日本,灘,草野,,,自動取得不可
JR西日本,灘,古市,,,自動取得不可
JR西日本,灘,南矢代,,,自動取得不可
JR西日本,灘,篠山口,,,自動取得不可
JR西日本,灘,相生,,,自動取得不可
JR西日本,灘,西相生,,,自動取得不可
JR西日本,灘,坂越,,,自動取得不可
JR西日本,灘,播州赤穂,,,自動取得不可
JR西日本,灘,天和,,,自動取得不可
JR西日本,灘,備前福河,,,自動取得不可
JR西日本,灘,日岡,,,自動取得不可
JR西日本,灘,神野,,,自動取得不可
JR西日本,灘,厄神,,,自動取得不可
JR西日本,灘,市場,,,自動取得不可
JR西日本,灘,小野町,,,自動取得不可
JR西日本,灘,粟生,,,自動取得不可
JR西日本,灘,河合西,,,自動取得不可
JR西日本,灘,青野ケ原,,,自動取得不可
JR西日本,灘,社町,,,自動取得不可
JR西日本,灘,滝野,,,自動取得不可
JR西日本,灘,滝,,,自動取得不可
JR西日本,灘,西脇市,,,自動取得不可
JR西日本,灘,新西脇,,,自動取得不可
JR西日本,灘,比延,,,自動取得不可
JR西日本,灘,日本へそ公園,,,自動取得不可
JR西日本,灘,黒田庄,,,自動取得不可
JR西日本,灘,本黒田,,,自動取得不可
JR西日本,灘,船町口,,,自動取得不可
JR西日本,灘,久下村,,,自動取得不可
JR西日本,灘,谷川,,,自動取得不可
JR西日本,灘,京口,,,自動取得不可
JR西日本,灘,野里,,,自動取得不可
JR西日本,灘,砥堀,,,自動取得不可
JR西日本,灘,仁豊野,,,自動取得不可
JR西日本,灘,香呂,,,自動取得不可
JR西日本,灘,溝口,,,自動取得不可
JR西日本,灘,福崎,,,自動取得不可
JR西日本,灘,甘地,,,自動取得不可
JR西日本,灘,鶴居,,,自動取得不可
JR西日本,灘,新野,,,自動取得不可
JR西日本,灘,寺前,,,自動取得不可
JR西日本,灘,長谷,,,自動取得不可
JR西日本,灘,生野,,,自動取得不可
JR西日本,灘,新井,,,自動取得不可
JR西日本,灘,青倉,,,自動取得不可
JR西日本,灘,竹田,,,自動取得不可
JR西日本,灘,和田山,,,自動取得不可
JR西日本,灘,播磨高岡,,,自動取得不可
JR西日本,灘,余部,,,自動取得不可
JR西日本,灘,太市,,,自動取得不可
JR西日本,灘,本竜野,,,自動取得不可
JR西日本,灘,東觜崎,,,自動取得不可
JR西日本,灘,播磨新宮,,,自動取得不可
JR西日本,灘,千本,,,自動取得不可
JR西日本,灘,西栗栖,,,自動取得不可
JR西日本,灘,三日月,,,自動取得不可
JR西日本,灘,播磨徳久,,,自動取得不可
JR西日本,灘,佐用,,,自動取得不可
JR西日本,灘,上月,,,自動取得不可
JR西日本,三ノ宮,神戸,,,自動取得不可
JR西日本,三ノ宮,兵庫,,,自動取得不可
JR西日本,三ノ宮,新長田,,,自動取得不可
JR西日本,三ノ宮,鷹取,,,自動取得不可
JR西日本,三ノ宮,須磨海浜公園,,,自動取得不可
JR西日本,三ノ宮,須磨,,,自動取得不可
JR西日本,三ノ宮,塩屋,,,自動取得不可
JR西日本,三ノ宮,垂水,,,自動取得不可
JR西日本,三ノ宮,舞子,,,自動取得不可
JR西日本,三ノ宮,朝霧,,,自動取得不可
JR西日本,三ノ宮,西明石,,,自動取得不可
JR西日本,三ノ宮,大久保,,,自動取得不可
JR西日本,三ノ宮,魚住,,,自動取得不可
JR西日本,三ノ宮,土山,,,自動取得不可
JR西日本,三ノ宮,東加古川,,,自動取得不可
JR西日本,三ノ宮,宝殿,,,自動取得不可
JR西日本,三ノ宮,曽根,,,自動取得不可
JR西日本,三ノ宮,ひめじ別所,,,自動取得不可
JR西日本,三ノ宮,御着,,,自動取得不可
JR西日本,三ノ宮,東姫路,,,自動取得不可
JR西日本,三ノ宮,塚口,,,自動取得不可
JR西日本,三ノ宮,猪名寺,,,自動取得不可
JR西日本,三ノ宮,伊丹,,,自動取得不可
JR西日本,三ノ宮,北伊丹,,,自動取得不可
JR西日本,三ノ宮,川西池田,,,自動取得不可
JR西日本,三ノ宮,中山寺,,,自動取得不可
JR西日本,三ノ宮,宝塚,,,自動取得不可
JR西日本,三ノ宮,生瀬,,,自動取得不可
JR西日本,三ノ宮,西宮名塩,,,自動取得不可
JR西日本,三ノ宮,武田尾,,,自動取得不可
JR西日本,三ノ宮,道場,,,自動取得不可
JR西日本,三ノ宮,三田,,,自動取得不可
JR西日本,三ノ宮,新三田,,,自動取得不可
JR西日本,三ノ宮,広野,,,自動取得不可
JR西日本,三ノ宮,相野,,,自動取得不可
JR西日本,三ノ宮,藍本,,,自動取得不可
JR西日本,三ノ宮,草野,,,自動取得不可
JR西日本,三ノ宮,古市,,,自動取得不可
JR西日本,三ノ宮,南矢代,,,自動取得不可
JR西日本,三ノ宮,篠山口,,,自動取得不可
JR西日本,三ノ宮,相生,,,自動取得不可
JR西日本,三ノ宮,西相生,,,自動取得不可
JR西日本,三ノ宮,坂越,,,自動取得不可
JR西日本,三ノ宮,播州赤穂,,,自動取得不可
JR西日本,三ノ宮,天和,,,自動取得不可
JR西日本,三ノ宮,備前福河,,,自動取得不可
JR西日本,三ノ宮,日岡,,,自動取得不可
JR西日本,三ノ宮,神野,,,自動取得不可
JR西日本,三ノ宮,厄神,,,自動取得不可
JR西日本,三ノ宮,市場,,,自動取得不可
JR西日本,三ノ宮,小野町,,,自動取得不可
JR西日本,三ノ宮,粟生,,,自動取得不可
JR西日本,三ノ宮,河合西,,,自動取得不可
JR西日本,三ノ宮,青野ケ原,,,自動取得不可
JR西日本,三ノ宮,社町,,,自動取得不可
JR西日本,三ノ宮,滝野,,,自動取得不可
JR西日本,三ノ宮,滝,,,自動取得不可
JR西日本,三ノ宮,西脇市,,,自動取得不可
JR西日本,三ノ宮,新西脇,,,自動取得不可
JR西日本,三ノ宮,比延,,,自動取得不可
JR西日本,三ノ宮,日本へそ公園,,,自動取得不可
JR西日本,三ノ宮,黒田庄,,,自動取得不可
JR西日本,三ノ宮,本黒田,,,自動取得不可
JR西日本,三ノ宮,船町口,,,自動取得不可
JR西日本,三ノ宮,久下村,,,自動取得不可
JR西日本,三ノ宮,谷川,,,自動取得不可
JR西日本,三ノ宮,京口,,,自動取得不可
JR西日本,三ノ宮,野里,,,自動取得不可
JR西日本,三ノ宮,砥堀,,,自動取得不可
JR西日本,三ノ宮,仁豊野,,,自動取得不可
JR西日本,三ノ宮,香呂,,,自動取得不可
JR西日本,三ノ宮,溝口,,,自動取得不可
JR西日本,三ノ宮,福崎,,,自動取得不可
JR西日本,三ノ宮,甘地,,,自動取得不可
JR西日本,三ノ宮,鶴居,,,自動取得不可
JR西日本,三ノ宮,新野,,,自動取得不可
JR西日本,三ノ宮,寺前,,,自動取得不可
JR西日本,三ノ宮,長谷,,,自動取得不可
JR西日本,三ノ宮,生野,,,自動取得不可
JR西日本,三ノ宮,新井,,,自動取得不可
JR西日本,三ノ宮,青倉,,,自動取得不可
JR西日本,三ノ宮,竹田,,,自動取得不可
JR西日本,三ノ宮,和田山,,,自動取得不可
JR西日本,三ノ宮,播磨高岡,,,自動取得不可
JR西日本,三ノ宮,余部,,,自動取得不可
JR西日本,三ノ宮,太市,,,自動取得不可
JR西日本,三ノ宮,本竜野,,,自動取得不可
JR西日本,三ノ宮,東觜崎,,,自動取得不可
JR西日本,三ノ宮,播磨新宮,,,自動取得不可
JR西日本,三ノ宮,千本,,,自動取得不可
JR西日本,三ノ宮,西栗栖,,,自動取得不可
JR西日本,三ノ宮,三日月,,,自動取得不可
JR西日本,三ノ宮,播磨徳久,,,自動取得不可
JR西日本,三ノ宮,佐用,,,自動取得不可
JR西日本,三ノ宮,上月,,,自動取得不可
JR西日本,元町,神戸,,,自動取得不可
JR西日本,元町,兵庫,,,自動取得不可
JR西日本,元町,新長田,,,自動取得不可
JR西日本,元町,鷹取,,,自動取得不可
JR西日本,元町,須磨海浜公園,,,自動取得不可
JR西日本,元町,須磨,,,自動取得不可
JR西日本,元町,塩屋,,,自動取得不可
JR西日本,元町,垂水,,,自動取得不可
JR西日本,元町,舞子,,,自動取得不可
JR西日本,元町,朝霧,,,自動取得不可
JR西日本,元町,西明石,,,自動取得不可
JR西日本,元町,大久保,,,自動取得不可
JR西日本,元町,魚住,,,自動取得不可
JR西日本,元町,土山,,,自動取得不可
JR西日本,元町,東加古川,,,自動取得不可
JR西日本,元町,宝殿,,,自動取得不可
JR西日本,元町,曽根,,,自動取得不可
JR西日本,元町,ひめじ別所,,,自動取得不可
JR西日本,元町,御着,,,自動取得不可
JR西日本,元町,東姫路,,,自動取得不可
JR西日本,元町,塚口,,,自動取得不可
JR西日本,元町,猪名寺,,,自動取得不可
JR西日本,元町,伊丹,,,自動取得不可
JR西日本,元町,北伊丹,,,自動取得不可
JR西日本,元町,川西池田,,,自動取得不可
JR西日本,元町,中山寺,,,自動取得不可
JR西日本,元町,宝塚,,,自動取得不可
JR西日本,元町,生瀬,,,自動取得不可
JR西日本,元町,西宮名塩,,,自動取得不可
JR西日本,元町,武田尾,,,自動取得不可
JR西日本,元町,道場,,,自動取得不可
JR西日本,元町,三田,,,自動取得不可
JR西日本,元町,新三田,,,自動取得不可
JR西日本,元町,広野,,,自動取得不可
JR西日本,元町,相野,,,自動取得不可
JR西日本,元町,藍本,,,自動取得不可
JR西日本,元町,草野,,,自動取得不可
JR西日本,元町,古市,,,自動取得不可
JR西日本,元町,南矢代,,,自動取得不可
JR西日本,元町,篠山口,,,自動取得不可
JR西日本,元町,相生,,,自動取得不可
JR西日本,元町,西相生,,,自動取得不可
JR西日本,元町,坂越,,,自動取得不可
JR西日本,元町,播州赤穂,,,自動取得不可
JR西日本,元町,天和,,,自動取得不可
JR西日本,元町,備前福河,,,自動取得不可
JR西日本,元町,日岡,,,自動取得不可
JR西日本,元町,神野,,,自動取得不可
JR西日本,元町,厄神,,,自動取得不可
JR西日本,元町,市場,,,自動取得不可
JR西日本,元町,小野町,,,自動取得不可
JR西日本,元町,粟生,,,自動取得不可
JR西日本,元町,河合西,,,自動取得不可
JR西日本,元町,青野ケ原,,,自動取得不可
JR西日本,元町,社町,,,自動取得不可
JR西日本,元町,滝野,,,自動取得不可
JR西日本,元町,滝,,,自動取得不可
JR西日本,元町,西脇市,,,自動取得不可
JR西日本,元町,新西脇,,,自動取得不可
JR西日本,元町,比延,,,自動取得不可
JR西日本,元町,日本へそ公園,,,自動取得不可
JR西日本,元町,黒田庄,,,自動取得不可
JR西日本,元町,本黒田,,,自動取得不可
JR西日本,元町,船町口,,,自動取得不可
JR西日本,元町,久下村,,,自動取得不可
JR西日本,元町,谷川,,,自動取得不可
JR西日本,元町,京口,,,自動取得不可
JR西日本,元町,野里,,,自動取得不可
JR西日本,元町,砥堀,,,自動取得不可
JR西日本,元町,仁豊野,,,自動取得不可
JR西日本,元町,香呂,,,自動取得不可
JR西日本,元町,溝口,,,自動取得不可
JR西日本,元町,福崎,,,自動取得不可
JR西日本,元町,甘地,,,自動取得不可
JR西日本,元町,鶴居,,,自動取得不可
JR西日本,元町,新野,,,自動取得不可
JR西日本,元町,寺前,,,自動取得不可
JR西日本,元町,長谷,,,自動取得不可
JR西日本,元町,生野,,,自動取得不可
JR西日本,元町,新井,,,自動取得不可
JR西日本,元町,青倉,,,自動取得不可
JR西日本,元町,竹田,,,自動取得不可
JR西日本,元町,和田山,,,自動取得不可
JR西日本,元町,播磨高岡,,,自動取得不可
JR西日本,元町,余部,,,自動取得不可
JR西日本,元町,太市,,,自動取得不可
JR西日本,元町,本竜野,,,自動取得不可
JR西日本,元町,東觜崎,,,自動取得不可
JR西日本,元町,播磨新宮,,,自動取得不可
JR西日本,元町,千本,,,自動取得不可
JR西日本,元町,西栗栖,,,自動取得不可
JR西日本,元町,三日月,,,自動取得不可
JR西日本,元町,播磨徳久,,,自動取得不可
JR西日本,元町,佐用,,,自動取得不可
JR西日本,元町,上月,,,自動取得不可
JR西日本,神戸,兵庫,,,自動取得不可
JR西日本,神戸,新長田,,,自動取得不可
JR西日本,神戸,鷹取,,,自動取得不可
JR西日本,神戸,須磨海浜公園,,,自動取得不可
JR西日本,神戸,須磨,,,自動取得不可
JR西日本,神戸,塩屋,,,自動取得不可
JR西日本,神戸,垂水,,,自動取得不可
JR西日本,神戸,舞子,,,自動取得不可
JR西日本,神戸,朝霧,,,自動取得不可
JR西日本,神戸,明石,,,自動取得不可
JR西日本,神戸,西明石,,,自動取得不可
JR西日本,神戸,大久保,,,自動取得不可
JR西日本,神戸,魚住,,,自動取得不可
JR西日本,神戸,土山,,,自動取得不可
JR西日本,神戸,東加古川,,,自動取得不可
JR西日本,神戸,加古川,,,自動取得不可
JR西日本,神戸,宝殿,,,自動取得不可
JR西日本,神戸,曽根,,,自動取得不可
JR西日本,神戸,ひめじ別所,,,自動取得不可
JR西日本,神戸,御着,,,自動取得不可
JR西日本,神戸,東姫路,,,自動取得不可
JR西日本,神戸,姫路,,,自動取得不可
JR西日本,神戸,塚口,,,自動取得不可
JR西日本,神戸,猪名寺,,,自動取得不可
JR西日本,神戸,伊丹,,,自動取得不可
JR西日本,神戸,北伊丹,,,自動取得不可
JR西日本,神戸,川西池田,,,自動取得不可
JR西日本,神戸,中山寺,,,自動取得不可
JR西日本,神戸,宝塚,,,自動取得不可
JR西日本,神戸,生瀬,,,自動取得不可
JR西日本,神戸,西宮名塩,,,自動取得不可
JR西日本,神戸,武田尾,,,自動取得不可
JR西日本,神戸,道場,,,自動取得不可
JR西日本,神戸,三田,,,自動取得不可
JR西日本,神戸,新三田,,,自動取得不可
JR西日本,神戸,広野,,,自動取得不可
JR西日本,神戸,相野,,,自動取得不可
JR西日本,神戸,藍本,,,自動取得不可
JR西日本,神戸,草野,,,自動取得不可
JR西日本,神戸,古市,,,自動取得不可
JR西日本,神戸,南矢代,,,自動取得不可
JR西日本,神戸,篠山口,,,自動取得不可
JR西日本,神戸,相生,,,自動取得不可
JR西日本,神戸,西相生,,,自動取得不可
JR西日本,神戸,坂越,,,自動取得不可
JR西日本,神戸,播州赤穂,,,自動取得不可
JR西日本,神戸,天和,,,自動取得不可
JR西日本,神戸,備前福河,,,自動取得不可
JR西日本,神戸,日岡,,,自動取得不可
JR西日本,神戸,神野,,,自動取得不可
JR西日本,神戸,厄神,,,自動取得不可
JR西日本,神戸,市場,,,自動取得不可
JR西日本,神戸,小野町,,,自動取得不可
JR西日本,神戸,粟生,,,自動取得不可
JR西日本,神戸,河合西,,,自動取得不可
JR西日本,神戸,青野ケ原,,,自動取得不可
JR西日本,神戸,社町,,,自動取得不可
JR西日本,神戸,滝野,,,自動取得不可
JR西日本,神戸,滝,,,自動取得不可
JR西日本,神戸,西脇市,,,自動取得不可
JR西日本,神戸,新西脇,,,自動取得不可
JR西日本,神戸,比延,,,自動取得不可
JR西日本,神戸,日本へそ公園,,,自動取得不可
JR西日本,神戸,黒田庄,,,自動取得不可
JR西日本,神戸,本黒田,,,自動取得不可
JR西日本,神戸,船町口,,,自動取得不可
JR西日本,神戸,久下村,,,自動取得不可
JR西日本,神戸,谷川,,,自動取得不可
JR西日本,神戸,京口,,,自動取得不可
JR西日本,神戸,野里,,,自動取得不可
JR西日本,神戸,砥堀,,,自動取得不可
JR西日本,神戸,仁豊野,,,自動取得不可
JR西日本,神戸,香呂,,,自動取得不可
JR西日本,神戸,溝口,,,自動取得不可
JR西日本,神戸,福崎,,,自動取得不可
JR西日本,神戸,甘地,,,自動取得不可
JR西日本,神戸,鶴居,,,自動取得不可
JR西日本,神戸,新野,,,自動取得不可
JR西日本,神戸,寺前,,,自動取得不可
JR西日本,神戸,長谷,,,自動取得不可
JR西日本,神戸,生野,,,自動取得不可
JR西日本,神戸,新井,,,自動取得不可
JR西日本,神戸,青倉,,,自動取得不可
JR西日本,神戸,竹田,,,自動取得不可
JR西日本,神戸,和田山,,,自動取得不可
JR西日本,神戸,播磨高岡,,,自動取得不可
JR西日本,神戸,余部,,,自動取得不可
JR西日本,神戸,太市,,,自動取得不可
JR西日本,神戸,本竜野,,,自動取得不可
JR西日本,神戸,東觜崎,,,自動取得不可
JR西日本,神戸,播磨新宮,,,自動取得不可
JR西日本,神戸,千本,,,自動取得不可
JR西日本,神戸,西栗栖,,,自動取得不可
JR西日本,神戸,三日月,,,自動取得不可
JR西日本,神戸,播磨徳久,,,自動取得不可
JR西日本,神戸,佐用,,,自動取得不可
JR西日本,神戸,上月,,,自動取得不可
JR西日本,兵庫,新長田,,,自動取得不可
JR西日本,兵庫,鷹取,,,自動取得不可
JR西日本,兵庫,須磨海浜公園,,,自動取得不可
JR西日本,兵庫,須磨,,,自動取得不可
JR西日本,兵庫,塩屋,,,自動取得不可
JR西日本,兵庫,垂水,,,自動取得不可
JR西日本,兵庫,舞子,,,自動取得不可
JR西日本,兵庫,朝霧,,,自動取得不可
JR西日本,兵庫,明石,,,自動取得不可
JR西日本,兵庫,西明石,,,自動取得不可
JR西日本,兵庫,大久保,,,自動取得不可
JR西日本,兵庫,魚住,,,自動取得不可
JR西日本,兵庫,土山,,,自動取得不可
JR西日本,兵庫,東加古川,,,自動取得不可
JR西日本,兵庫,加古川,,,自動取得不可
JR西日本,兵庫,宝殿,,,自動取得不可
JR西日本,兵庫,曽根,,,自動取得不可
JR西日本,兵庫,ひめじ別所,,,自動取得不可
JR西日本,兵庫,御着,,,自動取得不可
JR西日本,兵庫,東姫路,,,自動取得不可
JR西日本,兵庫,姫路,,,自動取得不可
JR西日本,兵庫,塚口,,,自動取得不可
JR西日本,兵庫,猪名寺,,,自動取得不可
JR西日本,兵庫,伊丹,,,自動取得不可
JR西日本,兵庫,北伊丹,,,自動取得不可
JR西日本,兵庫,川西池田,,,自動取得不可
JR西日本,兵庫,中山寺,,,自動取得不可
JR西日本,兵庫,宝塚,,,自動取得不可
JR西日本,兵庫,生瀬,,,自動取得不可
JR西日本,兵庫,西宮名塩,,,自動取得不可
JR西日本,兵庫,武田尾,,,自動取得不可
JR西日本,兵庫,道場,,,自動取得不可
JR西日本,兵庫,三田,,,自動取得不可
JR西日本,兵庫,新三田,,,自動取得不可
JR西日本,兵庫,広野,,,自動取得不可
JR西日本,兵庫,相野,,,自動取得不可
JR西日本,兵庫,藍本,,,自動取得不可
JR西日本,兵庫,草野,,,自動取得不可
JR西日本,兵庫,古市,,,自動取得不可
JR西日本,兵庫,南矢代,,,自動取得不可
JR西日本,兵庫,篠山口,,,自動取得不可
JR西日本,兵庫,相生,,,自動取得不可
JR西日本,兵庫,西相生,,,自動取得不可
JR西日本,兵庫,坂越,,,自動取得不可
JR西日本,兵庫,播州赤穂,,,自動取得不可
JR西日本,兵庫,天和,,,自動取得不可
JR西日本,兵庫,備前福河,,,自動取得不可
JR西日本,兵庫,日岡,,,自動取得不可
JR西日本,兵庫,神野,,,自動取得不可
JR西日本,兵庫,厄神,,,自動取得不可
JR西日本,兵庫,市場,,,自動取得不可
JR西日本,兵庫,小野町,,,自動取得不可
JR西日本,兵庫,粟生,,,自動取得不可
JR西日本,兵庫,河合西,,,自動取得不可
JR西日本,兵庫,青野ケ原,,,自動取得不可
JR西日本,兵庫,社町,,,自動取得不可
JR西日本,兵庫,滝野,,,自動取得不可
JR西日本,兵庫,滝,,,自動取得不可
JR西日本,兵庫,西脇市,,,自動取得不可
JR西日本,兵庫,新西脇,,,自動取得不可
JR西日本,兵庫,比延,,,自動取得不可
JR西日本,兵庫,日本へそ公園,,,自動取得不可
JR西日本,兵庫,黒田庄,,,自動取得不可
JR西日本,兵庫,本黒田,,,自動取得不可
JR西日本,兵庫,船町口,,,自動取得不可
JR西日本,兵庫,久下村,,,自動取得不可
JR西日本,兵庫,谷川,,,自動取得不可
JR西日本,兵庫,京口,,,自動取得不可
JR西日本,兵庫,野里,,,自動取得不可
JR西日本,兵庫,砥堀,,,自動取得不可
JR西日本,兵庫,仁豊野,,,自動取得不可
JR西日本,兵庫,香呂,,,自動取得不可
JR西日本,兵庫,溝口,,,自動取得不可
JR西日本,兵庫,福崎,,,自動取得不可
JR西日本,兵庫,甘地,,,自動取得不可
JR西日本,兵庫,鶴居,,,自動取得不可
JR西日本,兵庫,新野,,,自動取得不可
JR西日本,兵庫,寺前,,,自動取得不可
JR西日本,兵庫,長谷,,,自動取得不可
JR西日本,兵庫,生野,,,自動取得不可
JR西日本,兵庫,新井,,,自動取得不可
JR西日本,兵庫,青倉,,,自動取得不可
JR西日本,兵庫,竹田,,,自動取得不可
JR西日本,兵庫,和田山,,,自動取得不可
JR西日本,兵庫,播磨高岡,,,自動取得不可
JR西日本,兵庫,余部,,,自動取得不可
JR西日本,兵庫,太市,,,自動取得不可
JR西日本,兵庫,本竜野,,,自動取得不可
JR西日本,兵庫,東觜崎,,,自動取得不可
JR西日本,兵庫,播磨新宮,,,自動取得不可
JR西日本,兵庫,千本,,,自動取得不可
JR西日本,兵庫,西栗栖,,,自動取得不可
JR西日本,兵庫,三日月,,,自動取得不可
JR西日本,兵庫,播磨徳久,,,自動取得不可
JR西日本,兵庫,佐用,,,自動取得不可
JR西日本,兵庫,上月,,,自動取得不可
JR西日本,新長田,鷹取,,,自動取得不可
JR西日本,新長田,須磨海浜公園,,,自動取得不可
JR西日本,新長田,須磨,,,自動取得不可
JR西日本,新長田,塩屋,,,自動取得不可
JR西日本,新長田,垂水,,,自動取得不可
JR西日本,新長田,舞子,,,自動取得不可
JR西日本,新長田,朝霧,,,自動取得不可
JR西日本,新長田,明石,,,自動取得不可
JR西日本,新長田,西明石,,,自動取得不可
JR西日本,新長田,大久保,,,自動取得不可
JR西日本,新長田,魚住,,,自動取得不可
JR西日本,新長田,土山,,,自動取得不可
JR西日本,新長田,東加古川,,,自動取得不可
JR西日本,新長田,加古川,,,自動取得不可
JR西日本,新長田,宝殿,,,自動取得不可
JR西日本,新長田,曽根,,,自動取得不可
JR西日本,新長田,ひめじ別所,,,自動取得不可
JR西日本,新長田,御着,,,自動取得不可
JR西日本,新長田,東姫路,,,自動取得不可
JR西日本,新長田,姫路,,,自動取得不可
JR西日本,新長田,塚口,,,自動取得不可
JR西日本,新長田,猪名寺,,,自動取得不可
JR西日本,新長田,伊丹,,,自動取得不可
JR西日本,新長田,北伊丹,,,自動取得不可
JR西日本,新長田,川西池田,,,自動取得不可
JR西日本,新長田,中山寺,,,自動取得不可
JR西日本,新長田,宝塚,,,自動取得不可
JR西日本,新長田,生瀬,,,自動取得不可
JR西日本,新長田,西宮名塩,,,自動取得不可
JR西日本,新長田,武田尾,,,自動取得不可
JR西日本,新長田,道場,,,自動取得不可
JR西日本,新長田,三田,,,自動取得不可
JR西日本,新長田,新三田,,,自動取得不可
JR西日本,新長田,広野,,,自動取得不可
JR西日本,新長田,相野,,,自動取得不可
JR西日本,新長田,藍本,,,自動取得不可
JR西日本,新長田,草野,,,自動取得不可
JR西日本,新長田,古市,,,自動取得不可
JR西日本,新長田,南矢代,,,自動取得不可
JR西日本,新長田,篠山口,,,自動取得不可
JR西日本,新長田,相生,,,自動取得不可
JR西日本,新長田,西相生,,,自動取得不可
JR西日本,新長田,坂越,,,自動取得不可
JR西日本,新長田,播州赤穂,,,自動取得不可
JR西日本,新長田,天和,,,自動取得不可
JR西日本,新長田,備前福河,,,自動取得不可
JR西日本,新長田,日岡,,,自動取得不可
JR西日本,新長田,神野,,,自動取得不可
JR西日本,新長田,厄神,,,自動取得不可
JR西日本,新長田,市場,,,自動取得不可
JR西日本,新長田,小野町,,,自動取得不可
JR西日本,新長田,粟生,,,自動取得不可
JR西日本,新長田,河合西,,,自動取得不可
JR西日本,新長田,青野ケ原,,,自動取得不可
JR西日本,新長田,社町,,,自動取得不可
JR西日本,新長田,滝野,,,自動取得不可
JR西日本,新長田,滝,,,自動取得不可
JR西日本,新長田,西脇市,,,自動取得不可
JR西日本,新長田,新西脇,,,自動取得不可
JR西日本,新長田,比延,,,自動取得不可
JR西日本,新長田,日本へそ公園,,,自動取得不可
JR西日本,新長田,黒田庄,,,自動取得不可
JR西日本,新長田,本黒田,,,自動取得不可
JR西日本,新長田,船町口,,,自動取得不可
JR西日本,新長田,久下村,,,自動取得不可
JR西日本,新長田,谷川,,,自動取得不可
JR西日本,新長田,京口,,,自動取得不可
JR西日本,新長田,野里,,,自動取得不可
JR西日本,新長田,砥堀,,,自動取得不可
JR西日本,新長田,仁豊野,,,自動取得不可
JR西日本,新長田,香呂,,,自動取得不可
JR西日本,新長田,溝口,,,自動取得不可
JR西日本,新長田,福崎,,,自動取得不可
JR西日本,新長田,甘地,,,自動取得不可
JR西日本,新長田,鶴居,,,自動取得不可
JR西日本,新長田,新野,,,自動取得不可
JR西日本,新長田,寺前,,,自動取得不可
JR西日本,新長田,長谷,,,自動取得不可
JR西日本,新長田,生野,,,自動取得不可
JR西日本,新長田,新井,,,自動取得不可
JR西日本,新長田,青倉,,,自動取得不可
JR西日本,新長田,竹田,,,自動取得不可
JR西日本,新長田,和田山,,,自動取得不可
JR西日本,新長田,播磨高岡,,,自動取得不可
JR西日本,新長田,余部,,,自動取得不可
JR西日本,新長田,太市,,,自動取得不可
JR西日本,新長田,本竜野,,,自動取得不可
JR西日本,新長田,東觜崎,,,自動取得不可
JR西日本,新長田,播磨新宮,,,自動取得不可
JR西日本,新長田,千本,,,自動取得不可
JR西日本,新長田,西栗栖,,,自動取得不可
JR西日本,新長田,三日月,,,自動取得不可
JR西日本,新長田,播磨徳久,,,自動取得不可
JR西日本,新長田,佐用,,,自動取得不可
JR西日本,新長田,上月,,,自動取得不可
JR西日本,鷹取,須磨海浜公園,,,自動取得不可
JR西日本,鷹取,須磨,,,自動取得不可
JR西日本,鷹取,塩屋,,,自動取得不可
JR西日本,鷹取,垂水,,,自動取得不可
JR西日本,鷹取,舞子,,,自動取得不可
JR西日本,鷹取,朝霧,,,自動取得不可
JR西日本,鷹取,明石,,,自動取得不可
JR西日本,鷹取,西明石,,,自動取得不可
JR西日本,鷹取,大久保,,,自動取得不可
JR西日本,鷹取,魚住,,,自動取得不可
JR西日本,鷹取,土山,,,自動取得不可
JR西日本,鷹取,東加古川,,,自動取得不可
JR西日本,鷹取,加古川,,,自動取得不可
JR西日本,鷹取,宝殿,,,自動取得不可
JR西日本,鷹取,曽根,,,自動取得不可
JR西日本,鷹取,ひめじ別所,,,自動取得不可
JR西日本,鷹取,御着,,,自動取得不可
JR西日本,鷹取,東姫路,,,自動取得不可
JR西日本,鷹取,姫路,,,自動取得不可
JR西日本,鷹取,塚口,,,自動取得不可
JR西日本,鷹取,猪名寺,,,自動取得不可
JR西日本,鷹取,伊丹,,,自動取得不可
JR西日本,鷹取,北伊丹,,,自動取得不可
JR西日本,鷹取,川西池田,,,自動取得不可
JR西日本,鷹取,中山寺,,,自動取得不可
JR西日本,鷹取,宝塚,,,自動取得不可
JR西日本,鷹取,生瀬,,,自動取得不可
JR西日本,鷹取,西宮名塩,,,自動取得不可
JR西日本,鷹取,武田尾,,,自動取得不可
JR西日本,鷹取,道場,,,自動取得不可
JR西日本,鷹取,三田,,,自動取得不可
JR西日本,鷹取,新三田,,,自動取得不可
JR西日本,鷹取,広野,,,自動取得不可
JR西日本,鷹取,相野,,,自動取得不可
JR西日本,鷹取,藍本,,,自動取得不可
JR西日本,鷹取,草野,,,自動取得不可
JR西日本,鷹取,古市,,,自動取得不可
JR西日本,鷹取,南矢代,,,自動取得不可
JR西日本,鷹取,篠山口,,,自動取得不可
JR西日本,鷹取,相生,,,自動取得不可
JR西日本,鷹取,西相生,,,自動取得不可
JR西日本,鷹取,坂越,,,自動取得不可
JR西日本,鷹取,播州赤穂,,,自動取得不可
JR西日本,鷹取,天和,,,自動取得不可
JR西日本,鷹取,備前福河,,,自動取得不可
JR西日本,鷹取,日岡,,,自動取得不可
JR西日本,鷹取,神野,,,自動取得不可
JR西日本,鷹取,厄神,,,自動取得不可
JR西日本,鷹取,市場,,,自動取得不可
JR西日本,鷹取,小野町,,,自動取得不可
JR西日本,鷹取,粟生,,,自動取得不可
JR西日本,鷹取,河合西,,,自動取得不可
JR西日本,鷹取,青野ケ原,,,自動取得不可
JR西日本,鷹取,社町,,,自動取得不可
JR西日本,鷹取,滝野,,,自動取得不可
JR西日本,鷹取,滝,,,自動取得不可
JR西日本,鷹取,西脇市,,,自動取得不可
JR西日本,鷹取,新西脇,,,自動取得不可
JR西日本,鷹取,比延,,,自動取得不可
JR西日本,鷹取,日本へそ公園,,,自動取得不可
JR西日本,鷹取,黒田庄,,,自動取得不可
JR西日本,鷹取,本黒田,,,自動取得不可
JR西日本,鷹取,船町口,,,自動取得不可
JR西日本,鷹取,久下村,,,自動取得不可
JR西日本,鷹取,谷川,,,自動取得不可
JR西日本,鷹取,京口,,,自動取得不可
JR西日本,鷹取,野里,,,自動取得不可
JR西日本,鷹取,砥堀,,,自動取得不可
JR西日本,鷹取,仁豊野,,,自動取得不可
JR西日本,鷹取,香呂,,,自動取得不可
JR西日本,鷹取,溝口,,,自動取得不可
JR西日本,鷹取,福崎,,,自動取得不可
JR西日本,鷹取,甘地,,,自動取得不可
JR西日本,鷹取,鶴居,,,自動取得不可
JR西日本,鷹取,新野,,,自動取得不可
JR西日本,鷹取,寺前,,,自動取得不可
JR西日本,鷹取,長谷,,,自動取得不可
JR西日本,鷹取,生野,,,自動取得不可
JR西日本,鷹取,新井,,,自動取得不可
JR西日本,鷹取,青倉,,,自動取得不可
JR西日本,鷹取,竹田,,,自動取得不可
JR西日本,鷹取,和田山,,,自動取得不可
JR西日本,鷹取,播磨高岡,,,自動取得不可
JR西日本,鷹取,余部,,,自動取得不可
JR西日本,鷹取,太市,,,自動取得不可
JR西日本,鷹取,本竜野,,,自動取得不可
JR西日本,鷹取,東觜崎,,,自動取得不可
JR西日本,鷹取,播磨新宮,,,自動取得不可
JR西日本,鷹取,千本,,,自動取得不可
JR西日本,鷹取,西栗栖,,,自動取得不可
JR西日本,鷹取,三日月,,,自動取得不可
JR西日本,鷹取,播磨徳久,,,自動取得不可
JR西日本,鷹取,佐用,,,自動取得不可
JR西日本,鷹取,上月,,,自動取得不可
JR西日本,須磨海浜公園,須磨,,,自動取得不可
JR西日本,須磨海浜公園,塩屋,,,自動取得不可
JR西日本,須磨海浜公園,垂水,,,自動取得不可
JR西日本,須磨海浜公園,舞子,,,自動取得不可
JR西日本,須磨海浜公園,朝霧,,,自動取得不可
JR西日本,須磨海浜公園,明石,,,自動取得不可
JR西日本,須磨海浜公園,西明石,,,自動取得不可
JR西日本,須磨海浜公園,大久保,,,自動取得不可
JR西日本,須磨海浜公園,魚住,,,自動取得不可
JR西日本,須磨海浜公園,土山,,,自動取得不可
JR西日本,須磨海浜公園,東加古川,,,自動取得不可
JR西日本,須磨海浜公園,加古川,,,自動取得不可
JR西日本,須磨海浜公園,宝殿,,,自動取得不可
JR西日本,須磨海浜公園,曽根,,,自動取得不可
JR西日本,須磨海浜公園,ひめじ別所,,,自動取得不可
JR西日本,須磨海浜公園,御着,,,自動取得不可
JR西日本,須磨海浜公園,東姫路,,,自動取得不可
JR西日本,須磨海浜公園,姫路,,,自動取得不可
JR西日本,須磨海浜公園,塚口,,,自動取得不可
JR西日本,須磨海浜公園,猪名寺,,,自動取得不可
JR西日本,須磨海浜公園,伊丹,,,自動取得不可
JR西日本,須磨海浜公園,北伊丹,,,自動取得不可
JR西日本,須磨海浜公園,川西池田,,,自動取得不可
JR西日本,須磨海浜公園,中山寺,,,自動取得不可
JR西日本,須磨海浜公園,宝塚,,,自動取得不可
JR西日本,須磨海浜公園,生瀬,,,自動取得不可
JR西日本,須磨海浜公園,西宮名塩,,,自動取得不可
JR西日本,須磨海浜公園,武田尾,,,自動取得不可
JR西日本,須磨海浜公園,道場,,,自動取得不可
JR西日本,須磨海浜公園,三田,,,自動取得不可
JR西日本,須磨海浜公園,新三田,,,自動取得不可
JR西日本,須磨海浜公園,広野,,,自動取得不可
JR西日本,須磨海浜公園,相野,,,自動取得不可
JR西日本,須磨海浜公園,藍本,,,自動取得不可
JR西日本,須磨海浜公園,草野,,,自動取得不可
JR西日本,須磨海浜公園,古市,,,自動取得不可
JR西日本,須磨海浜公園,南矢代,,,自動取得不可
JR西日本,須磨海浜公園,篠山口,,,自動取得不可
JR西日本,須磨海浜公園,相生,,,自動取得不可
JR西日本,須磨海浜公園,西相生,,,自動取得不可
JR西日本,須磨海浜公園,坂越,,,自動取得不可
JR西日本,須磨海浜公園,播州赤穂,,,自動取得不可
JR西日本,須磨海浜公園,天和,,,自動取得不可
JR西日本,須磨海浜公園,備前福河,,,自動取得不可
JR西日本,須磨海浜公園,日岡,,,自動取得不可
JR西日本,須磨海浜公園,神野,,,自動取得不可
JR西日本,須磨海浜公園,厄神,,,自動取得不可
JR西日本,須磨海浜公園,市場,,,自動取得不可
JR西日本,須磨海浜公園,小野町,,,自動取得不可
JR西日本,須磨海浜公園,粟生,,,自動取得不可
JR西日本,須磨海浜公園,河合西,,,自動取得不可
JR西日本,須磨海浜公園,青野ケ原,,,自動取得不可
JR西日本,須磨海浜公園,社町,,,自動取得不可
JR西日本,須磨海浜公園,滝野,,,自動取得不可
JR西日本,須磨海浜公園,滝,,,自動取得不可
JR西日本,須磨海浜公園,西脇市,,,自動取得不可
JR西日本,須磨海浜公園,新西脇,,,自動取得不可
JR西日本,須磨海浜公園,比延,,,自動取得不可
JR西日本,須磨海浜公園,日本へそ公園,,,自動取得不可
JR西日本,須磨海浜公園,黒田庄,,,自動取得不可
JR西日本,須磨海浜公園,本黒田,,,自動取得不可
JR西日本,須磨海浜公園,船町口,,,自動取得不可
JR西日本,須磨海浜公園,久下村,,,自動取得不可
JR西日本,須磨海浜公園,谷川,,,自動取得不可
JR西日本,須磨海浜公園,京口,,,自動取得不可
JR西日本,須磨海浜公園,野里,,,自動取得不可
JR西日本,須磨海浜公園,砥堀,,,自動取得不可
JR西日本,須磨海浜公園,仁豊野,,,自動取得不可
JR西日本,須磨海浜公園,香呂,,,自動取得不可
JR西日本,須磨海浜公園,溝口,,,自動取得不可
JR西日本,須磨海浜公園,福崎,,,自動取得不可
JR西日本,須磨海浜公園,甘地,,,自動取得不可
JR西日本,須磨海浜公園,鶴居,,,自動取得不可
JR西日本,須磨海浜公園,新野,,,自動取得不可
JR西日本,須磨海浜公園,寺前,,,自動取得不可
JR西日本,須磨海浜公園,長谷,,,自動取得不可
JR西日本,須磨海浜公園,生野,,,自動取得不可
JR西日本,須磨海浜公園,新井,,,自動取得不可
JR西日本,須磨海浜公園,青倉,,,自動取得不可
JR西日本,須磨海浜公園,竹田,,,自動取得不可
JR西日本,須磨海浜公園,和田山,,,自動取得不可
JR西日本,須磨海浜公園,播磨高岡,,,自動取得不可
JR西日本,須磨海浜公園,余部,,,自動取得不可
JR西日本,須磨海浜公園,太市,,,自動取得不可
JR西日本,須磨海浜公園,本竜野,,,自動取得不可
JR西日本,須磨海浜公園,東觜崎,,,自動取得不可
JR西日本,須磨海浜公園,播磨新宮,,,自動取得不可
JR西日本,須磨海浜公園,千本,,,自動取得不可
JR西日本,須磨海浜公園,西栗栖,,,自動取得不可
JR西日本,須磨海浜公園,三日月,,,自動取得不可
JR西日本,須磨海浜公園,播磨徳久,,,自動取得不可
JR西日本,須磨海浜公園,佐用,,,自動取得不可
JR西日本,須磨海浜公園,上月,,,自動取得不可
JR西日本,須磨,塩屋,,,自動取得不可
JR西日本,須磨,垂水,,,自動取得不可
JR西日本,須磨,舞子,,,自動取得不可
JR西日本,須磨,朝霧,,,自動取得不可
JR西日本,須磨,明石,,,自動取得不可
JR西日本,須磨,西明石,,,自動取得不可
JR西日本,須磨,大久保,,,自動取得不可
JR西日本,須磨,魚住,,,自動取得不可
JR西日本,須磨,土山,,,自動取得不可
JR西日本,須磨,東加古川,,,自動取得不可
JR西日本,須磨,加古川,,,自動取得不可
JR西日本,須磨,宝殿,,,自動取得不可
JR西日本,須磨,曽根,,,自動取得不可
JR西日本,須磨,ひめじ別所,,,自動取得不可
JR西日本,須磨,御着,,,自動取得不可
JR西日本,須磨,東姫路,,,自動取得不可
JR西日本,須磨,姫路,,,自動取得不可
JR西日本,須磨,塚口,,,自動取得不可
JR西日本,須磨,猪名寺,,,自動取得不可
JR西日本,須磨,伊丹,,,自動取得不可
JR西日本,須磨,北伊丹,,,自動取得不可
JR西日本,須磨,川西池田,,,自動取得不可
JR西日本,須磨,中山寺,,,自動取得不可
JR西日本,須磨,宝塚,,,自動取得不可
JR西日本,須磨,生瀬,,,自動取得不可
JR西日本,須磨,西宮名塩,,,自動取得不可
JR西日本,須磨,武田尾,,,自動取得不可
JR西日本,須磨,道場,,,自動取得不可
JR西日本,須磨,三田,,,自動取得不可
JR西日本,須磨,新三田,,,自動取得不可
JR西日本,須磨,広野,,,自動取得不可
JR西日本,須磨,相野,,,自動取得不可
JR西日本,須磨,藍本,,,自動取得不可
JR西日本,須磨,草野,,,自動取得不可
JR西日本,須磨,古市,,,自動取得不可
JR西日本,須磨,南矢代,,,自動取得不可
JR西日本,須磨,篠山口,,,自動取得不可
JR西日本,須磨,相生,,,自動取得不可
JR西日本,須磨,西相生,,,自動取得不可
JR西日本,須磨,坂越,,,自動取得不可
JR西日本,須磨,播州赤穂,,,自動取得不可
JR西日本,須磨,天和,,,自動取得不可
JR西日本,須磨,備前福河,,,自動取得不可
JR西日本,須磨,日岡,,,自動取得不可
JR西日本,須磨,神野,,,自動取得不可
JR西日本,須磨,厄神,,,自動取得不可
JR西日本,須磨,市場,,,自動取得不可
JR西日本,須磨,小野町,,,自動取得不可
JR西日本,須磨,粟生,,,自動取得不可
JR西日本,須磨,河合西,,,自動取得不可
JR西日本,須磨,青野ケ原,,,自動取得不可
JR西日本,須磨,社町,,,自動取得不可
JR西日本,須磨,滝野,,,自動取得不可
JR西日本,須磨,滝,,,自動取得不可
JR西日本,須磨,西脇市,,,自動取得不可
JR西日本,須磨,新西脇,,,自動取得不可
JR西日本,須磨,比延,,,自動取得不可
JR西日本,須磨,日本へそ公園,,,自動取得不可
JR西日本,須磨,黒田庄,,,自動取得不可
JR西日本,須磨,本黒田,,,自動取得不可
JR西日本,須磨,船町口,,,自動取得不可
JR西日本,須磨,久下村,,,自動取得不可
JR西日本,須磨,谷川,,,自動取得不可
JR西日本,須磨,京口,,,自動取得不可
JR西日本,須磨,野里,,,自動取得不可
JR西日本,須磨,砥堀,,,自動取得不可
JR西日本,須磨,仁豊野,,,自動取得不可
JR西日本,須磨,香呂,,,自動取得不可
JR西日本,須磨,溝口,,,自動取得不可
JR西日本,須磨,福崎,,,自動取得不可
JR西日本,須磨,甘地,,,自動取得不可
JR西日本,須磨,鶴居,,,自動取得不可
JR西日本,須磨,新野,,,自動取得不可
JR西日本,須磨,寺前,,,自動取得不可
JR西日本,須磨,長谷,,,自動取得不可
JR西日本,須磨,生野,,,自動取得不可
JR西日本,須磨,新井,,,自動取得不可
JR西日本,須磨,青倉,,,自動取得不可
JR西日本,須磨,竹田,,,自動取得不可
JR西日本,須磨,和田山,,,自動取得不可
JR西日本,須磨,播磨高岡,,,自動取得不可
JR西日本,須磨,余部,,,自動取得不可
JR西日本,須磨,太市,,,自動取得不可
JR西日本,須磨,本竜野,,,自動取得不可
JR西日本,須磨,東觜崎,,,自動取得不可
JR西日本,須磨,播磨新宮,,,自動取得不可
JR西日本,須磨,千本,,,自動取得不可
JR西日本,須磨,西栗栖,,,自動取得不可
JR西日本,須磨,三日月,,,自動取得不可
JR西日本,須磨,播磨徳久,,,自動取得不可
JR西日本,須磨,佐用,,,自動取得不可
JR西日本,須磨,上月,,,自動取得不可
JR西日本,塩屋,垂水,,,自動取得不可
JR西日本,塩屋,舞子,,,自動取得不可
JR西日本,塩屋,朝霧,,,自動取得不可
JR西日本,塩屋,明石,,,自動取得不可
JR西日本,塩屋,西明石,,,自動取得不可
JR西日本,塩屋,大久保,,,自動取得不可
JR西日本,塩屋,魚住,,,自動取得不可
JR西日本,塩屋,土山,,,自動取得不可
JR西日本,塩屋,東加古川,,,自動取得不可
JR西日本,塩屋,加古川,,,自動取得不可
JR西日本,塩屋,宝殿,,,自動取得不可
JR西日本,塩屋,曽根,,,自動取得不可
JR西日本,塩屋,ひめじ別所,,,自動取得不可
JR西日本,塩屋,御着,,,自動取得不可
JR西日本,塩屋,東姫路,,,自動取得不可
JR西日本,塩屋,姫路,,,自動取得不可
JR西日本,塩屋,塚口,,,自動取得不可
JR西日本,塩屋,猪名寺,,,自動取得不可
JR西日本,塩屋,伊丹,,,自動取得不可
JR西日本,塩屋,北伊丹,,,自動取得不可
JR西日本,塩屋,川西池田,,,自動取得不可
JR西日本,塩屋,中山寺,,,自動取得不可
JR西日本,塩屋,宝塚,,,自動取得不可
JR西日本,塩屋,生瀬,,,自動取得不可
JR西日本,塩屋,西宮名塩,,,自動取得不可
JR西日本,塩屋,武田尾,,,自動取得不可
JR西日本,塩屋,道場,,,自動取得不可
JR西日本,塩屋,三田,,,自動取得不可
JR西日本,塩屋,新三田,,,自動取得不可
JR西日本,塩屋,広野,,,自動取得不可
JR西日本,塩屋,相野,,,自動取得不可
JR西日本,塩屋,藍本,,,自動取得不可
JR西日本,塩屋,草野,,,自動取得不可
JR西日本,塩屋,古市,,,自動取得不可
JR西日本,塩屋,南矢代,,,自動取得不可
JR西日本,塩屋,篠山口,,,自動取得不可
JR西日本,塩屋,相生,,,自動取得不可
JR西日本,塩屋,西相生,,,自動取得不可
JR西日本,塩屋,坂越,,,自動取得不可
JR西日本,塩屋,播州赤穂,,,自動取得不可
JR西日本,塩屋,天和,,,自動取得不可
JR西日本,塩屋,備前福河,,,自動取得不可
JR西日本,塩屋,日岡,,,自動取得不可
JR西日本,塩屋,神野,,,自動取得不可
JR西日本,塩屋,厄神,,,自動取得不可
JR西日本,塩屋,市場,,,自動取得不可
JR西日本,塩屋,小野町,,,自動取得不可
JR西日本,塩屋,粟生,,,自動取得不可
JR西日本,塩屋,河合西,,,自動取得不可
JR西日本,塩屋,青野ケ原,,,自動取得不可
JR西日本,塩屋,社町,,,自動取得不可
JR西日本,塩屋,滝野,,,自動取得不可
JR西日本,塩屋,滝,,,自動取得不可
JR西日本,塩屋,西脇市,,,自動取得不可
JR西日本,塩屋,新西脇,,,自動取得不可
JR西日本,塩屋,比延,,,自動取得不可
JR西日本,塩屋,日本へそ公園,,,自動取得不可
JR西日本,塩屋,黒田庄,,,自動取得不可
JR西日本,塩屋,本黒田,,,自動取得不可
JR西日本,塩屋,船町口,,,自動取得不可
JR西日本,塩屋,久下村,,,自動取得不可
JR西日本,塩屋,谷川,,,自動取得不可
JR西日本,塩屋,京口,,,自動取得不可
JR西日本,塩屋,野里,,,自動取得不可
JR西日本,塩屋,砥堀,,,自動取得不可
JR西日本,塩屋,仁豊野,,,自動取得不可
JR西日本,塩屋,香呂,,,自動取得不可
JR西日本,塩屋,溝口,,,自動取得不可
JR西日本,塩屋,福崎,,,自動取得不可
JR西日本,塩屋,甘地,,,自動取得不可
JR西日本,塩屋,鶴居,,,自動取得不可
JR西日本,塩屋,新野,,,自動取得不可
JR西日本,塩屋,寺前,,,自動取得不可
JR西日本,塩屋,長谷,,,自動取得不可
JR西日本,塩屋,生野,,,自動取得不可
JR西日本,塩屋,新井,,,自動取得不可
JR西日本,塩屋,青倉,,,自動取得不可
JR西日本,塩屋,竹田,,,自動取得不可
JR西日本,塩屋,和田山,,,自動取得不可
JR西日本,塩屋,播磨高岡,,,自動取得不可
JR西日本,塩屋,余部,,,自動取得不可
JR西日本,塩屋,太市,,,自動取得不可
JR西日本,塩屋,本竜野,,,自動取得不可
JR西日本,塩屋,東觜崎,,,自動取得不可
JR西日本,塩屋,播磨新宮,,,自動取得不可
JR西日本,塩屋,千本,,,自動取得不可
JR西日本,塩屋,西栗栖,,,自動取得不可
JR西日本,塩屋,三日月,,,自動取得不可
JR西日本,塩屋,播磨徳久,,,自動取得不可
JR西日本,塩屋,佐用,,,自動取得不可
JR西日本,塩屋,上月,,,自動取得不可
JR西日本,垂水,舞子,,,自動取得不可
JR西日本,垂水,朝霧,,,自動取得不可
JR西日本,垂水,明石,,,自動取得不可
JR西日本,垂水,西明石,,,自動取得不可
JR西日本,垂水,大久保,,,自動取得不可
JR西日本,垂水,魚住,,,自動取得不可
JR西日本,垂水,土山,,,自動取得不可
JR西日本,垂水,東加古川,,,自動取得不可
JR西日本,垂水,加古川,,,自動取得不可
JR西日本,垂水,宝殿,,,自動取得不可
JR西日本,垂水,曽根,,,自動取得不可
JR西日本,垂水,ひめじ別所,,,自動取得不可
JR西日本,垂水,御着,,,自動取得不可
JR西日本,垂水,東姫路,,,自動取得不可
JR西日本,垂水,姫路,,,自動取得不可
JR西日本,垂水,塚口,,,自動取得不可
JR西日本,垂水,猪名寺,,,自動取得不可
JR西日本,垂水,伊丹,,,自動取得不可
JR西日本,垂水,北伊丹,,,自動取得不可
JR西日本,垂水,川西池田,,,自動取得不可
JR西日本,垂水,中山寺,,,自動取得不可
JR西日本,垂水,宝塚,,,自動取得不可
JR西日本,垂水,生瀬,,,自動取得不可
JR西日本,垂水,西宮名塩,,,自動取得不可
JR西日本,垂水,武田尾,,,自動取得不可
JR西日本,垂水,道場,,,自動取得不可
JR西日本,垂水,三田,,,自動取得不可
JR西日本,垂水,新三田,,,自動取得不可
JR西日本,垂水,広野,,,自動取得不可
JR西日本,垂水,相野,,,自動取得不可
JR西日本,垂水,藍本,,,自動取得不可
JR西日本,垂水,草野,,,自動取得不可
JR西日本,垂水,古市,,,自動取得不可
JR西日本,垂水,南矢代,,,自動取得不可
JR西日本,垂水,篠山口,,,自動取得不可
JR西日本,垂水,相生,,,自動取得不可
JR西日本,垂水,西相生,,,自動取得不可
JR西日本,垂水,坂越,,,自動取得不可
JR西日本,垂水,播州赤穂,,,自動取得不可
JR西日本,垂水,天和,,,自動取得不可
JR西日本,垂水,備前福河,,,自動取得不可
JR西日本,垂水,日岡,,,自動取得不可
JR西日本,垂水,神野,,,自動取得不可
JR西日本,垂水,厄神,,,自動取得不可
JR西日本,垂水,市場,,,自動取得不可
JR西日本,垂水,小野町,,,自動取得不可
JR西日本,垂水,粟生,,,自動取得不可
JR西日本,垂水,河合西,,,自動取得不可
JR西日本,垂水,青野ケ原,,,自動取得不可
JR西日本,垂水,社町,,,自動取得不可
JR西日本,垂水,滝野,,,自動取得不可
JR西日本,垂水,滝,,,自動取得不可
JR西日本,垂水,西脇市,,,自動取得不可
JR西日本,垂水,新西脇,,,自動取得不可
JR西日本,垂水,比延,,,自動取得不可
JR西日本,垂水,日本へそ公園,,,自動取得不可
JR西日本,垂水,黒田庄,,,自動取得不可
JR西日本,垂水,本黒田,,,自動取得不可
JR西日本,垂水,船町口,,,自動取得不可
JR西日本,垂水,久下村,,,自動取得不可
JR西日本,垂水,谷川,,,自動取得不可
JR西日本,垂水,京口,,,自動取得不可
JR西日本,垂水,野里,,,自動取得不可
JR西日本,垂水,砥堀,,,自動取得不可
JR西日本,垂水,仁豊野,,,自動取得不可
JR西日本,垂水,香呂,,,自動取得不可
JR西日本,垂水,溝口,,,自動取得不可
JR西日本,垂水,福崎,,,自動取得不可
JR西日本,垂水,甘地,,,自動取得不可
JR西日本,垂水,鶴居,,,自動取得不可
JR西日本,垂水,新野,,,自動取得不可
JR西日本,垂水,寺前,,,自動取得不可
JR西日本,垂水,長谷,,,自動取得不可
JR西日本,垂水,生野,,,自動取得不可
JR西日本,垂水,新井,,,自動取得不可
JR西日本,垂水,青倉,,,自動取得不可
JR西日本,垂水,竹田,,,自動取得不可
JR西日本,垂水,和田山,,,自動取得不可
JR西日本,垂水,播磨高岡,,,自動取得不可
JR西日本,垂水,余部,,,自動取得不可
JR西日本,垂水,太市,,,自動取得不可
JR西日本,垂水,本竜野,,,自動取得不可
JR西日本,垂水,東觜崎,,,自動取得不可
JR西日本,垂水,播磨新宮,,,自動取得不可
JR西日本,垂水,千本,,,自動取得不可
JR西日本,垂水,西栗栖,,,自動取得不可
JR西日本,垂水,三日月,,,自動取得不可
JR西日本,垂水,播磨徳久,,,自動取得不可
JR西日本,垂水,佐用,,,自動取得不可
JR西日本,垂水,上月,,,自動取得不可
JR西日本,舞子,朝霧,,,自動取得不可
JR西日本,舞子,明石,,,自動取得不可
JR西日本,舞子,西明石,,,自動取得不可
JR西日本,舞子,大久保,,,自動取得不可
JR西日本,舞子,魚住,,,自動取得不可
JR西日本,舞子,土山,,,自動取得不可
JR西日本,舞子,東加古川,,,自動取得不可
JR西日本,舞子,加古川,,,自動取得不可
JR西日本,舞子,宝殿,,,自動取得不可
JR西日本,舞子,曽根,,,自動取得不可
JR西日本,舞子,ひめじ別所,,,自動取得不可
JR西日本,舞子,御着,,,自動取得不可
JR西日本,舞子,東姫路,,,自動取得不可
JR西日本,舞子,姫路,,,自動取得不可
JR西日本,舞子,塚口,,,自動取得不可
JR西日本,舞子,猪名寺,,,自動取得不可
JR西日本,舞子,伊丹,,,自動取得不可
JR西日本,舞子,北伊丹,,,自動取得不可
JR西日本,舞子,川西池田,,,自動取得不可
JR西日本,舞子,中山寺,,,自動取得不可
JR西日本,舞子,宝塚,,,自動取得不可
JR西日本,舞子,生瀬,,,自動取得不可
JR西日本,舞子,西宮名塩,,,自動取得不可
JR西日本,舞子,武田尾,,,自動取得不可
JR西日本,舞子,道場,,,自動取得不可
JR西日本,舞子,三田,,,自動取得不可
JR西日本,舞子,新三田,,,自動取得不可
JR西日本,舞子,広野,,,自動取得不可
JR西日本,舞子,相野,,,自動取得不可
JR西日本,舞子,藍本,,,自動取得不可
JR西日本,舞子,草野,,,自動取得不可
JR西日本,舞子,古市,,,自動取得不可
JR西日本,舞子,南矢代,,,自動取得不可
JR西日本,舞子,篠山口,,,自動取得不可
JR西日本,舞子,相生,,,自動取得不可
JR西日本,舞子,西相生,,,自動取得不可
JR西日本,舞子,坂越,,,自動取得不可
JR西日本,舞子,播州赤穂,,,自動取得不可
JR西日本,舞子,天和,,,自動取得不可
JR西日本,舞子,備前福河,,,自動取得不可
JR西日本,舞子,日岡,,,自動取得不可
JR西日本,舞子,神野,,,自動取得不可
JR西日本,舞子,厄神,,,自動取得不可
JR西日本,舞子,市場,,,自動取得不可
JR西日本,舞子,小野町,,,自動取得不可
JR西日本,舞子,粟生,,,自動取得不可
JR西日本,舞子,河合西,,,自動取得不可
JR西日本,舞子,青野ケ原,,,自動取得不可
JR西日本,舞子,社町,,,自動取得不可
JR西日本,舞子,滝野,,,自動取得不可
JR西日本,舞子,滝,,,自動取得不可
JR西日本,舞子,西脇市,,,自動取得不可
JR西日本,舞子,新西脇,,,自動取得不可
JR西日本,舞子,比延,,,自動取得不可
JR西日本,舞子,日本へそ公園,,,自動取得不可
JR西日本,舞子,黒田庄,,,自動取得不可
JR西日本,舞子,本黒田,,,自動取得不可
JR西日本,舞子,船町口,,,自動取得不可
JR西日本,舞子,久下村,,,自動取得不可
JR西日本,舞子,谷川,,,自動取得不可
JR西日本,舞子,京口,,,自動取得不可
JR西日本,舞子,野里,,,自動取得不可
JR西日本,舞子,砥堀,,,自動取得不可
JR西日本,舞子,仁豊野,,,自動取得不可
JR西日本,舞子,香呂,,,自動取得不可
JR西日本,舞子,溝口,,,自動取得不可
JR西日本,舞子,福崎,,,自動取得不可
JR西日本,舞子,甘地,,,自動取得不可
JR西日本,舞子,鶴居,,,自動取得不可
JR西日本,舞子,新野,,,自動取得不可
JR西日本,舞子,寺前,,,自動取得不可
JR西日本,舞子,長谷,,,自動取得不可
JR西日本,舞子,生野,,,自動取得不可
JR西日本,舞子,新井,,,自動取得不可
JR西日本,舞子,青倉,,,自動取得不可
JR西日本,舞子,竹田,,,自動取得不可
JR西日本,舞子,和田山,,,自動取得不可
JR西日本,舞子,播磨高岡,,,自動取得不可
JR西日本,舞子,余部,,,自動取得不可
JR西日本,舞子,太市,,,自動取得不可
JR西日本,舞子,本竜野,,,自動取得不可
JR西日本,舞子,東觜崎,,,自動取得不可
JR西日本,舞子,播磨新宮,,,自動取得不可
JR西日本,舞子,千本,,,自動取得不可
JR西日本,舞子,西栗栖,,,自動取得不可
JR西日本,舞子,三日月,,,自動取得不可
JR西日本,舞子,播磨徳久,,,自動取得不可
JR西日本,舞子,佐用,,,自動取得不可
JR西日本,舞子,上月,,,自動取得不可
JR西日本,朝霧,明石,,,自動取得不可
JR西日本,朝霧,西明石,,,自動取得不可
JR西日本,朝霧,大久保,,,自動取得不可
JR西日本,朝霧,魚住,,,自動取得不可
JR西日本,朝霧,土山,,,自動取得不可
JR西日本,朝霧,東加古川,,,自動取得不可
JR西日本,朝霧,加古川,,,自動取得不可
JR西日本,朝霧,宝殿,,,自動取得不可
JR西日本,朝霧,曽根,,,自動取得不可
JR西日本,朝霧,ひめじ別所,,,自動取得不可
JR西日本,朝霧,御着,,,自動取得不可
JR西日本,朝霧,東姫路,,,自動取得不可
JR西日本,朝霧,姫路,,,自動取得不可
JR西日本,朝霧,塚口,,,自動取得不可
JR西日本,朝霧,猪名寺,,,自動取得不可
JR西日本,朝霧,伊丹,,,自動取得不可
JR西日本,朝霧,北伊丹,,,自動取得不可
JR西日本,朝霧,川西池田,,,自動取得不可
JR西日本,朝霧,中山寺,,,自動取得不可
JR西日本,朝霧,宝塚,,,自動取得不可
JR西日本,朝霧,生瀬,,,自動取得不可
JR西日本,朝霧,西宮名塩,,,自動取得不可
JR西日本,朝霧,武田尾,,,自動取得不可
JR西日本,朝霧,道場,,,自動取得不可
JR西日本,朝霧,三田,,,自動取得不可
JR西日本,朝霧,新三田,,,自動取得不可
JR西日本,朝霧,広野,,,自動取得不可
JR西日本,朝霧,相野,,,自動取得不可
JR西日本,朝霧,藍本,,,自動取得不可
JR西日本,朝霧,草野,,,自動取得不可
JR西日本,朝霧,古市,,,自動取得不可
JR西日本,朝霧,南矢代,,,自動取得不可
JR西日本,朝霧,篠山口,,,自動取得不可
JR西日本,朝霧,相生,,,自動取得不可
JR西日本,朝霧,西相生,,,自動取得不可
JR西日本,朝霧,坂越,,,自動取得不可
JR西日本,朝霧,播州赤穂,,,自動取得不可
JR西日本,朝霧,天和,,,自動取得不可
JR西日本,朝霧,備前福河,,,自動取得不可
JR西日本,朝霧,日岡,,,自動取得不可
JR西日本,朝霧,神野,,,自動取得不可
JR西日本,朝霧,厄神,,,自動取得不可
JR西日本,朝霧,市場,,,自動取得不可
JR西日本,朝霧,小野町,,,自動取得不可
JR西日本,朝霧,粟生,,,自動取得不可
JR西日本,朝霧,河合西,,,自動取得不可
JR西日本,朝霧,青野ケ原,,,自動取得不可
JR西日本,朝霧,社町,,,自動取得不可
JR西日本,朝霧,滝野,,,自動取得不可
JR西日本,朝霧,滝,,,自動取得不可
JR西日本,朝霧,西脇市,,,自動取得不可
JR西日本,朝霧,新西脇,,,自動取得不可
JR西日本,朝霧,比延,,,自動取得不可
JR西日本,朝霧,日本へそ公園,,,自動取得不可
JR西日本,朝霧,黒田庄,,,自動取得不可
JR西日本,朝霧,本黒田,,,自動取得不可
JR西日本,朝霧,船町口,,,自動取得不可
JR西日本,朝霧,久下村,,,自動取得不可
JR西日本,朝霧,谷川,,,自動取得不可
JR西日本,朝霧,京口,,,自動取得不可
JR西日本,朝霧,野里,,,自動取得不可
JR西日本,朝霧,砥堀,,,自動取得不可
JR西日本,朝霧,仁豊野,,,自動取得不可
JR西日本,朝霧,香呂,,,自動取得不可
JR西日本,朝霧,溝口,,,自動取得不可
JR西日本,朝霧,福崎,,,自動取得不可
JR西日本,朝霧,甘地,,,自動取得不可
JR西日本,朝霧,鶴居,,,自動取得不可
JR西日本,朝霧,新野,,,自動取得不可
JR西日本,朝霧,寺前,,,自動取得不可
JR西日本,朝霧,長谷,,,自動取得不可
JR西日本,朝霧,生野,,,自動取得不可
JR西日本,朝霧,新井,,,自動取得不可
JR西日本,朝霧,青倉,,,自動取得不可
JR西日本,朝霧,竹田,,,自動取得不可
JR西日本,朝霧,和田山,,,自動取得不可
JR西日本,朝霧,播磨高岡,,,自動取得不可
JR西日本,朝霧,余部,,,自動取得不可
JR西日本,朝霧,太市,,,自動取得不可
JR西日本,朝霧,本竜野,,,自動取得不可
JR西日本,朝霧,東觜崎,,,自動取得不可
JR西日本,朝霧,播磨新宮,,,自動取得不可
JR西日本,朝霧,千本,,,自動取得不可
JR西日本,朝霧,西栗栖,,,自動取得不可
JR西日本,朝霧,三日月,,,自動取得不可
JR西日本,朝霧,播磨徳久,,,自動取得不可
JR西日本,朝霧,佐用,,,自動取得不可
JR西日本,朝霧,上月,,,自動取得不可
JR西日本,明石,西明石,,,自動取得不可
JR西日本,明石,大久保,,,自動取得不可
JR西日本,明石,魚住,,,自動取得不可
JR西日本,明石,土山,,,自動取得不可
JR西日本,明石,東加古川,,,自動取得不可
JR西日本,明石,宝殿,,,自動取得不可
JR西日本,明石,曽根,,,自動取得不可
JR西日本,明石,ひめじ別所,,,自動取得不可
JR西日本,明石,御着,,,自動取得不可
JR西日本,明石,東姫路,,,自動取得不可
JR西日本,明石,姫路,,,自動取得不可
JR西日本,明石,塚口,,,自動取得不可
JR西日本,明石,猪名寺,,,自動取得不可
JR西日本,明石,伊丹,,,自動取得不可
JR西日本,明石,北伊丹,,,自動取得不可
JR西日本,明石,川西池田,,,自動取得不可
JR西日本,明石,中山寺,,,自動取得不可
JR西日本,明石,宝塚,,,自動取得不可
JR西日本,明石,生瀬,,,自動取得不可
JR西日本,明石,西宮名塩,,,自動取得不可
JR西日本,明石,武田尾,,,自動取得不可
JR西日本,明石,道場,,,自動取得不可
JR西日本,明石,三田,,,自動取得不可
JR西日本,明石,新三田,,,自動取得不可
JR西日本,明石,広野,,,自動取得不可
JR西日本,明石,相野,,,自動取得不可
JR西日本,明石,藍本,,,自動取得不可
JR西日本,明石,草野,,,自動取得不可
JR西日本,明石,古市,,,自動取得不可
JR西日本,明石,南矢代,,,自動取得不可
JR西日本,明石,篠山口,,,自動取得不可
JR西日本,明石,相生,,,自動取得不可
JR西日本,明石,西相生,,,自動取得不可
JR西日本,明石,坂越,,,自動取得不可
JR西日本,明石,播州赤穂,,,自動取得不可
JR西日本,明石,天和,,,自動取得不可
JR西日本,明石,備前福河,,,自動取得不可
JR西日本,明石,日岡,,,自動取得不可
JR西日本,明石,神野,,,自動取得不可
JR西日本,明石,厄神,,,自動取得不可
JR西日本,明石,市場,,,自動取得不可
JR西日本,明石,小野町,,,自動取得不可
JR西日本,明石,粟生,,,自動取得不可
JR西日本,明石,河合西,,,自動取得不可
JR西日本,明石,青野ケ原,,,自動取得不可
JR西日本,明石,社町,,,自動取得不可
JR西日本,明石,滝野,,,自動取得不可
JR西日本,明石,滝,,,自動取得不可
JR西日本,明石,西脇市,,,自動取得不可
JR西日本,明石,新西脇,,,自動取得不可
JR西日本,明石,比延,,,自動取得不可
JR西日本,明石,日本へそ公園,,,自動取得不可
JR西日本,明石,黒田庄,,,自動取得不可
JR西日本,明石,本黒田,,,自動取得不可
JR西日本,明石,船町口,,,自動取得不可
JR西日本,明石,久下村,,,自動取得不可
JR西日本,明石,谷川,,,自動取得不可
JR西日本,明石,京口,,,自動取得不可
JR西日本,明石,野里,,,自動取得不可
JR西日本,明石,砥堀,,,自動取得不可
JR西日本,明石,仁豊野,,,自動取得不可
JR西日本,明石,香呂,,,自動取得不可
JR西日本,明石,溝口,,,自動取得不可
JR西日本,明石,福崎,,,自動取得不可
JR西日本,明石,甘地,,,自動取得不可
JR西日本,明石,鶴居,,,自動取得不可
JR西日本,明石,新野,,,自動取得不可
JR西日本,明石,寺前,,,自動取得不可
JR西日本,明石,長谷,,,自動取得不可
JR西日本,明石,生野,,,自動取得不可
JR西日本,明石,新井,,,自動取得不可
JR西日本,明石,青倉,,,自動取得不可
JR西日本,明石,竹田,,,自動取得不可
JR西日本,明石,和田山,,,自動取得不可
JR西日本,明石,播磨高岡,,,自動取得不可
JR西日本,明石,余部,,,自動取得不可
JR西日本,明石,太市,,,自動取得不可
JR西日本,明石,本竜野,,,自動取得不可
JR西日本,明石,東觜崎,,,自動取得不可
JR西日本,明石,播磨新宮,,,自動取得不可
JR西日本,明石,千本,,,自動取得不可
JR西日本,明石,西栗栖,,,自動取得不可
JR西日本,明石,三日月,,,自動取得不可
JR西日本,明石,播磨徳久,,,自動取得不可
JR西日本,明石,佐用,,,自動取得不可
JR西日本,明石,上月,,,自動取得不可
JR西日本,西明石,大久保,,,自動取得不可
JR西日本,西明石,魚住,,,自動取得不可
JR西日本,西明石,土山,,,自動取得不可
JR西日本,西明石,東加古川,,,自動取得不可
JR西日本,西明石,加古川,,,自動取得不可
JR西日本,西明石,宝殿,,,自動取得不可
JR西日本,西明石,曽根,,,自動取得不可
JR西日本,西明石,ひめじ別所,,,自動取得不可
JR西日本,西明石,御着,,,自動取得不可
JR西日本,西明石,東姫路,,,自動取得不可
JR西日本,西明石,姫路,,,自動取得不可
JR西日本,西明石,塚口,,,自動取得不可
JR西日本,西明石,猪名寺,,,自動取得不可
JR西日本,西明石,伊丹,,,自動取得不可
JR西日本,西明石,北伊丹,,,自動取得不可
JR西日本,西明石,川西池田,,,自動取得不可
JR西日本,西明石,中山寺,,,自動取得不可
JR西日本,西明石,宝塚,,,自動取得不可
JR西日本,西明石,生瀬,,,自動取得不可
JR西日本,西明石,西宮名塩,,,自動取得不可
JR西日本,西明石,武田尾,,,自動取得不可
JR西日本,西明石,道場,,,自動取得不可
JR西日本,西明石,三田,,,自動取得不可
JR西日本,西明石,新三田,,,自動取得不可
JR西日本,西明石,広野,,,自動取得不可
JR西日本,西明石,相野,,,自動取得不可
JR西日本,西明石,藍本,,,自動取得不可
JR西日本,西明石,草野,,,自動取得不可
JR西日本,西明石,古市,,,自動取得不可
JR西日本,西明石,南矢代,,,自動取得不可
JR西日本,西明石,篠山口,,,自動取得不可
JR西日本,西明石,相生,,,自動取得不可
JR西日本,西明石,西相生,,,自動取得不可
JR西日本,西明石,坂越,,,自動取得不可
JR西日本,西明石,播州赤穂,,,自動取得不可
JR西日本,西明石,天和,,,自動取得不可
JR西日本,西明石,備前福河,,,自動取得不可
JR西日本,西明石,日岡,,,自動取得不可
JR西日本,西明石,神野,,,自動取得不可
JR西日本,西明石,厄神,,,自動取得不可
JR西日本,西明石,市場,,,自動取得不可
JR西日本,西明石,小野町,,,自動取得不可
JR西日本,西明石,粟生,,,自動取得不可
JR西日本,西明石,河合西,,,自動取得不可
JR西日本,西明石,青野ケ原,,,自動取得不可
JR西日本,西明石,社町,,,自動取得不可
JR西日本,西明石,滝野,,,自動取得不可
JR西日本,西明石,滝,,,自動取得不可
JR西日本,西明石,西脇市,,,自動取得不可
JR西日本,西明石,新西脇,,,自動取得不可
JR西日本,西明石,比延,,,自動取得不可
JR西日本,西明石,日本へそ公園,,,自動取得不可
JR西日本,西明石,黒田庄,,,自動取得不可
JR西日本,西明石,本黒田,,,自動取得不可
JR西日本,西明石,船町口,,,自動取得不可
JR西日本,西明石,久下村,,,自動取得不可
JR西日本,西明石,谷川,,,自動取得不可
JR西日本,西明石,京口,,,自動取得不可
JR西日本,西明石,野里,,,自動取得不可
JR西日本,西明石,砥堀,,,自動取得不可
JR西日本,西明石,仁豊野,,,自動取得不可
JR西日本,西明石,香呂,,,自動取得不可
JR西日本,西明石,溝口,,,自動取得不可
JR西日本,西明石,福崎,,,自動取得不可
JR西日本,西明石,甘地,,,自動取得不可
JR西日本,西明石,鶴居,,,自動取得不可
JR西日本,西明石,新野,,,自動取得不可
JR西日本,西明石,寺前,,,自動取得不可
JR西日本,西明石,長谷,,,自動取得不可
JR西日本,西明石,生野,,,自動取得不可
JR西日本,西明石,新井,,,自動取得不可
JR西日本,西明石,青倉,,,自動取得不可
JR西日本,西明石,竹田,,,自動取得不可
JR西日本,西明石,和田山,,,自動取得不可
JR西日本,西明石,播磨高岡,,,自動取得不可
JR西日本,西明石,余部,,,自動取得不可
JR西日本,西明石,太市,,,自動取得不可
JR西日本,西明石,本竜野,,,自動取得不可
JR西日本,西明石,東觜崎,,,自動取得不可
JR西日本,西明石,播磨新宮,,,自動取得不可
JR西日本,西明石,千本,,,自動取得不可
JR西日本,西明石,西栗栖,,,自動取得不可
JR西日本,西明石,三日月,,,自動取得不可
JR西日本,西明石,播磨徳久,,,自動取得不可
JR西日本,西明石,佐用,,,自動取得不可
JR西日本,西明石,上月,,,自動取得不可
JR西日本,大久保,魚住,,,自動取得不可
JR西日本,大久保,土山,,,自動取得不可
JR西日本,大久保,東加古川,,,自動取得不可
JR西日本,大久保,加古川,,,自動取得不可
JR西日本,大久保,宝殿,,,自動取得不可
JR西日本,大久保,曽根,,,自動取得不可
JR西日本,大久保,ひめじ別所,,,自動取得不可
JR西日本,大久保,御着,,,自動取得不可
JR西日本,大久保,東姫路,,,自動取得不可
JR西日本,大久保,姫路,,,自動取得不可
JR西日本,大久保,塚口,,,自動取得不可
JR西日本,大久保,猪名寺,,,自動取得不可
JR西日本,大久保,伊丹,,,自動取得不可
JR西日本,大久保,北伊丹,,,自動取得不可
JR西日本,大久保,川西池田,,,自動取得不可
JR西日本,大久保,中山寺,,,自動取得不可
JR西日本,大久保,宝塚,,,自動取得不可
JR西日本,大久保,生瀬,,,自動取得不可
JR西日本,大久保,西宮名塩,,,自動取得不可
JR西日本,大久保,武田尾,,,自動取得不可
JR西日本,大久保,道場,,,自動取得不可
JR西日本,大久保,三田,,,自動取得不可
JR西日本,大久保,新三田,,,自動取得不可
JR西日本,大久保,広野,,,自動取得不可
JR西日本,大久保,相野,,,自動取得不可
JR西日本,大久保,藍本,,,自動取得不可
JR西日本,大久保,草野,,,自動取得不可
JR西日本,大久保,古市,,,自動取得不可
JR西日本,大久保,南矢代,,,自動取得不可
JR西日本,大久保,篠山口,,,自動取得不可
JR西日本,大久保,相生,,,自動取得不可
JR西日本,大久保,西相生,,,自動取得不可
JR西日本,大久保,坂越,,,自動取得不可
JR西日本,大久保,播州赤穂,,,自動取得不可
JR西日本,大久保,天和,,,自動取得不可
JR西日本,大久保,備前福河,,,自動取得不可
JR西日本,大久保,日岡,,,自動取得不可
JR西日本,大久保,神野,,,自動取得不可
JR西日本,大久保,厄神,,,自動取得不可
JR西日本,大久保,市場,,,自動取得不可
JR西日本,大久保,小野町,,,自動取得不可
JR西日本,大久保,粟生,,,自動取得不可
JR西日本,大久保,河合西,,,自動取得不可
JR西日本,大久保,青野ケ原,,,自動取得不可
JR西日本,大久保,社町,,,自動取得不可
JR西日本,大久保,滝野,,,自動取得不可
JR西日本,大久保,滝,,,自動取得不可
JR西日本,大久保,西脇市,,,自動取得不可
JR西日本,大久保,新西脇,,,自動取得不可
JR西日本,大久保,比延,,,自動取得不可
JR西日本,大久保,日本へそ公園,,,自動取得不可
JR西日本,大久保,黒田庄,,,自動取得不可
JR西日本,大久保,本黒田,,,自動取得不可
JR西日本,大久保,船町口,,,自動取得不可
JR西日本,大久保,久下村,,,自動取得不可
JR西日本,大久保,谷川,,,自動取得不可
JR西日本,大久保,京口,,,自動取得不可
JR西日本,大久保,野里,,,自動取得不可
JR西日本,大久保,砥堀,,,自動取得不可
JR西日本,大久保,仁豊野,,,自動取得不可
JR西日本,大久保,香呂,,,自動取得不可
JR西日本,大久保,溝口,,,自動取得不可
JR西日本,大久保,福崎,,,自動取得不可
JR西日本,大久保,甘地,,,自動取得不可
JR西日本,大久保,鶴居,,,自動取得不可
JR西日本,大久保,新野,,,自動取得不可
JR西日本,大久保,寺前,,,自動取得不可
JR西日本,大久保,長谷,,,自動取得不可
JR西日本,大久保,生野,,,自動取得不可
JR西日本,大久保,新井,,,自動取得不可
JR西日本,大久保,青倉,,,自動取得不可
JR西日本,大久保,竹田,,,自動取得不可
JR西日本,大久保,和田山,,,自動取得不可
JR西日本,大久保,播磨高岡,,,自動取得不可
JR西日本,大久保,余部,,,自動取得不可
JR西日本,大久保,太市,,,自動取得不可
JR西日本,大久保,本竜野,,,自動取得不可
JR西日本,大久保,東觜崎,,,自動取得不可
JR西日本,大久保,播磨新宮,,,自動取得不可
JR西日本,大久保,千本,,,自動取得不可
JR西日本,大久保,西栗栖,,,自動取得不可
JR西日本,大久保,三日月,,,自動取得不可
JR西日本,大久保,播磨徳久,,,自動取得不可
JR西日本,大久保,佐用,,,自動取得不可
JR西日本,大久保,上月,,,自動取得不可
JR西日本,魚住,土山,,,自動取得不可
JR西日本,魚住,東加古川,,,自動取得不可
JR西日本,魚住,加古川,,,自動取得不可
JR西日本,魚住,宝殿,,,自動取得不可
JR西日本,魚住,曽根,,,自動取得不可
JR西日本,魚住,ひめじ別所,,,自動取得不可
JR西日本,魚住,御着,,,自動取得不可
JR西日本,魚住,東姫路,,,自動取得不可
JR西日本,魚住,姫路,,,自動取得不可
JR西日本,魚住,塚口,,,自動取得不可
JR西日本,魚住,猪名寺,,,自動取得不可
JR西日本,魚住,伊丹,,,自動取得不可
JR西日本,魚住,北伊丹,,,自動取得不可
JR西日本,魚住,川西池田,,,自動取得不可
JR西日本,魚住,中山寺,,,自動取得不可
JR西日本,魚住,宝塚,,,自動取得不可
JR西日本,魚住,生瀬,,,自動取得不可
JR西日本,魚住,西宮名塩,,,自動取得不可
JR西日本,魚住,武田尾,,,自動取得不可
JR西日本,魚住,道場,,,自動取得不可
JR西日本,魚住,三田,,,自動取得不可
JR西日本,魚住,新三田,,,自動取得不可
JR西日本,魚住,広野,,,自動取得不可
JR西日本,魚住,相野,,,自動取得不可
JR西日本,魚住,藍本,,,自動取得不可
JR西日本,魚住,草野,,,自動取得不可
JR西日本,魚住,古市,,,自動取得不可
JR西日本,魚住,南矢代,,,自動取得不可
JR西日本,魚住,篠山口,,,自動取得不可
JR西日本,魚住,相生,,,自動取得不可
JR西日本,魚住,西相生,,,自動取得不可
JR西日本,魚住,坂越,,,自動取得不可
JR西日本,魚住,播州赤穂,,,自動取得不可
JR西日本,魚住,天和,,,自動取得不可
JR西日本,魚住,備前福河,,,自動取得不可
JR西日本,魚住,日岡,,,自動取得不可
JR西日本,魚住,神野,,,自動取得不可
JR西日本,魚住,厄神,,,自動取得不可
JR西日本,魚住,市場,,,自動取得不可
JR西日本,魚住,小野町,,,自動取得不可
JR西日本,魚住,粟生,,,自動取得不可
JR西日本,魚住,河合西,,,自動取得不可
JR西日本,魚住,青野ケ原,,,自動取得不可
JR西日本,魚住,社町,,,自動取得不可
JR西日本,魚住,滝野,,,自動取得不可
JR西日本,魚住,滝,,,自動取得不可
JR西日本,魚住,西脇市,,,自動取得不可
JR西日本,魚住,新西脇,,,自動取得不可
JR西日本,魚住,比延,,,自動取得不可
JR西日本,魚住,日本へそ公園,,,自動取得不可
JR西日本,魚住,黒田庄,,,自動取得不可
JR西日本,魚住,本黒田,,,自動取得不可
JR西日本,魚住,船町口,,,自動取得不可
JR西日本,魚住,久下村,,,自動取得不可
JR西日本,魚住,谷川,,,自動取得不可
JR西日本,魚住,京口,,,自動取得不可
JR西日本,魚住,野里,,,自動取得不可
JR西日本,魚住,砥堀,,,自動取得不可
JR西日本,魚住,仁豊野,,,自動取得不可
JR西日本,魚住,香呂,,,自動取得不可
JR西日本,魚住,溝口,,,自動取得不可
JR西日本,魚住,福崎,,,自動取得不可
JR西日本,魚住,甘地,,,自動取得不可
JR西日本,魚住,鶴居,,,自動取得不可
JR西日本,魚住,新野,,,自動取得不可
JR西日本,魚住,寺前,,,自動取得不可
JR西日本,魚住,長谷,,,自動取得不可
JR西日本,魚住,生野,,,自動取得不可
JR西日本,魚住,新井,,,自動取得不可
JR西日本,魚住,青倉,,,自動取得不可
JR西日本,魚住,竹田,,,自動取得不可
JR西日本,魚住,和田山,,,自動取得不可
JR西日本,魚住,播磨高岡,,,自動取得不可
JR西日本,魚住,余部,,,自動取得不可
JR西日本,魚住,太市,,,自動取得不可
JR西日本,魚住,本竜野,,,自動取得不可
JR西日本,魚住,東觜崎,,,自動取得不可
JR西日本,魚住,播磨新宮,,,自動取得不可
JR西日本,魚住,千本,,,自動取得不可
JR西日本,魚住,西栗栖,,,自動取得不可
JR西日本,魚住,三日月,,,自動取得不可
JR西日本,魚住,播磨徳久,,,自動取得不可
JR西日本,魚住,佐用,,,自動取得不可
JR西日本,魚住,上月,,,自動取得不可
JR西日本,土山,東加古川,,,自動取得不可
JR西日本,土山,加古川,,,自動取得不可
JR西日本,土山,宝殿,,,自動取得不可
JR西日本,土山,曽根,,,自動取得不可
JR西日本,土山,ひめじ別所,,,自動取得不可
JR西日本,土山,御着,,,自動取得不可
JR西日本,土山,東姫路,,,自動取得不可
JR西日本,土山,姫路,,,自動取得不可
JR西日本,土山,塚口,,,自動取得不可
JR西日本,土山,猪名寺,,,自動取得不可
JR西日本,土山,伊丹,,,自動取得不可
JR西日本,土山,北伊丹,,,自動取得不可
JR西日本,土山,川西池田,,,自動取得不可
JR西日本,土山,中山寺,,,自動取得不可
JR西日本,土山,宝塚,,,自動取得不可
JR西日本,土山,生瀬,,,自動取得不可
JR西日本,土山,西宮名塩,,,自動取得不可
JR西日本,土山,武田尾,,,自動取得不可
JR西日本,土山,道場,,,自動取得不可
JR西日本,土山,三田,,,自動取得不可
JR西日本,土山,新三田,,,自動取得不可
JR西日本,土山,広野,,,自動取得不可
JR西日本,土山,相野,,,自動取得不可
JR西日本,土山,藍本,,,自動取得不可
JR西日本,土山,草野,,,自動取得不可
JR西日本,土山,古市,,,自動取得不可
JR西日本,土山,南矢代,,,自動取得不可
JR西日本,土山,篠山口,,,自動取得不可
JR西日本,土山,相生,,,自動取得不可
JR西日本,土山,西相生,,,自動取得不可
JR西日本,土山,坂越,,,自動取得不可
JR西日本,土山,播州赤穂,,,自動取得不可
JR西日本,土山,天和,,,自動取得不可
JR西日本,土山,備前福河,,,自動取得不可
JR西日本,土山,日岡,,,自動取得不可
JR西日本,土山,神野,,,自動取得不可
JR西日本,土山,厄神,,,自動取得不可
JR西日本,土山,市場,,,自動取得不可
JR西日本,土山,小野町,,,自動取得不可
JR西日本,土山,粟生,,,自動取得不可
JR西日本,土山,河合西,,,自動取得不可
JR西日本,土山,青野ケ原,,,自動取得不可
JR西日本,土山,社町,,,自動取得不可
JR西日本,土山,滝野,,,自動取得不可
JR西日本,土山,滝,,,自動取得不可
JR西日本,土山,西脇市,,,自動取得不可
JR西日本,土山,新西脇,,,自動取得不可
JR西日本,土山,比延,,,自動取得不可
JR西日本,土山,日本へそ公園,,,自動取得不可
JR西日本,土山,黒田庄,,,自動取得不可
JR西日本,土山,本黒田,,,自動取得不可
JR西日本,土山,船町口,,,自動取得不可
JR西日本,土山,久下村,,,自動取得不可
JR西日本,土山,谷川,,,自動取得不可
JR西日本,土山,京口,,,自動取得不可
JR西日本,土山,野里,,,自動取得不可
JR西日本,土山,砥堀,,,自動取得不可
JR西日本,土山,仁豊野,,,自動取得不可
JR西日本,土山,香呂,,,自動取得不可
JR西日本,土山,溝口,,,自動取得不可
JR西日本,土山,福崎,,,自動取得不可
JR西日本,土山,甘地,,,自動取得不可
JR西日本,土山,鶴居,,,自動取得不可
JR西日本,土山,新野,,,自動取得不可
JR西日本,土山,寺前,,,自動取得不可
JR西日本,土山,長谷,,,自動取得不可
JR西日本,土山,生野,,,自動取得不可
JR西日本,土山,新井,,,自動取得不可
JR西日本,土山,青倉,,,自動取得不可
JR西日本,土山,竹田,,,自動取得不可
JR西日本,土山,和田山,,,自動取得不可
JR西日本,土山,播磨高岡,,,自動取得不可
JR西日本,土山,余部,,,自動取得不可
JR西日本,土山,太市,,,自動取得不可
JR西日本,土山,本竜野,,,自動取得不可
JR西日本,土山,東觜崎,,,自動取得不可
JR西日本,土山,播磨新宮,,,自動取得不可
JR西日本,土山,千本,,,自動取得不可
JR西日本,土山,西栗栖,,,自動取得不可
JR西日本,土山,三日月,,,自動取得不可
JR西日本,土山,播磨徳久,,,自動取得不可
JR西日本,土山,佐用,,,自動取得不可
JR西日本,土山,上月,,,自動取得不可
JR西日本,東加古川,加古川,,,自動取得不可
JR西日本,東加古川,宝殿,,,自動取得不可
JR西日本,東加古川,曽根,,,自動取得不可
JR西日本,東加古川,ひめじ別所,,,自動取得不可
JR西日本,東加古川,御着,,,自動取得不可
JR西日本,東加古川,東姫路,,,自動取得不可
JR西日本,東加古川,姫路,,,自動取得不可
JR西日本,東加古川,塚口,,,自動取得不可
JR西日本,東加古川,猪名寺,,,自動取得不可
JR西日本,東加古川,伊丹,,,自動取得不可
JR西日本,東加古川,北伊丹,,,自動取得不可
JR西日本,東加古川,川西池田,,,自動取得不可
JR西日本,東加古川,中山寺,,,自動取得不可
JR西日本,東加古川,宝塚,,,自動取得不可
JR西日本,東加古川,生瀬,,,自動取得不可
JR西日本,東加古川,西宮名塩,,,自動取得不可
JR西日本,東加古川,武田尾,,,自動取得不可
JR西日本,東加古川,道場,,,自動取得不可
JR西日本,東加古川,三田,,,自動取得不可
JR西日本,東加古川,新三田,,,自動取得不可
JR西日本,東加古川,広野,,,自動取得不可
JR西日本,東加古川,相野,,,自動取得不可
JR西日本,東加古川,藍本,,,自動取得不可
JR西日本,東加古川,草野,,,自動取得不可
JR西日本,東加古川,古市,,,自動取得不可
JR西日本,東加古川,南矢代,,,自動取得不可
JR西日本,東加古川,篠山口,,,自動取得不可
JR西日本,東加古川,相生,,,自動取得不可
JR西日本,東加古川,西相生,,,自動取得不可
JR西日本,東加古川,坂越,,,自動取得不可
JR西日本,東加古川,播州赤穂,,,自動取得不可
JR西日本,東加古川,天和,,,自動取得不可
JR西日本,東加古川,備前福河,,,自動取得不可
JR西日本,東加古川,日岡,,,自動取得不可
JR西日本,東加古川,神野,,,自動取得不可
JR西日本,東加古川,厄神,,,自動取得不可
JR西日本,東加古川,市場,,,自動取得不可
JR西日本,東加古川,小野町,,,自動取得不可
JR西日本,東加古川,粟生,,,自動取得不可
JR西日本,東加古川,河合西,,,自動取得不可
JR西日本,東加古川,青野ケ原,,,自動取得不可
JR西日本,東加古川,社町,,,自動取得不可
JR西日本,東加古川,滝野,,,自動取得不可
JR西日本,東加古川,滝,,,自動取得不可
JR西日本,東加古川,西脇市,,,自動取得不可
JR西日本,東加古川,新西脇,,,自動取得不可
JR西日本,東加古川,比延,,,自動取得不可
JR西日本,東加古川,日本へそ公園,,,自動取得不可
JR西日本,東加古川,黒田庄,,,自動取得不可
JR西日本,東加古川,本黒田,,,自動取得不可
JR西日本,東加古川,船町口,,,自動取得不可
JR西日本,東加古川,久下村,,,自動取得不可
JR西日本,東加古川,谷川,,,自動取得不可
JR西日本,東加古川,京口,,,自動取得不可
JR西日本,東加古川,野里,,,自動取得不可
JR西日本,東加古川,砥堀,,,自動取得不可
JR西日本,東加古川,仁豊野,,,自動取得不可
JR西日本,東加古川,香呂,,,自動取得不可
JR西日本,東加古川,溝口,,,自動取得不可
JR西日本,東加古川,福崎,,,自動取得不可
JR西日本,東加古川,甘地,,,自動取得不可
JR西日本,東加古川,鶴居,,,自動取得不可
JR西日本,東加古川,新野,,,自動取得不可
JR西日本,東加古川,寺前,,,自動取得不可
JR西日本,東加古川,長谷,,,自動取得不可
JR西日本,東加古川,生野,,,自動取得不可
JR西日本,東加古川,新井,,,自動取得不可
JR西日本,東加古川,青倉,,,自動取得不可
JR西日本,東加古川,竹田,,,自動取得不可
JR西日本,東加古川,和田山,,,自動取得不可
JR西日本,東加古川,播磨高岡,,,自動取得不可
JR西日本,東加古川,余部,,,自動取得不可
JR西日本,東加古川,太市,,,自動取得不可
JR西日本,東加古川,本竜野,,,自動取得不可
JR西日本,東加古川,東觜崎,,,自動取得不可
JR西日本,東加古川,播磨新宮,,,自動取得不可
JR西日本,東加古川,千本,,,自動取得不可
JR西日本,東加古川,西栗栖,,,自動取得不可
JR西日本,東加古川,三日月,,,自動取得不可
JR西日本,東加古川,播磨徳久,,,自動取得不可
JR西日本,東加古川,佐用,,,自動取得不可
JR西日本,東加古川,上月,,,自動取得不可
JR西日本,加古川,宝殿,,,自動取得不可
JR西日本,加古川,曽根,,,自動取得不可
JR西日本,加古川,ひめじ別所,,,自動取得不可
JR西日本,加古川,御着,,,自動取得不可
JR西日本,加古川,東姫路,,,自動取得不可
JR西日本,加古川,塚口,,,自動取得不可
JR西日本,加古川,猪名寺,,,自動取得不可
JR西日本,加古川,伊丹,,,自動取得不可
JR西日本,加古川,北伊丹,,,自動取得不可
JR西日本,加古川,川西池田,,,自動取得不可
JR西日本,加古川,中山寺,,,自動取得不可
JR西日本,加古川,宝塚,,,自動取得不可
JR西日本,加古川,生瀬,,,自動取得不可
JR西日本,加古川,西宮名塩,,,自動取得不可
JR西日本,加古川,武田尾,,,自動取得不可
JR西日本,加古川,道場,,,自動取得不可
JR西日本,加古川,三田,,,自動取得不可
JR西日本,加古川,新三田,,,自動取得不可
JR西日本,加古川,広野,,,自動取得不可
JR西日本,加古川,相野,,,自動取得不可
JR西日本,加古川,藍本,,,自動取得不可
JR西日本,加古川,草野,,,自動取得不可
JR西日本,加古川,古市,,,自動取得不可
JR西日本,加古川,南矢代,,,自動取得不可
JR西日本,加古川,篠山口,,,自動取得不可
JR西日本,加古川,相生,,,自動取得不可
JR西日本,加古川,西相生,,,自動取得不可
JR西日本,加古川,坂越,,,自動取得不可
JR西日本,加古川,播州赤穂,,,自動取得不可
JR西日本,加古川,天和,,,自動取得不可
JR西日本,加古川,備前福河,,,自動取得不可
JR西日本,加古川,日岡,,,自動取得不可
JR西日本,加古川,神野,,,自動取得不可
JR西日本,加古川,厄神,,,自動取得不可
JR西日本,加古川,市場,,,自動取得不可
JR西日本,加古川,小野町,,,自動取得不可
JR西日本,加古川,粟生,,,自動取得不可
JR西日本,加古川,河合西,,,自動取得不可
JR西日本,加古川,青野ケ原,,,自動取得不可
JR西日本,加古川,社町,,,自動取得不可
JR西日本,加古川,滝野,,,自動取得不可
JR西日本,加古川,滝,,,自動取得不可
JR西日本,加古川,西脇市,,,自動取得不可
JR西日本,加古川,新西脇,,,自動取得不可
JR西日本,加古川,比延,,,自動取得不可
JR西日本,加古川,日本へそ公園,,,自動取得不可
JR西日本,加古川,黒田庄,,,自動取得不可
JR西日本,加古川,本黒田,,,自動取得不可
JR西日本,加古川,船町口,,,自動取得不可
JR西日本,加古川,久下村,,,自動取得不可
JR西日本,加古川,谷川,,,自動取得不可
JR西日本,加古川,京口,,,自動取得不可
JR西日本,加古川,野里,,,自動取得不可
JR西日本,加古川,砥堀,,,自動取得不可
JR西日本,加古川,仁豊野,,,自動取得不可
JR西日本,加古川,香呂,,,自動取得不可
JR西日本,加古川,溝口,,,自動取得不可
JR西日本,加古川,福崎,,,自動取得不可
JR西日本,加古川,甘地,,,自動取得不可
JR西日本,加古川,鶴居,,,自動取得不可
JR西日本,加古川,新野,,,自動取得不可
JR西日本,加古川,寺前,,,自動取得不可
JR西日本,加古川,長谷,,,自動取得不可
JR西日本,加古川,生野,,,自動取得不可
JR西日本,加古川,新井,,,自動取得不可
JR西日本,加古川,青倉,,,自動取得不可
JR西日本,加古川,竹田,,,自動取得不可
JR西日本,加古川,和田山,,,自動取得不可
JR西日本,加古川,播磨高岡,,,自動取得不可
JR西日本,加古川,余部,,,自動取得不可
JR西日本,加古川,太市,,,自動取得不可
JR西日本,加古川,本竜野,,,自動取得不可
JR西日本,加古川,東觜崎,,,自動取得不可
JR西日本,加古川,播磨新宮,,,自動取得不可
JR西日本,加古川,千本,,,自動取得不可
JR西日本,加古川,西栗栖,,,自動取得不可
JR西日本,加古川,三日月,,,自動取得不可
JR西日本,加古川,播磨徳久,,,自動取得不可
JR西日本,加古川,佐用,,,自動取得不可
JR西日本,加古川,上月,,,自動取得不可
JR西日本,宝殿,曽根,,,自動取得不可
JR西日本,宝殿,ひめじ別所,,,自動取得不可
JR西日本,宝殿,御着,,,自動取得不可
JR西日本,宝殿,東姫路,,,自動取得不可
JR西日本,宝殿,姫路,,,自動取得不可
JR西日本,宝殿,塚口,,,自動取得不可
JR西日本,宝殿,猪名寺,,,自動取得不可
JR西日本,宝殿,伊丹,,,自動取得不可
JR西日本,宝殿,北伊丹,,,自動取得不可
JR西日本,宝殿,川西池田,,,自動取得不可
JR西日本,宝殿,中山寺,,,自動取得不可
JR西日本,宝殿,宝塚,,,自動取得不可
JR西日本,宝殿,生瀬,,,自動取得不可
JR西日本,宝殿,西宮名塩,,,自動取得不可
JR西日本,宝殿,武田尾,,,自動取得不可
JR西日本,宝殿,道場,,,自動取得不可
JR西日本,宝殿,三田,,,自動取得不可
JR西日本,宝殿,新三田,,,自動取得不可
JR西日本,宝殿,広野,,,自動取得不可
JR西日本,宝殿,相野,,,自動取得不可
JR西日本,宝殿,藍本,,,自動取得不可
JR西日本,宝殿,草野,,,自動取得不可
JR西日本,宝殿,古市,,,自動取得不可
JR西日本,宝殿,南矢代,,,自動取得不可
JR西日本,宝殿,篠山口,,,自動取得不可
JR西日本,宝殿,相生,,,自動取得不可
JR西日本,宝殿,西相生,,,自動取得不可
JR西日本,宝殿,坂越,,,自動取得不可
JR西日本,宝殿,播州赤穂,,,自動取得不可
JR西日本,宝殿,天和,,,自動取得不可
JR西日本,宝殿,備前福河,,,自動取得不可
JR西日本,宝殿,日岡,,,自動取得不可
JR西日本,宝殿,神野,,,自動取得不可
JR西日本,宝殿,厄神,,,自動取得不可
JR西日本,宝殿,市場,,,自動取得不可
JR西日本,宝殿,小野町,,,自動取得不可
JR西日本,宝殿,粟生,,,自動取得不可
JR西日本,宝殿,河合西,,,自動取得不可
JR西日本,宝殿,青野ケ原,,,自動取得不可
JR西日本,宝殿,社町,,,自動取得不可
JR西日本,宝殿,滝野,,,自動取得不可
JR西日本,宝殿,滝,,,自動取得不可
JR西日本,宝殿,西脇市,,,自動取得不可
JR西日本,宝殿,新西脇,,,自動取得不可
JR西日本,宝殿,比延,,,自動取得不可
JR西日本,宝殿,日本へそ公園,,,自動取得不可
JR西日本,宝殿,黒田庄,,,自動取得不可
JR西日本,宝殿,本黒田,,,自動取得不可
JR西日本,宝殿,船町口,,,自動取得不可
JR西日本,宝殿,久下村,,,自動取得不可
JR西日本,宝殿,谷川,,,自動取得不可
JR西日本,宝殿,京口,,,自動取得不可
JR西日本,宝殿,野里,,,自動取得不可
JR西日本,宝殿,砥堀,,,自動取得不可
JR西日本,宝殿,仁豊野,,,自動取得不可
JR西日本,宝殿,香呂,,,自動取得不可
JR西日本,宝殿,溝口,,,自動取得不可
JR西日本,宝殿,福崎,,,自動取得不可
JR西日本,宝殿,甘地,,,自動取得不可
JR西日本,宝殿,鶴居,,,自動取得不可
JR西日本,宝殿,新野,,,自動取得不可
JR西日本,宝殿,寺前,,,自動取得不可
JR西日本,宝殿,長谷,,,自動取得不可
JR西日本,宝殿,生野,,,自動取得不可
JR西日本,宝殿,新井,,,自動取得不可
JR西日本,宝殿,青倉,,,自動取得不可
JR西日本,宝殿,竹田,,,自動取得不可
JR西日本,宝殿,和田山,,,自動取得不可
JR西日本,宝殿,播磨高岡,,,自動取得不可
JR西日本,宝殿,余部,,,自動取得不可
JR西日本,宝殿,太市,,,自動取得不可
JR西日本,宝殿,本竜野,,,自動取得不可
JR西日本,宝殿,東觜崎,,,自動取得不可
JR西日本,宝殿,播磨新宮,,,自動取得不可
JR西日本,宝殿,千本,,,自動取得不可
JR西日本,宝殿,西栗栖,,,自動取得不可
JR西日本,宝殿,三日月,,,自動取得不可
JR西日本,宝殿,播磨徳久,,,自動取得不可
JR西日本,宝殿,佐用,,,自動取得不可
JR西日本,宝殿,上月,,,自動取得不可
JR西日本,曽根,ひめじ別所,,,自動取得不可
JR西日本,曽根,御着,,,自動取得不可
JR西日本,曽根,東姫路,,,自動取得不可
JR西日本,曽根,姫路,,,自動取得不可
JR西日本,曽根,塚口,,,自動取得不可
JR西日本,曽根,猪名寺,,,自動取得不可
JR西日本,曽根,伊丹,,,自動取得不可
JR西日本,曽根,北伊丹,,,自動取得不可
JR西日本,曽根,川西池田,,,自動取得不可
JR西日本,曽根,中山寺,,,自動取得不可
JR西日本,曽根,宝塚,,,自動取得不可
JR西日本,曽根,生瀬,,,自動取得不可
JR西日本,曽根,西宮名塩,,,自動取得不可
JR西日本,曽根,武田尾,,,自動取得不可
JR西日本,曽根,道場,,,自動取得不可
JR西日本,曽根,三田,,,自動取得不可
JR西日本,曽根,新三田,,,自動取得不可
JR西日本,曽根,広野,,,自動取得不可
JR西日本,曽根,相野,,,自動取得不可
JR西日本,曽根,藍本,,,自動取得不可
JR西日本,曽根,草野,,,自動取得不可
JR西日本,曽根,古市,,,自動取得不可
JR西日本,曽根,南矢代,,,自動取得不可
JR西日本,曽根,篠山口,,,自動取得不可
JR西日本,曽根,相生,,,自動取得不可
JR西日本,曽根,西相生,,,自動取得不可
JR西日本,曽根,坂越,,,自動取得不可
JR西日本,曽根,播州赤穂,,,自動取得不可
JR西日本,曽根,天和,,,自動取得不可
JR西日本,曽根,備前福河,,,自動取得不可
JR西日本,曽根,日岡,,,自動取得不可
JR西日本,曽根,神野,,,自動取得不可
JR西日本,曽根,厄神,,,自動取得不可
JR西日本,曽根,市場,,,自動取得不可
JR西日本,曽根,小野町,,,自動取得不可
JR西日本,曽根,粟生,,,自動取得不可
JR西日本,曽根,河合西,,,自動取得不可
JR西日本,曽根,青野ケ原,,,自動取得不可
JR西日本,曽根,社町,,,自動取得不可
JR西日本,曽根,滝野,,,自動取得不可
JR西日本,曽根,滝,,,自動取得不可
JR西日本,曽根,西脇市,,,自動取得不可
JR西日本,曽根,新西脇,,,自動取得不可
JR西日本,曽根,比延,,,自動取得不可
JR西日本,曽根,日本へそ公園,,,自動取得不可
JR西日本,曽根,黒田庄,,,自動取得不可
JR西日本,曽根,本黒田,,,自動取得不可
JR西日本,曽根,船町口,,,自動取得不可
JR西日本,曽根,久下村,,,自動取得不可
JR西日本,曽根,谷川,,,自動取得不可
JR西日本,曽根,京口,,,自動取得不可
JR西日本,曽根,野里,,,自動取得不可
JR西日本,曽根,砥堀,,,自動取得不可
JR西日本,曽根,仁豊野,,,自動取得不可
JR西日本,曽根,香呂,,,自動取得不可
JR西日本,曽根,溝口,,,自動取得不可
JR西日本,曽根,福崎,,,自動取得不可
JR西日本,曽根,甘地,,,自動取得不可
JR西日本,曽根,鶴居,,,自動取得不可
JR西日本,曽根,新野,,,自動取得不可
JR西日本,曽根,寺前,,,自動取得不可
JR西日本,曽根,長谷,,,自動取得不可
JR西日本,曽根,生野,,,自動取得不可
JR西日本,曽根,新井,,,自動取得不可
JR西日本,曽根,青倉,,,自動取得不可
JR西日本,曽根,竹田,,,自動取得不可
JR西日本,曽根,和田山,,,自動取得不可
JR西日本,曽根,播磨高岡,,,自動取得不可
JR西日本,曽根,余部,,,自動取得不可
JR西日本,曽根,太市,,,自動取得不可
JR西日本,曽根,本竜野,,,自動取得不可
JR西日本,曽根,東觜崎,,,自動取得不可
JR西日本,曽根,播磨新宮,,,自動取得不可
JR西日本,曽根,千本,,,自動取得不可
JR西日本,曽根,西栗栖,,,自動取得不可
JR西日本,曽根,三日月,,,自動取得不可
JR西日本,曽根,播磨徳久,,,自動取得不可
JR西日本,曽根,佐用,,,自動取得不可
JR西日本,曽根,上月,,,自動取得不可
JR西日本,ひめじ別所,御着,,,自動取得不可
JR西日本,ひめじ別所,東姫路,,,自動取得不可
JR西日本,ひめじ別所,姫路,,,自動取得不可
JR西日本,ひめじ別所,塚口,,,自動取得不可
JR西日本,ひめじ別所,猪名寺,,,自動取得不可
JR西日本,ひめじ別所,伊丹,,,自動取得不可
JR西日本,ひめじ別所,北伊丹,,,自動取得不可
JR西日本,ひめじ別所,川西池田,,,自動取得不可
JR西日本,ひめじ別所,中山寺,,,自動取得不可
JR西日本,ひめじ別所,宝塚,,,自動取得不可
JR西日本,ひめじ別所,生瀬,,,自動取得不可
JR西日本,ひめじ別所,西宮名塩,,,自動取得不可
JR西日本,ひめじ別所,武田尾,,,自動取得不可
JR西日本,ひめじ別所,道場,,,自動取得不可
JR西日本,ひめじ別所,三田,,,自動取得不可
JR西日本,ひめじ別所,新三田,,,自動取得不可
JR西日本,ひめじ別所,広野,,,自動取得不可
JR西日本,ひめじ別所,相野,,,自動取得不可
JR西日本,ひめじ別所,藍本,,,自動取得不可
JR西日本,ひめじ別所,草野,,,自動取得不可
JR西日本,ひめじ別所,古市,,,自動取得不可
JR西日本,ひめじ別所,南矢代,,,自動取得不可
JR西日本,ひめじ別所,篠山口,,,自動取得不可
JR西日本,ひめじ別所,相生,,,自動取得不可
JR西日本,ひめじ別所,西相生,,,自動取得不可
JR西日本,ひめじ別所,坂越,,,自動取得不可
JR西日本,ひめじ別所,播州赤穂,,,自動取得不可
JR西日本,ひめじ別所,天和,,,自動取得不可
JR西日本,ひめじ別所,備前福河,,,自動取得不可
JR西日本,ひめじ別所,日岡,,,自動取得不可
JR西日本,ひめじ別所,神野,,,自動取得不可
JR西日本,ひめじ別所,厄神,,,自動取得不可
JR西日本,ひめじ別所,市場,,,自動取得不可
JR西日本,ひめじ別所,小野町,,,自動取得不可
JR西日本,ひめじ別所,粟生,,,自動取得不可
JR西日本,ひめじ別所,河合西,,,自動取得不可
JR西日本,ひめじ別所,青野ケ原,,,自動取得不可
JR西日本,ひめじ別所,社町,,,自動取得不可
JR西日本,ひめじ別所,滝野,,,自動取得不可
JR西日本,ひめじ別所,滝,,,自動取得不可
JR西日本,ひめじ別所,西脇市,,,自動取得不可
JR西日本,ひめじ別所,新西脇,,,自動取得不可
JR西日本,ひめじ別所,比延,,,自動取得不可
JR西日本,ひめじ別所,日本へそ公園,,,自動取得不可
JR西日本,ひめじ別所,黒田庄,,,自動取得不可
JR西日本,ひめじ別所,本黒田,,,自動取得不可
JR西日本,ひめじ別所,船町口,,,自動取得不可
JR西日本,ひめじ別所,久下村,,,自動取得不可
JR西日本,ひめじ別所,谷川,,,自動取得不可
JR西日本,ひめじ別所,京口,,,自動取得不可
JR西日本,ひめじ別所,野里,,,自動取得不可
JR西日本,ひめじ別所,砥堀,,,自動取得不可
JR西日本,ひめじ別所,仁豊野,,,自動取得不可
JR西日本,ひめじ別所,香呂,,,自動取得不可
JR西日本,ひめじ別所,溝口,,,自動取得不可
JR西日本,ひめじ別所,福崎,,,自動取得不可
JR西日本,ひめじ別所,甘地,,,自動取得不可
JR西日本,ひめじ別所,鶴居,,,自動取得不可
JR西日本,ひめじ別所,新野,,,自動取得不可
JR西日本,ひめじ別所,寺前,,,自動取得不可
JR西日本,ひめじ別所,長谷,,,自動取得不可
JR西日本,ひめじ別所,生野,,,自動取得不可
JR西日本,ひめじ別所,新井,,,自動取得不可
JR西日本,ひめじ別所,青倉,,,自動取得不可
JR西日本,ひめじ別所,竹田,,,自動取得不可
JR西日本,ひめじ別所,和田山,,,自動取得不可
JR西日本,ひめじ別所,播磨高岡,,,自動取得不可
JR西日本,ひめじ別所,余部,,,自動取得不可
JR西日本,ひめじ別所,太市,,,自動取得不可
JR西日本,ひめじ別所,本竜野,,,自動取得不可
JR西日本,ひめじ別所,東觜崎,,,自動取得不可
JR西日本,ひめじ別所,播磨新宮,,,自動取得不可
JR西日本,ひめじ別所,千本,,,自動取得不可
JR西日本,ひめじ別所,西栗栖,,,自動取得不可
JR西日本,ひめじ別所,三日月,,,自動取得不可
JR西日本,ひめじ別所,播磨徳久,,,自動取得不可
JR西日本,ひめじ別所,佐用,,,自動取得不可
JR西日本,ひめじ別所,上月,,,自動取得不可
JR西日本,御着,東姫路,,,自動取得不可
JR西日本,御着,姫路,,,自動取得不可
JR西日本,御着,塚口,,,自動取得不可
JR西日本,御着,猪名寺,,,自動取得不可
JR西日本,御着,伊丹,,,自動取得不可
JR西日本,御着,北伊丹,,,自動取得不可
JR西日本,御着,川西池田,,,自動取得不可
JR西日本,御着,中山寺,,,自動取得不可
JR西日本,御着,宝塚,,,自動取得不可
JR西日本,御着,生瀬,,,自動取得不可
JR西日本,御着,西宮名塩,,,自動取得不可
JR西日本,御着,武田尾,,,自動取得不可
JR西日本,御着,道場,,,自動取得不可
JR西日本,御着,三田,,,自動取得不可
JR西日本,御着,新三田,,,自動取得不可
JR西日本,御着,広野,,,自動取得不可
JR西日本,御着,相野,,,自動取得不可
JR西日本,御着,藍本,,,自動取得不可
JR西日本,御着,草野,,,自動取得不可
JR西日本,御着,古市,,,自動取得不可
JR西日本,御着,南矢代,,,自動取得不可
JR西日本,御着,篠山口,,,自動取得不可
JR西日本,御着,相生,,,自動取得不可
JR西日本,御着,西相生,,,自動取得不可
JR西日本,御着,坂越,,,自動取得不可
JR西日本,御着,播州赤穂,,,自動取得不可
JR西日本,御着,天和,,,自動取得不可
JR西日本,御着,備前福河,,,自動取得不可
JR西日本,御着,日岡,,,自動取得不可
JR西日本,御着,神野,,,自動取得不可
JR西日本,御着,厄神,,,自動取得不可
JR西日本,御着,市場,,,自動取得不可
JR西日本,御着,小野町,,,自動取得不可
JR西日本,御着,粟生,,,自動取得不可
JR西日本,御着,河合西,,,自動取得不可
JR西日本,御着,青野ケ原,,,自動取得不可
JR西日本,御着,社町,,,自動取得不可
JR西日本,御着,滝野,,,自動取得不可
JR西日本,御着,滝,,,自動取得不可
JR西日本,御着,西脇市,,,自動取得不可
JR西日本,御着,新西脇,,,自動取得不可
JR西日本,御着,比延,,,自動取得不可
JR西日本,御着,日本へそ公園,,,自動取得不可
JR西日本,御着,黒田庄,,,自動取得不可
JR西日本,御着,本黒田,,,自動取得不可
JR西日本,御着,船町口,,,自動取得不可
JR西日本,御着,久下村,,,自動取得不可
JR西日本,御着,谷川,,,自動取得不可
JR西日本,御着,京口,,,自動取得不可
JR西日本,御着,野里,,,自動取得不可
JR西日本,御着,砥堀,,,自動取得不可
JR西日本,御着,仁豊野,,,自動取得不可
JR西日本,御着,香呂,,,自動取得不可
JR西日本,御着,溝口,,,自動取得不可
JR西日本,御着,福崎,,,自動取得不可
JR西日本,御着,甘地,,,自動取得不可
JR西日本,御着,鶴居,,,自動取得不可
JR西日本,御着,新野,,,自動取得不可
JR西日本,御着,寺前,,,自動取得不可
JR西日本,御着,長谷,,,自動取得不可
JR西日本,御着,生野,,,自動取得不可
JR西日本,御着,新井,,,自動取得不可
JR西日本,御着,青倉,,,自動取得不可
JR西日本,御着,竹田,,,自動取得不可
JR西日本,御着,和田山,,,自動取得不可
JR西日本,御着,播磨高岡,,,自動取得不可
JR西日本,御着,余部,,,自動取得不可
JR西日本,御着,太市,,,自動取得不可
JR西日本,御着,本竜野,,,自動取得不可
JR西日本,御着,東觜崎,,,自動取得不可
JR西日本,御着,播磨新宮,,,自動取得不可
JR西日本,御着,千本,,,自動取得不可
JR西日本,御着,西栗栖,,,自動取得不可
JR西日本,御着,三日月,,,自動取得不可
JR西日本,御着,播磨徳久,,,自動取得不可
JR西日本,御着,佐用,,,自動取得不可
JR西日本,御着,上月,,,自動取得不可
JR西日本,東姫路,姫路,,,自動取得不可
JR西日本,東姫路,塚口,,,自動取得不可
JR西日本,東姫路,猪名寺,,,自動取得不可
JR西日本,東姫路,伊丹,,,自動取得不可
JR西日本,東姫路,北伊丹,,,自動取得不可
JR西日本,東姫路,川西池田,,,自動取得不可
JR西日本,東姫路,中山寺,,,自動取得不可
JR西日本,東姫路,宝塚,,,自動取得不可
JR西日本,東姫路,生瀬,,,自動取得不可
JR西日本,東姫路,西宮名塩,,,自動取得不可
JR西日本,東姫路,武田尾,,,自動取得不可
JR西日本,東姫路,道場,,,自動取得不可
JR西日本,東姫路,三田,,,自動取得不可
JR西日本,東姫路,新三田,,,自動取得不可
JR西日本,東姫路,広野,,,自動取得不可
JR西日本,東姫路,相野,,,自動取得不可
JR西日本,東姫路,藍本,,,自動取得不可
JR西日本,東姫路,草野,,,自動取得不可
JR西日本,東姫路,古市,,,自動取得不可
JR西日本,東姫路,南矢代,,,自動取得不可
JR西日本,東姫路,篠山口,,,自動取得不可
JR西日本,東姫路,相生,,,自動取得不可
JR西日本,東姫路,西相生,,,自動取得不可
JR西日本,東姫路,坂越,,,自動取得不可
JR西日本,東姫路,播州赤穂,,,自動取得不可
JR西日本,東姫路,天和,,,自動取得不可
JR西日本,東姫路,備前福河,,,自動取得不可
JR西日本,東姫路,日岡,,,自動取得不可
JR西日本,東姫路,神野,,,自動取得不可
JR西日本,東姫路,厄神,,,自動取得不可
JR西日本,東姫路,市場,,,自動取得不可
JR西日本,東姫路,小野町,,,自動取得不可
JR西日本,東姫路,粟生,,,自動取得不可
JR西日本,東姫路,河合西,,,自動取得不可
JR西日本,東姫路,青野ケ原,,,自動取得不可
JR西日本,東姫路,社町,,,自動取得不可
JR西日本,東姫路,滝野,,,自動取得不可
JR西日本,東姫路,滝,,,自動取得不可
JR西日本,東姫路,西脇市,,,自動取得不可
JR西日本,東姫路,新西脇,,,自動取得不可
JR西日本,東姫路,比延,,,自動取得不可
JR西日本,東姫路,日本へそ公園,,,自動取得不可
JR西日本,東姫路,黒田庄,,,自動取得不可
JR西日本,東姫路,本黒田,,,自動取得不可
JR西日本,東姫路,船町口,,,自動取得不可
JR西日本,東姫路,久下村,,,自動取得不可
JR西日本,東姫路,谷川,,,自動取得不可
JR西日本,東姫路,京口,,,自動取得不可
JR西日本,東姫路,野里,,,自動取得不可
JR西日本,東姫路,砥堀,,,自動取得不可
JR西日本,東姫路,仁豊野,,,自動取得不可
JR西日本,東姫路,香呂,,,自動取得不可
JR西日本,東姫路,溝口,,,自動取得不可
JR西日本,東姫路,福崎,,,自動取得不可
JR西日本,東姫路,甘地,,,自動取得不可
JR西日本,東姫路,鶴居,,,自動取得不可
JR西日本,東姫路,新野,,,自動取得不可
JR西日本,東姫路,寺前,,,自動取得不可
JR西日本,東姫路,長谷,,,自動取得不可
JR西日本,東姫路,生野,,,自動取得不可
JR西日本,東姫路,新井,,,自動取得不可
JR西日本,東姫路,青倉,,,自動取得不可
JR西日本,東姫路,竹田,,,自動取得不可
JR西日本,東姫路,和田山,,,自動取得不可
JR西日本,東姫路,播磨高岡,,,自動取得不可
JR西日本,東姫路,余部,,,自動取得不可
JR西日本,東姫路,太市,,,自動取得不可
JR西日本,東姫路,本竜野,,,自動取得不可
JR西日本,東姫路,東觜崎,,,自動取得不可
JR西日本,東姫路,播磨新宮,,,自動取得不可
JR西日本,東姫路,千本,,,自動取得不可
JR西日本,東姫路,西栗栖,,,自動取得不可
JR西日本,東姫路,三日月,,,自動取得不可
JR西日本,東姫路,播磨徳久,,,自動取得不可
JR西日本,東姫路,佐用,,,自動取得不可
JR西日本,東姫路,上月,,,自動取得不可
JR西日本,姫路,塚口,,,自動取得不可
JR西日本,姫路,猪名寺,,,自動取得不可
JR西日本,姫路,伊丹,,,自動取得不可
JR西日本,姫路,北伊丹,,,自動取得不可
JR西日本,姫路,川西池田,,,自動取得不可
JR西日本,姫路,中山寺,,,自動取得不可
JR西日本,姫路,宝塚,,,自動取得不可
JR西日本,姫路,生瀬,,,自動取得不可
JR西日本,姫路,西宮名塩,,,自動取得不可
JR西日本,姫路,武田尾,,,自動取得不可
JR西日本,姫路,道場,,,自動取得不可
JR西日本,姫路,三田,,,自動取得不可
JR西日本,姫路,新三田,,,自動取得不可
JR西日本,姫路,広野,,,自動取得不可
JR西日本,姫路,相野,,,自動取得不可
JR西日本,姫路,藍本,,,自動取得不可
JR西日本,姫路,草野,,,自動取得不可
JR西日本,姫路,古市,,,自動取得不可
JR西日本,姫路,南矢代,,,自動取得不可
JR西日本,姫路,篠山口,,,自動取得不可
JR西日本,姫路,相生,,,自動取得不可
JR西日本,姫路,西相生,,,自動取得不可
JR西日本,姫路,坂越,,,自動取得不可
JR西日本,姫路,播州赤穂,,,自動取得不可
JR西日本,姫路,天和,,,自動取得不可
JR西日本,姫路,備前福河,,,自動取得不可
JR西日本,姫路,日岡,,,自動取得不可
JR西日本,姫路,神野,,,自動取得不可
JR西日本,姫路,厄神,,,自動取得不可
JR西日本,姫路,市場,,,自動取得不可
JR西日本,姫路,小野町,,,自動取得不可
JR西日本,姫路,粟生,,,自動取得不可
JR西日本,姫路,河合西,,,自動取得不可
JR西日本,姫路,青野ケ原,,,自動取得不可
JR西日本,姫路,社町,,,自動取得不可
JR西日本,姫路,滝野,,,自動取得不可
JR西日本,姫路,滝,,,自動取得不可
JR西日本,姫路,西脇市,,,自動取得不可
JR西日本,姫路,新西脇,,,自動取得不可
JR西日本,姫路,比延,,,自動取得不可
JR西日本,姫路,日本へそ公園,,,自動取得不可
JR西日本,姫路,黒田庄,,,自動取得不可
JR西日本,姫路,本黒田,,,自動取得不可
JR西日本,姫路,船町口,,,自動取得不可
JR西日本,姫路,久下村,,,自動取得不可
JR西日本,姫路,谷川,,,自動取得不可
JR西日本,姫路,京口,,,自動取得不可
JR西日本,姫路,野里,,,自動取得不可
JR西日本,姫路,砥堀,,,自動取得不可
JR西日本,姫路,仁豊野,,,自動取得不可
JR西日本,姫路,香呂,,,自動取得不可
JR西日本,姫路,溝口,,,自動取得不可
JR西日本,姫路,福崎,,,自動取得不可
JR西日本,姫路,甘地,,,自動取得不可
JR西日本,姫路,鶴居,,,自動取得不可
JR西日本,姫路,新野,,,自動取得不可
JR西日本,姫路,寺前,,,自動取得不可
JR西日本,姫路,長谷,,,自動取得不可
JR西日本,姫路,生野,,,自動取得不可
JR西日本,姫路,新井,,,自動取得不可
JR西日本,姫路,青倉,,,自動取得不可
JR西日本,姫路,竹田,,,自動取得不可
JR西日本,姫路,和田山,,,自動取得不可
JR西日本,姫路,播磨高岡,,,自動取得不可
JR西日本,姫路,余部,,,自動取得不可
JR西日本,姫路,太市,,,自動取得不可
JR西日本,姫路,本竜野,,,自動取得不可
JR西日本,姫路,東觜崎,,,自動取得不可
JR西日本,姫路,播磨新宮,,,自動取得不可
JR西日本,姫路,千本,,,自動取得不可
JR西日本,姫路,西栗栖,,,自動取得不可
JR西日本,姫路,三日月,,,自動取得不可
JR西日本,姫路,播磨徳久,,,自動取得不可
JR西日本,姫路,佐用,,,自動取得不可
JR西日本,姫路,上月,,,自動取得不可
JR西日本,塚口,猪名寺,,,自動取得不可
JR西日本,塚口,伊丹,,,自動取得不可
JR西日本,塚口,北伊丹,,,自動取得不可
JR西日本,塚口,川西池田,,,自動取得不可
JR西日本,塚口,中山寺,,,自動取得不可
JR西日本,塚口,宝塚,,,自動取得不可
JR西日本,塚口,生瀬,,,自動取得不可
JR西日本,塚口,西宮名塩,,,自動取得不可
JR西日本,塚口,武田尾,,,自動取得不可
JR西日本,塚口,道場,,,自動取得不可
JR西日本,塚口,三田,,,自動取得不可
JR西日本,塚口,新三田,,,自動取得不可
JR西日本,塚口,広野,,,自動取得不可
JR西日本,塚口,相野,,,自動取得不可
JR西日本,塚口,藍本,,,自動取得不可
JR西日本,塚口,草野,,,自動取得不可
JR西日本,塚口,古市,,,自動取得不可
JR西日本,塚口,南矢代,,,自動取得不可
JR西日本,塚口,篠山口,,,自動取得不可
JR西日本,塚口,相生,,,自動取得不可
JR西日本,塚口,西相生,,,自動取得不可
JR西日本,塚口,坂越,,,自動取得不可
JR西日本,塚口,播州赤穂,,,自動取得不可
JR西日本,塚口,天和,,,自動取得不可
JR西日本,塚口,備前福河,,,自動取得不可
JR西日本,塚口,日岡,,,自動取得不可
JR西日本,塚口,神野,,,自動取得不可
JR西日本,塚口,厄神,,,自動取得不可
JR西日本,塚口,市場,,,自動取得不可
JR西日本,塚口,小野町,,,自動取得不可
JR西日本,塚口,粟生,,,自動取得不可
JR西日本,塚口,河合西,,,自動取得不可
JR西日本,塚口,青野ケ原,,,自動取得不可
JR西日本,塚口,社町,,,自動取得不可
JR西日本,塚口,滝野,,,自動取得不可
JR西日本,塚口,滝,,,自動取得不可
JR西日本,塚口,西脇市,,,自動取得不可
JR西日本,塚口,新西脇,,,自動取得不可
JR西日本,塚口,比延,,,自動取得不可
JR西日本,塚口,日本へそ公園,,,自動取得不可
JR西日本,塚口,黒田庄,,,自動取得不可
JR西日本,塚口,本黒田,,,自動取得不可
JR西日本,塚口,船町口,,,自動取得不可
JR西日本,塚口,久下村,,,自動取得不可
JR西日本,塚口,谷川,,,自動取得不可
JR西日本,塚口,京口,,,自動取得不可
JR西日本,塚口,野里,,,自動取得不可
JR西日本,塚口,砥堀,,,自動取得不可
JR西日本,塚口,仁豊野,,,自動取得不可
JR西日本,塚口,香呂,,,自動取得不可
JR西日本,塚口,溝口,,,自動取得不可
JR西日本,塚口,福崎,,,自動取得不可
JR西日本,塚口,甘地,,,自動取得不可
JR西日本,塚口,鶴居,,,自動取得不可
JR西日本,塚口,新野,,,自動取得不可
JR西日本,塚口,寺前,,,自動取得不可
JR西日本,塚口,長谷,,,自動取得不可
JR西日本,塚口,生野,,,自動取得不可
JR西日本,塚口,新井,,,自動取得不可
JR西日本,塚口,青倉,,,自動取得不可
JR西日本,塚口,竹田,,,自動取得不可
JR西日本,塚口,和田山,,,自動取得不可
JR西日本,塚口,播磨高岡,,,自動取得不可
JR西日本,塚口,余部,,,自動取得不可
JR西日本,塚口,太市,,,自動取得不可
JR西日本,塚口,本竜野,,,自動取得不可
JR西日本,塚口,東觜崎,,,自動取得不可
JR西日本,塚口,播磨新宮,,,自動取得不可
JR西日本,塚口,千本,,,自動取得不可
JR西日本,塚口,西栗栖,,,自動取得不可
JR西日本,塚口,三日月,,,自動取得不可
JR西日本,塚口,播磨徳久,,,自動取得不可
JR西日本,塚口,佐用,,,自動取得不可
JR西日本,塚口,上月,,,自動取得不可
JR西日本,猪名寺,伊丹,,,自動取得不可
JR西日本,猪名寺,北伊丹,,,自動取得不可
JR西日本,猪名寺,川西池田,,,自動取得不可
JR西日本,猪名寺,中山寺,,,自動取得不可
JR西日本,猪名寺,宝塚,,,自動取得不可
JR西日本,猪名寺,生瀬,,,自動取得不可
JR西日本,猪名寺,西宮名塩,,,自動取得不可
JR西日本,猪名寺,武田尾,,,自動取得不可
JR西日本,猪名寺,道場,,,自動取得不可
JR西日本,猪名寺,三田,,,自動取得不可
JR西日本,猪名寺,新三田,,,自動取得不可
JR西日本,猪名寺,広野,,,自動取得不可
JR西日本,猪名寺,相野,,,自動取得不可
JR西日本,猪名寺,藍本,,,自動取得不可
JR西日本,猪名寺,草野,,,自動取得不可
JR西日本,猪名寺,古市,,,自動取得不可
JR西日本,猪名寺,南矢代,,,自動取得不可
JR西日本,猪名寺,篠山口,,,自動取得不可
JR西日本,猪名寺,相生,,,自動取得不可
JR西日本,猪名寺,西相生,,,自動取得不可
JR西日本,猪名寺,坂越,,,自動取得不可
JR西日本,猪名寺,播州赤穂,,,自動取得不可
JR西日本,猪名寺,天和,,,自動取得不可
JR西日本,猪名寺,備前福河,,,自動取得不可
JR西日本,猪名寺,日岡,,,自動取得不可
JR西日本,猪名寺,神野,,,自動取得不可
JR西日本,猪名寺,厄神,,,自動取得不可
JR西日本,猪名寺,市場,,,自動取得不可
JR西日本,猪名寺,小野町,,,自動取得不可
JR西日本,猪名寺,粟生,,,自動取得不可
JR西日本,猪名寺,河合西,,,自動取得不可
JR西日本,猪名寺,青野ケ原,,,自動取得不可
JR西日本,猪名寺,社町,,,自動取得不可
JR西日本,猪名寺,滝野,,,自動取得不可
JR西日本,猪名寺,滝,,,自動取得不可
JR西日本,猪名寺,西脇市,,,自動取得不可
JR西日本,猪名寺,新西脇,,,自動取得不可
JR西日本,猪名寺,比延,,,自動取得不可
JR西日本,猪名寺,日本へそ公園,,,自動取得不可
JR西日本,猪名寺,黒田庄,,,自動取得不可
JR西日本,猪名寺,本黒田,,,自動取得不可
JR西日本,猪名寺,船町口,,,自動取得不可
JR西日本,猪名寺,久下村,,,自動取得不可
JR西日本,猪名寺,谷川,,,自動取得不可
JR西日本,猪名寺,京口,,,自動取得不可
JR西日本,猪名寺,野里,,,自動取得不可
JR西日本,猪名寺,砥堀,,,自動取得不可
JR西日本,猪名寺,仁豊野,,,自動取得不可
JR西日本,猪名寺,香呂,,,自動取得不可
JR西日本,猪名寺,溝口,,,自動取得不可
JR西日本,猪名寺,福崎,,,自動取得不可
JR西日本,猪名寺,甘地,,,自動取得不可
JR西日本,猪名寺,鶴居,,,自動取得不可
JR西日本,猪名寺,新野,,,自動取得不可
JR西日本,猪名寺,寺前,,,自動取得不可
JR西日本,猪名寺,長谷,,,自動取得不可
JR西日本,猪名寺,生野,,,自動取得不可
JR西日本,猪名寺,新井,,,自動取得不可
JR西日本,猪名寺,青倉,,,自動取得不可
JR西日本,猪名寺,竹田,,,自動取得不可
JR西日本,猪名寺,和田山,,,自動取得不可
JR西日本,猪名寺,播磨高岡,,,自動取得不可
JR西日本,猪名寺,余部,,,自動取得不可
JR西日本,猪名寺,太市,,,自動取得不可
JR西日本,猪名寺,本竜野,,,自動取得不可
JR西日本,猪名寺,東觜崎,,,自動取得不可
JR西日本,猪名寺,播磨新宮,,,自動取得不可
JR西日本,猪名寺,千本,,,自動取得不可
JR西日本,猪名寺,西栗栖,,,自動取得不可
JR西日本,猪名寺,三日月,,,自動取得不可
JR西日本,猪名寺,播磨徳久,,,自動取得不可
JR西日本,猪名寺,佐用,,,自動取得不可
JR西日本,猪名寺,上月,,,自動取得不可
JR西日本,伊丹,北伊丹,,,自動取得不可
JR西日本,伊丹,川西池田,,,自動取得不可
JR西日本,伊丹,中山寺,,,自動取得不可
JR西日本,伊丹,宝塚,,,自動取得不可
JR西日本,伊丹,生瀬,,,自動取得不可
JR西日本,伊丹,西宮名塩,,,自動取得不可
JR西日本,伊丹,武田尾,,,自動取得不可
JR西日本,伊丹,道場,,,自動取得不可
JR西日本,伊丹,三田,,,自動取得不可
JR西日本,伊丹,新三田,,,自動取得不可
JR西日本,伊丹,広野,,,自動取得不可
JR西日本,伊丹,相野,,,自動取得不可
JR西日本,伊丹,藍本,,,自動取得不可
JR西日本,伊丹,草野,,,自動取得不可
JR西日本,伊丹,古市,,,自動取得不可
JR西日本,伊丹,南矢代,,,自動取得不可
JR西日本,伊丹,篠山口,,,自動取得不可
JR西日本,伊丹,相生,,,自動取得不可
JR西日本,伊丹,西相生,,,自動取得不可
JR西日本,伊丹,坂越,,,自動取得不可
JR西日本,伊丹,播州赤穂,,,自動取得不可
JR西日本,伊丹,天和,,,自動取得不可
JR西日本,伊丹,備前福河,,,自動取得不可
JR西日本,伊丹,日岡,,,自動取得不可
JR西日本,伊丹,神野,,,自動取得不可
JR西日本,伊丹,厄神,,,自動取得不可
JR西日本,伊丹,市場,,,自動取得不可
JR西日本,伊丹,小野町,,,自動取得不可
JR西日本,伊丹,粟生,,,自動取得不可
JR西日本,伊丹,河合西,,,自動取得不可
JR西日本,伊丹,青野ケ原,,,自動取得不可
JR西日本,伊丹,社町,,,自動取得不可
JR西日本,伊丹,滝野,,,自動取得不可
JR西日本,伊丹,滝,,,自動取得不可
JR西日本,伊丹,西脇市,,,自動取得不可
JR西日本,伊丹,新西脇,,,自動取得不可
JR西日本,伊丹,比延,,,自動取得不可
JR西日本,伊丹,日本へそ公園,,,自動取得不可
JR西日本,伊丹,黒田庄,,,自動取得不可
JR西日本,伊丹,本黒田,,,自動取得不可
JR西日本,伊丹,船町口,,,自動取得不可
JR西日本,伊丹,久下村,,,自動取得不可
JR西日本,伊丹,谷川,,,自動取得不可
JR西日本,伊丹,京口,,,自動取得不可
JR西日本,伊丹,野里,,,自動取得不可
JR西日本,伊丹,砥堀,,,自動取得不可
JR西日本,伊丹,仁豊野,,,自動取得不可
JR西日本,伊丹,香呂,,,自動取得不可
JR西日本,伊丹,溝口,,,自動取得不可
JR西日本,伊丹,福崎,,,自動取得不可
JR西日本,伊丹,甘地,,,自動取得不可
JR西日本,伊丹,鶴居,,,自動取得不可
JR西日本,伊丹,新野,,,自動取得不可
JR西日本,伊丹,寺前,,,自動取得不可
JR西日本,伊丹,長谷,,,自動取得不可
JR西日本,伊丹,生野,,,自動取得不可
JR西日本,伊丹,新井,,,自動取得不可
JR西日本,伊丹,青倉,,,自動取得不可
JR西日本,伊丹,竹田,,,自動取得不可
JR西日本,伊丹,和田山,,,自動取得不可
JR西日本,伊丹,播磨高岡,,,自動取得不可
JR西日本,伊丹,余部,,,自動取得不可
JR西日本,伊丹,太市,,,自動取得不可
JR西日本,伊丹,本竜野,,,自動取得不可
JR西日本,伊丹,東觜崎,,,自動取得不可
JR西日本,伊丹,播磨新宮,,,自動取得不可
JR西日本,伊丹,千本,,,自動取得不可
JR西日本,伊丹,西栗栖,,,自動取得不可
JR西日本,伊丹,三日月,,,自動取得不可
JR西日本,伊丹,播磨徳久,,,自動取得不可
JR西日本,伊丹,佐用,,,自動取得不可
JR西日本,伊丹,上月,,,自動取得不可
JR西日本,北伊丹,川西池田,,,自動取得不可
JR西日本,北伊丹,中山寺,,,自動取得不可
JR西日本,北伊丹,宝塚,,,自動取得不可
JR西日本,北伊丹,生瀬,,,自動取得不可
JR西日本,北伊丹,西宮名塩,,,自動取得不可
JR西日本,北伊丹,武田尾,,,自動取得不可
JR西日本,北伊丹,道場,,,自動取得不可
JR西日本,北伊丹,三田,,,自動取得不可
JR西日本,北伊丹,新三田,,,自動取得不可
JR西日本,北伊丹,広野,,,自動取得不可
JR西日本,北伊丹,相野,,,自動取得不可
JR西日本,北伊丹,藍本,,,自動取得不可
JR西日本,北伊丹,草野,,,自動取得不可
JR西日本,北伊丹,古市,,,自動取得不可
JR西日本,北伊丹,南矢代,,,自動取得不可
JR西日本,北伊丹,篠山口,,,自動取得不可
JR西日本,北伊丹,相生,,,自動取得不可
JR西日本,北伊丹,西相生,,,自動取得不可
JR西日本,北伊丹,坂越,,,自動取得不可
JR西日本,北伊丹,播州赤穂,,,自動取得不可
JR西日本,北伊丹,天和,,,自動取得不可
JR西日本,北伊丹,備前福河,,,自動取得不可
JR西日本,北伊丹,日岡,,,自動取得不可
JR西日本,北伊丹,神野,,,自動取得不可
JR西日本,北伊丹,厄神,,,自動取得不可
JR西日本,北伊丹,市場,,,自動取得不可
JR西日本,北伊丹,小野町,,,自動取得不可
JR西日本,北伊丹,粟生,,,自動取得不可
JR西日本,北伊丹,河合西,,,自動取得不可
JR西日本,北伊丹,青野ケ原,,,自動取得不可
JR西日本,北伊丹,社町,,,自動取得不可
JR西日本,北伊丹,滝野,,,自動取得不可
JR西日本,北伊丹,滝,,,自動取得不可
JR西日本,北伊丹,西脇市,,,自動取得不可
JR西日本,北伊丹,新西脇,,,自動取得不可
JR西日本,北伊丹,比延,,,自動取得不可
JR西日本,北伊丹,日本へそ公園,,,自動取得不可
JR西日本,北伊丹,黒田庄,,,自動取得不可
JR西日本,北伊丹,本黒田,,,自動取得不可
JR西日本,北伊丹,船町口,,,自動取得不可
JR西日本,北伊丹,久下村,,,自動取得不可
JR西日本,北伊丹,谷川,,,自動取得不可
JR西日本,北伊丹,京口,,,自動取得不可
JR西日本,北伊丹,野里,,,自動取得不可
JR西日本,北伊丹,砥堀,,,自動取得不可
JR西日本,北伊丹,仁豊野,,,自動取得不可
JR西日本,北伊丹,香呂,,,自動取得不可
JR西日本,北伊丹,溝口,,,自動取得不可
JR西日本,北伊丹,福崎,,,自動取得不可
JR西日本,北伊丹,甘地,,,自動取得不可
JR西日本,北伊丹,鶴居,,,自動取得不可
JR西日本,北伊丹,新野,,,自動取得不可
JR西日本,北伊丹,寺前,,,自動取得不可
JR西日本,北伊丹,長谷,,,自動取得不可
JR西日本,北伊丹,生野,,,自動取得不可
JR西日本,北伊丹,新井,,,自動取得不可
JR西日本,北伊丹,青倉,,,自動取得不可
JR西日本,北伊丹,竹田,,,自動取得不可
JR西日本,北伊丹,和田山,,,自動取得不可
JR西日本,北伊丹,播磨高岡,,,自動取得不可
JR西日本,北伊丹,余部,,,自動取得不可
JR西日本,北伊丹,太市,,,自動取得不可
JR西日本,北伊丹,本竜野,,,自動取得不可
JR西日本,北伊丹,東觜崎,,,自動取得不可
JR西日本,北伊丹,播磨新宮,,,自動取得不可
JR西日本,北伊丹,千本,,,自動取得不可
JR西日本,北伊丹,西栗栖,,,自動取得不可
JR西日本,北伊丹,三日月,,,自動取得不可
JR西日本,北伊丹,播磨徳久,,,自動取得不可
JR西日本,北伊丹,佐用,,,自動取得不可
JR西日本,北伊丹,上月,,,自動取得不可
JR西日本,川西池田,中山寺,,,自動取得不可
JR西日本,川西池田,宝塚,,,自動取得不可
JR西日本,川西池田,生瀬,,,自動取得不可
JR西日本,川西池田,西宮名塩,,,自動取得不可
JR西日本,川西池田,武田尾,,,自動取得不可
JR西日本,川西池田,道場,,,自動取得不可
JR西日本,川西池田,三田,,,自動取得不可
JR西日本,川西池田,新三田,,,自動取得不可
JR西日本,川西池田,広野,,,自動取得不可
JR西日本,川西池田,相野,,,自動取得不可
JR西日本,川西池田,藍本,,,自動取得不可
JR西日本,川西池田,草野,,,自動取得不可
JR西日本,川西池田,古市,,,自動取得不可
JR西日本,川西池田,南矢代,,,自動取得不可
JR西日本,川西池田,篠山口,,,自動取得不可
JR西日本,川西池田,相生,,,自動取得不可
JR西日本,川西池田,西相生,,,自動取得不可
JR西日本,川西池田,坂越,,,自動取得不可
JR西日本,川西池田,播州赤穂,,,自動取得不可
JR西日本,川西池田,天和,,,自動取得不可
JR西日本,川西池田,備前福河,,,自動取得不可
JR西日本,川西池田,日岡,,,自動取得不可
JR西日本,川西池田,神野,,,自動取得不可
JR西日本,川西池田,厄神,,,自動取得不可
JR西日本,川西池田,市場,,,自動取得不可
JR西日本,川西池田,小野町,,,自動取得不可
JR西日本,川西池田,粟生,,,自動取得不可
JR西日本,川西池田,河合西,,,自動取得不可
JR西日本,川西池田,青野ケ原,,,自動取得不可
JR西日本,川西池田,社町,,,自動取得不可
JR西日本,川西池田,滝野,,,自動取得不可
JR西日本,川西池田,滝,,,自動取得不可
JR西日本,川西池田,西脇市,,,自動取得不可
JR西日本,川西池田,新西脇,,,自動取得不可
JR西日本,川西池田,比延,,,自動取得不可
JR西日本,川西池田,日本へそ公園,,,自動取得不可
JR西日本,川西池田,黒田庄,,,自動取得不可
JR西日本,川西池田,本黒田,,,自動取得不可
JR西日本,川西池田,船町口,,,自動取得不可
JR西日本,川西池田,久下村,,,自動取得不可
JR西日本,川西池田,谷川,,,自動取得不可
JR西日本,川西池田,京口,,,自動取得不可
JR西日本,川西池田,野里,,,自動取得不可
JR西日本,川西池田,砥堀,,,自動取得不可
JR西日本,川西池田,仁豊野,,,自動取得不可
JR西日本,川西池田,香呂,,,自動取得不可
JR西日本,川西池田,溝口,,,自動取得不可
JR西日本,川西池田,福崎,,,自動取得不可
JR西日本,川西池田,甘地,,,自動取得不可
JR西日本,川西池田,鶴居,,,自動取得不可
JR西日本,川西池田,新野,,,自動取得不可
JR西日本,川西池田,寺前,,,自動取得不可
JR西日本,川西池田,長谷,,,自動取得不可
JR西日本,川西池田,生野,,,自動取得不可
JR西日本,川西池田,新井,,,自動取得不可
JR西日本,川西池田,青倉,,,自動取得不可
JR西日本,川西池田,竹田,,,自動取得不可
JR西日本,川西池田,和田山,,,自動取得不可
JR西日本,川西池田,播磨高岡,,,自動取得不可
JR西日本,川西池田,余部,,,自動取得不可
JR西日本,川西池田,太市,,,自動取得不可
JR西日本,川西池田,本竜野,,,自動取得不可
JR西日本,川西池田,東觜崎,,,自動取得不可
JR西日本,川西池田,播磨新宮,,,自動取得不可
JR西日本,川西池田,千本,,,自動取得不可
JR西日本,川西池田,西栗栖,,,自動取得不可
JR西日本,川西池田,三日月,,,自動取得不可
JR西日本,川西池田,播磨徳久,,,自動取得不可
JR西日本,川西池田,佐用,,,自動取得不可
JR西日本,川西池田,上月,,,自動取得不可
JR西日本,中山寺,宝塚,,,自動取得不可
JR西日本,中山寺,生瀬,,,自動取得不可
JR西日本,中山寺,西宮名塩,,,自動取得不可
JR西日本,中山寺,武田尾,,,自動取得不可
JR西日本,中山寺,道場,,,自動取得不可
JR西日本,中山寺,三田,,,自動取得不可
JR西日本,中山寺,新三田,,,自動取得不可
JR西日本,中山寺,広野,,,自動取得不可
JR西日本,中山寺,相野,,,自動取得不可
JR西日本,中山寺,藍本,,,自動取得不可
JR西日本,中山寺,草野,,,自動取得不可
JR西日本,中山寺,古市,,,自動取得不可
JR西日本,中山寺,南矢代,,,自動取得不可
JR西日本,中山寺,篠山口,,,自動取得不可
JR西日本,中山寺,相生,,,自動取得不可
JR西日本,中山寺,西相生,,,自動取得不可
JR西日本,中山寺,坂越,,,自動取得不可
JR西日本,中山寺,播州赤穂,,,自動取得不可
JR西日本,中山寺,天和,,,自動取得不可
JR西日本,中山寺,備前福河,,,自動取得不可
JR西日本,中山寺,日岡,,,自動取得不可
JR西日本,中山寺,神野,,,自動取得不可
JR西日本,中山寺,厄神,,,自動取得不可
JR西日本,中山寺,市場,,,自動取得不可
JR西日本,中山寺,小野町,,,自動取得不可
JR西日本,中山寺,粟生,,,自動取得不可
JR西日本,中山寺,河合西,,,自動取得不可
JR西日本,中山寺,青野ケ原,,,自動取得不可
JR西日本,中山寺,社町,,,自動取得不可
JR西日本,中山寺,滝野,,,自動取得不可
JR西日本,中山寺,滝,,,自動取得不可
JR西日本,中山寺,西脇市,,,自動取得不可
JR西日本,中山寺,新西脇,,,自動取得不可
JR西日本,中山寺,比延,,,自動取得不可
JR西日本,中山寺,日本へそ公園,,,自動取得不可
JR西日本,中山寺,黒田庄,,,自動取得不可
JR西日本,中山寺,本黒田,,,自動取得不可
JR西日本,中山寺,船町口,,,自動取得不可
JR西日本,中山寺,久下村,,,自動取得不可
JR西日本,中山寺,谷川,,,自動取得不可
JR西日本,中山寺,京口,,,自動取得不可
JR西日本,中山寺,野里,,,自動取得不可
JR西日本,中山寺,砥堀,,,自動取得不可
JR西日本,中山寺,仁豊野,,,自動取得不可
JR西日本,中山寺,香呂,,,自動取得不可
JR西日本,中山寺,溝口,,,自動取得不可
JR西日本,中山寺,福崎,,,自動取得不可
JR西日本,中山寺,甘地,,,自動取得不可
JR西日本,中山寺,鶴居,,,自動取得不可
JR西日本,中山寺,新野,,,自動取得不可
JR西日本,中山寺,寺前,,,自動取得不可
JR西日本,中山寺,長谷,,,自動取得不可
JR西日本,中山寺,生野,,,自動取得不可
JR西日本,中山寺,新井,,,自動取得不可
JR西日本,中山寺,青倉,,,自動取得不可
JR西日本,中山寺,竹田,,,自動取得不可
JR西日本,中山寺,和田山,,,自動取得不可
JR西日本,中山寺,播磨高岡,,,自動取得不可
JR西日本,中山寺,余部,,,自動取得不可
JR西日本,中山寺,太市,,,自動取得不可
JR西日本,中山寺,本竜野,,,自動取得不可
JR西日本,中山寺,東觜崎,,,自動取得不可
JR西日本,中山寺,播磨新宮,,,自動取得不可
JR西日本,中山寺,千本,,,自動取得不可
JR西日本,中山寺,西栗栖,,,自動取得不可
JR西日本,中山寺,三日月,,,自動取得不可
JR西日本,中山寺,播磨徳久,,,自動取得不可
JR西日本,中山寺,佐用,,,自動取得不可
JR西日本,中山寺,上月,,,自動取得不可
JR西日本,宝塚,生瀬,,,自動取得不可
JR西日本,宝塚,西宮名塩,,,自動取得不可
JR西日本,宝塚,武田尾,,,自動取得不可
JR西日本,宝塚,道場,,,自動取得不可
JR西日本,宝塚,三田,,,自動取得不可
JR西日本,宝塚,新三田,,,自動取得不可
JR西日本,宝塚,広野,,,自動取得不可
JR西日本,宝塚,相野,,,自動取得不可
JR西日本,宝塚,藍本,,,自動取得不可
JR西日本,宝塚,草野,,,自動取得不可
JR西日本,宝塚,古市,,,自動取得不可
JR西日本,宝塚,南矢代,,,自動取得不可
JR西日本,宝塚,篠山口,,,自動取得不可
JR西日本,宝塚,相生,,,自動取得不可
JR西日本,宝塚,西相生,,,自動取得不可
JR西日本,宝塚,坂越,,,自動取得不可
JR西日本,宝塚,播州赤穂,,,自動取得不可
JR西日本,宝塚,天和,,,自動取得不可
JR西日本,宝塚,備前福河,,,自動取得不可
JR西日本,宝塚,日岡,,,自動取得不可
JR西日本,宝塚,神野,,,自動取得不可
JR西日本,宝塚,厄神,,,自動取得不可
JR西日本,宝塚,市場,,,自動取得不可
JR西日本,宝塚,小野町,,,自動取得不可
JR西日本,宝塚,粟生,,,自動取得不可
JR西日本,宝塚,河合西,,,自動取得不可
JR西日本,宝塚,青野ケ原,,,自動取得不可
JR西日本,宝塚,社町,,,自動取得不可
JR西日本,宝塚,滝野,,,自動取得不可
JR西日本,宝塚,滝,,,自動取得不可
JR西日本,宝塚,西脇市,,,自動取得不可
JR西日本,宝塚,新西脇,,,自動取得不可
JR西日本,宝塚,比延,,,自動取得不可
JR西日本,宝塚,日本へそ公園,,,自動取得不可
JR西日本,宝塚,黒田庄,,,自動取得不可
JR西日本,宝塚,本黒田,,,自動取得不可
JR西日本,宝塚,船町口,,,自動取得不可
JR西日本,宝塚,久下村,,,自動取得不可
JR西日本,宝塚,谷川,,,自動取得不可
JR西日本,宝塚,京口,,,自動取得不可
JR西日本,宝塚,野里,,,自動取得不可
JR西日本,宝塚,砥堀,,,自動取得不可
JR西日本,宝塚,仁豊野,,,自動取得不可
JR西日本,宝塚,香呂,,,自動取得不可
JR西日本,宝塚,溝口,,,自動取得不可
JR西日本,宝塚,福崎,,,自動取得不可
JR西日本,宝塚,甘地,,,自動取得不可
JR西日本,宝塚,鶴居,,,自動取得不可
JR西日本,宝塚,新野,,,自動取得不可
JR西日本,宝塚,寺前,,,自動取得不可
JR西日本,宝塚,長谷,,,自動取得不可
JR西日本,宝塚,生野,,,自動取得不可
JR西日本,宝塚,新井,,,自動取得不可
JR西日本,宝塚,青倉,,,自動取得不可
JR西日本,宝塚,竹田,,,自動取得不可
JR西日本,宝塚,和田山,,,自動取得不可
JR西日本,宝塚,播磨高岡,,,自動取得不可
JR西日本,宝塚,余部,,,自動取得不可
JR西日本,宝塚,太市,,,自動取得不可
JR西日本,宝塚,本竜野,,,自動取得不可
JR西日本,宝塚,東觜崎,,,自動取得不可
JR西日本,宝塚,播磨新宮,,,自動取得不可
JR西日本,宝塚,千本,,,自動取得不可
JR西日本,宝塚,西栗栖,,,自動取得不可
JR西日本,宝塚,三日月,,,自動取得不可
JR西日本,宝塚,播磨徳久,,,自動取得不可
JR西日本,宝塚,佐用,,,自動取得不可
JR西日本,宝塚,上月,,,自動取得不可
JR西日本,生瀬,西宮名塩,,,自動取得不可
JR西日本,生瀬,武田尾,,,自動取得不可
JR西日本,生瀬,道場,,,自動取得不可
JR西日本,生瀬,三田,,,自動取得不可
JR西日本,生瀬,新三田,,,自動取得不可
JR西日本,生瀬,広野,,,自動取得不可
JR西日本,生瀬,相野,,,自動取得不可
JR西日本,生瀬,藍本,,,自動取得不可
JR西日本,生瀬,草野,,,自動取得不可
JR西日本,生瀬,古市,,,自動取得不可
JR西日本,生瀬,南矢代,,,自動取得不可
JR西日本,生瀬,篠山口,,,自動取得不可
JR西日本,生瀬,相生,,,自動取得不可
JR西日本,生瀬,西相生,,,自動取得不可
JR西日本,生瀬,坂越,,,自動取得不可
JR西日本,生瀬,播州赤穂,,,自動取得不可
JR西日本,生瀬,天和,,,自動取得不可
JR西日本,生瀬,備前福河,,,自動取得不可
JR西日本,生瀬,日岡,,,自動取得不可
JR西日本,生瀬,神野,,,自動取得不可
JR西日本,生瀬,厄神,,,自動取得不可
JR西日本,生瀬,市場,,,自動取得不可
JR西日本,生瀬,小野町,,,自動取得不可
JR西日本,生瀬,粟生,,,自動取得不可
JR西日本,生瀬,河合西,,,自動取得不可
JR西日本,生瀬,青野ケ原,,,自動取得不可
JR西日本,生瀬,社町,,,自動取得不可
JR西日本,生瀬,滝野,,,自動取得不可
JR西日本,生瀬,滝,,,自動取得不可
JR西日本,生瀬,西脇市,,,自動取得不可
JR西日本,生瀬,新西脇,,,自動取得不可
JR西日本,生瀬,比延,,,自動取得不可
JR西日本,生瀬,日本へそ公園,,,自動取得不可
JR西日本,生瀬,黒田庄,,,自動取得不可
JR西日本,生瀬,本黒田,,,自動取得不可
JR西日本,生瀬,船町口,,,自動取得不可
JR西日本,生瀬,久下村,,,自動取得不可
JR西日本,生瀬,谷川,,,自動取得不可
JR西日本,生瀬,京口,,,自動取得不可
JR西日本,生瀬,野里,,,自動取得不可
JR西日本,生瀬,砥堀,,,自動取得不可
JR西日本,生瀬,仁豊野,,,自動取得不可
JR西日本,生瀬,香呂,,,自動取得不可
JR西日本,生瀬,溝口,,,自動取得不可
JR西日本,生瀬,福崎,,,自動取得不可
JR西日本,生瀬,甘地,,,自動取得不可
JR西日本,生瀬,鶴居,,,自動取得不可
JR西日本,生瀬,新野,,,自動取得不可
JR西日本,生瀬,寺前,,,自動取得不可
JR西日本,生瀬,長谷,,,自動取得不可
JR西日本,生瀬,生野,,,自動取得不可
JR西日本,生瀬,新井,,,自動取得不可
JR西日本,生瀬,青倉,,,自動取得不可
JR西日本,生瀬,竹田,,,自動取得不可
JR西日本,生瀬,和田山,,,自動取得不可
JR西日本,生瀬,播磨高岡,,,自動取得不可
JR西日本,生瀬,余部,,,自動取得不可
JR西日本,生瀬,太市,,,自動取得不可
JR西日本,生瀬,本竜野,,,自動取得不可
JR西日本,生瀬,東觜崎,,,自動取得不可
JR西日本,生瀬,播磨新宮,,,自動取得不可
JR西日本,生瀬,千本,,,自動取得不可
JR西日本,生瀬,西栗栖,,,自動取得不可
JR西日本,生瀬,三日月,,,自動取得不可
JR西日本,生瀬,播磨徳久,,,自動取得不可
JR西日本,生瀬,佐用,,,自動取得不可
JR西日本,生瀬,上月,,,自動取得不可
JR西日本,西宮名塩,武田尾,,,自動取得不可
JR西日本,西宮名塩,道場,,,自動取得不可
JR西日本,西宮名塩,三田,,,自動取得不可
JR西日本,西宮名塩,新三田,,,自動取得不可
JR西日本,西宮名塩,広野,,,自動取得不可
JR西日本,西宮名塩,相野,,,自動取得不可
JR西日本,西宮名塩,藍本,,,自動取得不可
JR西日本,西宮名塩,草野,,,自動取得不可
JR西日本,西宮名塩,古市,,,自動取得不可
JR西日本,西宮名塩,南矢代,,,自動取得不可
JR西日本,西宮名塩,篠山口,,,自動取得不可
JR西日本,西宮名塩,相生,,,自動取得不可
JR西日本,西宮名塩,西相生,,,自動取得不可
JR西日本,西宮名塩,坂越,,,自動取得不可
JR西日本,西宮名塩,播州赤穂,,,自動取得不可
JR西日本,西宮名塩,天和,,,自動取得不可
JR西日本,西宮名塩,備前福河,,,自動取得不可
JR西日本,西宮名塩,日岡,,,自動取得不可
JR西日本,西宮名塩,神野,,,自動取得不可
JR西日本,西宮名塩,厄神,,,自動取得不可
JR西日本,西宮名塩,市場,,,自動取得不可
JR西日本,西宮名塩,小野町,,,自動取得不可
JR西日本,西宮名塩,粟生,,,自動取得不可
JR西日本,西宮名塩,河合西,,,自動取得不可
JR西日本,西宮名塩,青野ケ原,,,自動取得不可
JR西日本,西宮名塩,社町,,,自動取得不可
JR西日本,西宮名塩,滝野,,,自動取得不可
JR西日本,西宮名塩,滝,,,自動取得不可
JR西日本,西宮名塩,西脇市,,,自動取得不可
JR西日本,西宮名塩,新西脇,,,自動取得不可
JR西日本,西宮名塩,比延,,,自動取得不可
JR西日本,西宮名塩,日本へそ公園,,,自動取得不可
JR西日本,西宮名塩,黒田庄,,,自動取得不可
JR西日本,西宮名塩,本黒田,,,自動取得不可
JR西日本,西宮名塩,船町口,,,自動取得不可
JR西日本,西宮名塩,久下村,,,自動取得不可
JR西日本,西宮名塩,谷川,,,自動取得不可
JR西日本,西宮名塩,京口,,,自動取得不可
JR西日本,西宮名塩,野里,,,自動取得不可
JR西日本,西宮名塩,砥堀,,,自動取得不可
JR西日本,西宮名塩,仁豊野,,,自動取得不可
JR西日本,西宮名塩,香呂,,,自動取得不可
JR西日本,西宮名塩,溝口,,,自動取得不可
JR西日本,西宮名塩,福崎,,,自動取得不可
JR西日本,西宮名塩,甘地,,,自動取得不可
JR西日本,西宮名塩,鶴居,,,自動取得不可
JR西日本,西宮名塩,新野,,,自動取得不可
JR西日本,西宮名塩,寺前,,,自動取得不可
JR西日本,西宮名塩,長谷,,,自動取得不可
JR西日本,西宮名塩,生野,,,自動取得不可
JR西日本,西宮名塩,新井,,,自動取得不可
JR西日本,西宮名塩,青倉,,,自動取得不可
JR西日本,西宮名塩,竹田,,,自動取得不可
JR西日本,西宮名塩,和田山,,,自動取得不可
JR西日本,西宮名塩,播磨高岡,,,自動取得不可
JR西日本,西宮名塩,余部,,,自動取得不可
JR西日本,西宮名塩,太市,,,自動取得不可
JR西日本,西宮名塩,本竜野,,,自動取得不可
JR西日本,西宮名塩,東觜崎,,,自動取得不可
JR西日本,西宮名塩,播磨新宮,,,自動取得不可
JR西日本,西宮名塩,千本,,,自動取得不可
JR西日本,西宮名塩,西栗栖,,,自動取得不可
JR西日本,西宮名塩,三日月,,,自動取得不可
JR西日本,西宮名塩,播磨徳久,,,自動取得不可
JR西日本,西宮名塩,佐用,,,自動取得不可
JR西日本,西宮名塩,上月,,,自動取得不可
JR西日本,武田尾,道場,,,自動取得不可
JR西日本,武田尾,三田,,,自動取得不可
JR西日本,武田尾,新三田,,,自動取得不可
JR西日本,武田尾,広野,,,自動取得不可
JR西日本,武田尾,相野,,,自動取得不可
JR西日本,武田尾,藍本,,,自動取得不可
JR西日本,武田尾,草野,,,自動取得不可
JR西日本,武田尾,古市,,,自動取得不可
JR西日本,武田尾,南矢代,,,自動取得不可
JR西日本,武田尾,篠山口,,,自動取得不可
JR西日本,武田尾,相生,,,自動取得不可
JR西日本,武田尾,西相生,,,自動取得不可
JR西日本,武田尾,坂越,,,自動取得不可
JR西日本,武田尾,播州赤穂,,,自動取得不可
JR西日本,武田尾,天和,,,自動取得不可
JR西日本,武田尾,備前福河,,,自動取得不可
JR西日本,武田尾,日岡,,,自動取得不可
JR西日本,武田尾,神野,,,自動取得不可
JR西日本,武田尾,厄神,,,自動取得不可
JR西日本,武田尾,市場,,,自動取得不可
JR西日本,武田尾,小野町,,,自動取得不可
JR西日本,武田尾,粟生,,,自動取得不可
JR西日本,武田尾,河合西,,,自動取得不可
JR西日本,武田尾,青野ケ原,,,自動取得不可
JR西日本,武田尾,社町,,,自動取得不可
JR西日本,武田尾,滝野,,,自動取得不可
JR西日本,武田尾,滝,,,自動取得不可
JR西日本,武田尾,西脇市,,,自動取得不可
JR西日本,武田尾,新西脇,,,自動取得不可
JR西日本,武田尾,比延,,,自動取得不可
JR西日本,武田尾,日本へそ公園,,,自動取得不可
JR西日本,武田尾,黒田庄,,,自動取得不可
JR西日本,武田尾,本黒田,,,自動取得不可
JR西日本,武田尾,船町口,,,自動取得不可
JR西日本,武田尾,久下村,,,自動取得不可
JR西日本,武田尾,谷川,,,自動取得不可
JR西日本,武田尾,京口,,,自動取得不可
JR西日本,武田尾,野里,,,自動取得不可
JR西日本,武田尾,砥堀,,,自動取得不可
JR西日本,武田尾,仁豊野,,,自動取得不可
JR西日本,武田尾,香呂,,,自動取得不可
JR西日本,武田尾,溝口,,,自動取得不可
JR西日本,武田尾,福崎,,,自動取得不可
JR西日本,武田尾,甘地,,,自動取得不可
JR西日本,武田尾,鶴居,,,自動取得不可
JR西日本,武田尾,新野,,,自動取得不可
JR西日本,武田尾,寺前,,,自動取得不可
JR西日本,武田尾,長谷,,,自動取得不可
JR西日本,武田尾,生野,,,自動取得不可
JR西日本,武田尾,新井,,,自動取得不可
JR西日本,武田尾,青倉,,,自動取得不可
JR西日本,武田尾,竹田,,,自動取得不可
JR西日本,武田尾,和田山,,,自動取得不可
JR西日本,武田尾,播磨高岡,,,自動取得不可
JR西日本,武田尾,余部,,,自動取得不可
JR西日本,武田尾,太市,,,自動取得不可
JR西日本,武田尾,本竜野,,,自動取得不可
JR西日本,武田尾,東觜崎,,,自動取得不可
JR西日本,武田尾,播磨新宮,,,自動取得不可
JR西日本,武田尾,千本,,,自動取得不可
JR西日本,武田尾,西栗栖,,,自動取得不可
JR西日本,武田尾,三日月,,,自動取得不可
JR西日本,武田尾,播磨徳久,,,自動取得不可
JR西日本,武田尾,佐用,,,自動取得不可
JR西日本,武田尾,上月,,,自動取得不可
JR西日本,道場,三田,,,自動取得不可
JR西日本,道場,新三田,,,自動取得不可
JR西日本,道場,広野,,,自動取得不可
JR西日本,道場,相野,,,自動取得不可
JR西日本,道場,藍本,,,自動取得不可
JR西日本,道場,草野,,,自動取得不可
JR西日本,道場,古市,,,自動取得不可
JR西日本,道場,南矢代,,,自動取得不可
JR西日本,道場,篠山口,,,自動取得不可
JR西日本,道場,相生,,,自動取得不可
JR西日本,道場,西相生,,,自動取得不可
JR西日本,道場,坂越,,,自動取得不可
JR西日本,道場,播州赤穂,,,自動取得不可
JR西日本,道場,天和,,,自動取得不可
JR西日本,道場,備前福河,,,自動取得不可
JR西日本,道場,日岡,,,自動取得不可
JR西日本,道場,神野,,,自動取得不可
JR西日本,道場,厄神,,,自動取得不可
JR西日本,道場,市場,,,自動取得不可
JR西日本,道場,小野町,,,自動取得不可
JR西日本,道場,粟生,,,自動取得不可
JR西日本,道場,河合西,,,自動取得不可
JR西日本,道場,青野ケ原,,,自動取得不可
JR西日本,道場,社町,,,自動取得不可
JR西日本,道場,滝野,,,自動取得不可
JR西日本,道場,滝,,,自動取得不可
JR西日本,道場,西脇市,,,自動取得不可
JR西日本,道場,新西脇,,,自動取得不可
JR西日本,道場,比延,,,自動取得不可
JR西日本,道場,日本へそ公園,,,自動取得不可
JR西日本,道場,黒田庄,,,自動取得不可
JR西日本,道場,本黒田,,,自動取得不可
JR西日本,道場,船町口,,,自動取得不可
JR西日本,道場,久下村,,,自動取得不可
JR西日本,道場,谷川,,,自動取得不可
JR西日本,道場,京口,,,自動取得不可
JR西日本,道場,野里,,,自動取得不可
JR西日本,道場,砥堀,,,自動取得不可
JR西日本,道場,仁豊野,,,自動取得不可
JR西日本,道場,香呂,,,自動取得不可
JR西日本,道場,溝口,,,自動取得不可
JR西日本,道場,福崎,,,自動取得不可
JR西日本,道場,甘地,,,自動取得不可
JR西日本,道場,鶴居,,,自動取得不可
JR西日本,道場,新野,,,自動取得不可
JR西日本,道場,寺前,,,自動取得不可
JR西日本,道場,長谷,,,自動取得不可
JR西日本,道場,生野,,,自動取得不可
JR西日本,道場,新井,,,自動取得不可
JR西日本,道場,青倉,,,自動取得不可
JR西日本,道場,竹田,,,自動取得不可
JR西日本,道場,和田山,,,自動取得不可
JR西日本,道場,播磨高岡,,,自動取得不可
JR西日本,道場,余部,,,自動取得不可
JR西日本,道場,太市,,,自動取得不可
JR西日本,道場,本竜野,,,自動取得不可
JR西日本,道場,東觜崎,,,自動取得不可
JR西日本,道場,播磨新宮,,,自動取得不可
JR西日本,道場,千本,,,自動取得不可
JR西日本,道場,西栗栖,,,自動取得不可
JR西日本,道場,三日月,,,自動取得不可
JR西日本,道場,播磨徳久,,,自動取得不可
JR西日本,道場,佐用,,,自動取得不可
JR西日本,道場,上月,,,自動取得不可
JR西日本,三田,新三田,,,自動取得不可
JR西日本,三田,広野,,,自動取得不可
JR西日本,三田,相野,,,自動取得不可
JR西日本,三田,藍本,,,自動取得不可
JR西日本,三田,草野,,,自動取得不可
JR西日本,三田,古市,,,自動取得不可
JR西日本,三田,南矢代,,,自動取得不可
JR西日本,三田,篠山口,,,自動取得不可
JR西日本,三田,相生,,,自動取得不可
JR西日本,三田,西相生,,,自動取得不可
JR西日本,三田,坂越,,,自動取得不可
JR西日本,三田,播州赤穂,,,自動取得不可
JR西日本,三田,天和,,,自動取得不可
JR西日本,三田,備前福河,,,自動取得不可
JR西日本,三田,日岡,,,自動取得不可
JR西日本,三田,神野,,,自動取得不可
JR西日本,三田,厄神,,,自動取得不可
JR西日本,三田,市場,,,自動取得不可
JR西日本,三田,小野町,,,自動取得不可
JR西日本,三田,粟生,,,自動取得不可
JR西日本,三田,河合西,,,自動取得不可
JR西日本,三田,青野ケ原,,,自動取得不可
JR西日本,三田,社町,,,自動取得不可
JR西日本,三田,滝野,,,自動取得不可
JR西日本,三田,滝,,,自動取得不可
JR西日本,三田,西脇市,,,自動取得不可
JR西日本,三田,新西脇,,,自動取得不可
JR西日本,三田,比延,,,自動取得不可
JR西日本,三田,日本へそ公園,,,自動取得不可
JR西日本,三田,黒田庄,,,自動取得不可
JR西日本,三田,本黒田,,,自動取得不可
JR西日本,三田,船町口,,,自動取得不可
JR西日本,三田,久下村,,,自動取得不可
JR西日本,三田,谷川,,,自動取得不可
JR西日本,三田,京口,,,自動取得不可
JR西日本,三田,野里,,,自動取得不可
JR西日本,三田,砥堀,,,自動取得不可
JR西日本,三田,仁豊野,,,自動取得不可
JR西日本,三田,香呂,,,自動取得不可
JR西日本,三田,溝口,,,自動取得不可
JR西日本,三田,福崎,,,自動取得不可
JR西日本,三田,甘地,,,自動取得不可
JR西日本,三田,鶴居,,,自動取得不可
JR西日本,三田,新野,,,自動取得不可
JR西日本,三田,寺前,,,自動取得不可
JR西日本,三田,長谷,,,自動取得不可
JR西日本,三田,生野,,,自動取得不可
JR西日本,三田,新井,,,自動取得不可
JR西日本,三田,青倉,,,自動取得不可
JR西日本,三田,竹田,,,自動取得不可
JR西日本,三田,和田山,,,自動取得不可
JR西日本,三田,播磨高岡,,,自動取得不可
JR西日本,三田,余部,,,自動取得不可
JR西日本,三田,太市,,,自動取得不可
JR西日本,三田,本竜野,,,自動取得不可
JR西日本,三田,東觜崎,,,自動取得不可
JR西日本,三田,播磨新宮,,,自動取得不可
JR西日本,三田,千本,,,自動取得不可
JR西日本,三田,西栗栖,,,自動取得不可
JR西日本,三田,三日月,,,自動取得不可
JR西日本,三田,播磨徳久,,,自動取得不可
JR西日本,三田,佐用,,,自動取得不可
JR西日本,三田,上月,,,自動取得不可
JR西日本,新三田,広野,,,自動取得不可
JR西日本,新三田,相野,,,自動取得不可
JR西日本,新三田,藍本,,,自動取得不可
JR西日本,新三田,草野,,,自動取得不可
JR西日本,新三田,古市,,,自動取得不可
JR西日本,新三田,南矢代,,,自動取得不可
JR西日本,新三田,篠山口,,,自動取得不可
JR西日本,新三田,相生,,,自動取得不可
JR西日本,新三田,西相生,,,自動取得不可
JR西日本,新三田,坂越,,,自動取得不可
JR西日本,新三田,播州赤穂,,,自動取得不可
JR西日本,新三田,天和,,,自動取得不可
JR西日本,新三田,備前福河,,,自動取得不可
JR西日本,新三田,日岡,,,自動取得不可
JR西日本,新三田,神野,,,自動取得不可
JR西日本,新三田,厄神,,,自動取得不可
JR西日本,新三田,市場,,,自動取得不可
JR西日本,新三田,小野町,,,自動取得不可
JR西日本,新三田,粟生,,,自動取得不可
JR西日本,新三田,河合西,,,自動取得不可
JR西日本,新三田,青野ケ原,,,自動取得不可
JR西日本,新三田,社町,,,自動取得不可
JR西日本,新三田,滝野,,,自動取得不可
JR西日本,新三田,滝,,,自動取得不可
JR西日本,新三田,西脇市,,,自動取得不可
JR西日本,新三田,新西脇,,,自動取得不可
JR西日本,新三田,比延,,,自動取得不可
JR西日本,新三田,日本へそ公園,,,自動取得不可
JR西日本,新三田,黒田庄,,,自動取得不可
JR西日本,新三田,本黒田,,,自動取得不可
JR西日本,新三田,船町口,,,自動取得不可
JR西日本,新三田,久下村,,,自動取得不可
JR西日本,新三田,谷川,,,自動取得不可
JR西日本,新三田,京口,,,自動取得不可
JR西日本,新三田,野里,,,自動取得不可
JR西日本,新三田,砥堀,,,自動取得不可
JR西日本,新三田,仁豊野,,,自動取得不可
JR西日本,新三田,香呂,,,自動取得不可
JR西日本,新三田,溝口,,,自動取得不可
JR西日本,新三田,福崎,,,自動取得不可
JR西日本,新三田,甘地,,,自動取得不可
JR西日本,新三田,鶴居,,,自動取得不可
JR西日本,新三田,新野,,,自動取得不可
JR西日本,新三田,寺前,,,自動取得不可
JR西日本,新三田,長谷,,,自動取得不可
JR西日本,新三田,生野,,,自動取得不可
JR西日本,新三田,新井,,,自動取得不可
JR西日本,新三田,青倉,,,自動取得不可
JR西日本,新三田,竹田,,,自動取得不可
JR西日本,新三田,和田山,,,自動取得不可
JR西日本,新三田,播磨高岡,,,自動取得不可
JR西日本,新三田,余部,,,自動取得不可
JR西日本,新三田,太市,,,自動取得不可
JR西日本,新三田,本竜野,,,自動取得不可
JR西日本,新三田,東觜崎,,,自動取得不可
JR西日本,新三田,播磨新宮,,,自動取得不可
JR西日本,新三田,千本,,,自動取得不可
JR西日本,新三田,西栗栖,,,自動取得不可
JR西日本,新三田,三日月,,,自動取得不可
JR西日本,新三田,播磨徳久,,,自動取得不可
JR西日本,新三田,佐用,,,自動取得不可
JR西日本,新三田,上月,,,自動取得不可
JR西日本,広野,相野,,,自動取得不可
JR西日本,広野,藍本,,,自動取得不可
JR西日本,広野,草野,,,自動取得不可
JR西日本,広野,古市,,,自動取得不可
JR西日本,広野,南矢代,,,自動取得不可
JR西日本,広野,篠山口,,,自動取得不可
JR西日本,広野,相生,,,自動取得不可
JR西日本,広野,西相生,,,自動取得不可
JR西日本,広野,坂越,,,自動取得不可
JR西日本,広野,播州赤穂,,,自動取得不可
JR西日本,広野,天和,,,自動取得不可
JR西日本,広野,備前福河,,,自動取得不可
JR西日本,広野,日岡,,,自動取得不可
JR西日本,広野,神野,,,自動取得不可
JR西日本,広野,厄神,,,自動取得不可
JR西日本,広野,市場,,,自動取得不可
JR西日本,広野,小野町,,,自動取得不可
JR西日本,広野,粟生,,,自動取得不可
JR西日本,広野,河合西,,,自動取得不可
JR西日本,広野,青野ケ原,,,自動取得不可
JR西日本,広野,社町,,,自動取得不可
JR西日本,広野,滝野,,,自動取得不可
JR西日本,広野,滝,,,自動取得不可
JR西日本,広野,西脇市,,,自動取得不可
JR西日本,広野,新西脇,,,自動取得不可
JR西日本,広野,比延,,,自動取得不可
JR西日本,広野,日本へそ公園,,,自動取得不可
JR西日本,広野,黒田庄,,,自動取得不可
JR西日本,広野,本黒田,,,自動取得不可
JR西日本,広野,船町口,,,自動取得不可
JR西日本,広野,久下村,,,自動取得不可
JR西日本,広野,谷川,,,自動取得不可
JR西日本,広野,京口,,,自動取得不可
JR西日本,広野,野里,,,自動取得不可
JR西日本,広野,砥堀,,,自動取得不可
JR西日本,広野,仁豊野,,,自動取得不可
JR西日本,広野,香呂,,,自動取得不可
JR西日本,広野,溝口,,,自動取得不可
JR西日本,広野,福崎,,,自動取得不可
JR西日本,広野,甘地,,,自動取得不可
JR西日本,広野,鶴居,,,自動取得不可
JR西日本,広野,新野,,,自動取得不可
JR西日本,広野,寺前,,,自動取得不可
JR西日本,広野,長谷,,,自動取得不可
JR西日本,広野,生野,,,自動取得不可
JR西日本,広野,新井,,,自動取得不可
JR西日本,広野,青倉,,,自動取得不可
JR西日本,広野,竹田,,,自動取得不可
JR西日本,広野,和田山,,,自動取得不可
JR西日本,広野,播磨高岡,,,自動取得不可
JR西日本,広野,余部,,,自動取得不可
JR西日本,広野,太市,,,自動取得不可
JR西日本,広野,本竜野,,,自動取得不可
JR西日本,広野,東觜崎,,,自動取得不可
JR西日本,広野,播磨新宮,,,自動取得不可
JR西日本,広野,千本,,,自動取得不可
JR西日本,広野,西栗栖,,,自動取得不可
JR西日本,広野,三日月,,,自動取得不可
JR西日本,広野,播磨徳久,,,自動取得不可
JR西日本,広野,佐用,,,自動取得不可
JR西日本,広野,上月,,,自動取得不可
JR西日本,相野,藍本,,,自動取得不可
JR西日本,相野,草野,,,自動取得不可
JR西日本,相野,古市,,,自動取得不可
JR西日本,相野,南矢代,,,自動取得不可
JR西日本,相野,篠山口,,,自動取得不可
JR西日本,相野,相生,,,自動取得不可
JR西日本,相野,西相生,,,自動取得不可
JR西日本,相野,坂越,,,自動取得不可
JR西日本,相野,播州赤穂,,,自動取得不可
JR西日本,相野,天和,,,自動取得不可
JR西日本,相野,備前福河,,,自動取得不可
JR西日本,相野,日岡,,,自動取得不可
JR西日本,相野,神野,,,自動取得不可
JR西日本,相野,厄神,,,自動取得不可
JR西日本,相野,市場,,,自動取得不可
JR西日本,相野,小野町,,,自動取得不可
JR西日本,相野,粟生,,,自動取得不可
JR西日本,相野,河合西,,,自動取得不可
JR西日本,相野,青野ケ原,,,自動取得不可
JR西日本,相野,社町,,,自動取得不可
JR西日本,相野,滝野,,,自動取得不可
JR西日本,相野,滝,,,自動取得不可
JR西日本,相野,西脇市,,,自動取得不可
JR西日本,相野,新西脇,,,自動取得不可
JR西日本,相野,比延,,,自動取得不可
JR西日本,相野,日本へそ公園,,,自動取得不可
JR西日本,相野,黒田庄,,,自動取得不可
JR西日本,相野,本黒田,,,自動取得不可
JR西日本,相野,船町口,,,自動取得不可
JR西日本,相野,久下村,,,自動取得不可
JR西日本,相野,谷川,,,自動取得不可
JR西日本,相野,京口,,,自動取得不可
JR西日本,相野,野里,,,自動取得不可
JR西日本,相野,砥堀,,,自動取得不可
JR西日本,相野,仁豊野,,,自動取得不可
JR西日本,相野,香呂,,,自動取得不可
JR西日本,相野,溝口,,,自動取得不可
JR西日本,相野,福崎,,,自動取得不可
JR西日本,相野,甘地,,,自動取得不可
JR西日本,相野,鶴居,,,自動取得不可
JR西日本,相野,新野,,,自動取得不可
JR西日本,相野,寺前,,,自動取得不可
JR西日本,相野,長谷,,,自動取得不可
JR西日本,相野,生野,,,自動取得不可
JR西日本,相野,新井,,,自動取得不可
JR西日本,相野,青倉,,,自動取得不可
JR西日本,相野,竹田,,,自動取得不可
JR西日本,相野,和田山,,,自動取得不可
JR西日本,相野,播磨高岡,,,自動取得不可
JR西日本,相野,余部,,,自動取得不可
JR西日本,相野,太市,,,自動取得不可
JR西日本,相野,本竜野,,,自動取得不可
JR西日本,相野,東觜崎,,,自動取得不可
JR西日本,相野,播磨新宮,,,自動取得不可
JR西日本,相野,千本,,,自動取得不可
JR西日本,相野,西栗栖,,,自動取得不可
JR西日本,相野,三日月,,,自動取得不可
JR西日本,相野,播磨徳久,,,自動取得不可
JR西日本,相野,佐用,,,自動取得不可
JR西日本,相野,上月,,,自動取得不可
JR西日本,藍本,草野,,,自動取得不可
JR西日本,藍本,古市,,,自動取得不可
JR西日本,藍本,南矢代,,,自動取得不可
JR西日本,藍本,篠山口,,,自動取得不可
JR西日本,藍本,相生,,,自動取得不可
JR西日本,藍本,西相生,,,自動取得不可
JR西日本,藍本,坂越,,,自動取得不可
JR西日本,藍本,播州赤穂,,,自動取得不可
JR西日本,藍本,天和,,,自動取得不可
JR西日本,藍本,備前福河,,,自動取得不可
JR西日本,藍本,日岡,,,自動取得不可
JR西日本,藍本,神野,,,自動取得不可
JR西日本,藍本,厄神,,,自動取得不可
JR西日本,藍本,市場,,,自動取得不可
JR西日本,藍本,小野町,,,自動取得不可
JR西日本,藍本,粟生,,,自動取得不可
JR西日本,藍本,河合西,,,自動取得不可
JR西日本,藍本,青野ケ原,,,自動取得不可
JR西日本,藍本,社町,,,自動取得不可
JR西日本,藍本,滝野,,,自動取得不可
JR西日本,藍本,滝,,,自動取得不可
JR西日本,藍本,西脇市,,,自動取得不可
JR西日本,藍本,新西脇,,,自動取得不可
JR西日本,藍本,比延,,,自動取得不可
JR西日本,藍本,日本へそ公園,,,自動取得不可
JR西日本,藍本,黒田庄,,,自動取得不可
JR西日本,藍本,本黒田,,,自動取得不可
JR西日本,藍本,船町口,,,自動取得不可
JR西日本,藍本,久下村,,,自動取得不可
JR西日本,藍本,谷川,,,自動取得不可
JR西日本,藍本,京口,,,自動取得不可
JR西日本,藍本,野里,,,自動取得不可
JR西日本,藍本,砥堀,,,自動取得不可
JR西日本,藍本,仁豊野,,,自動取得不可
JR西日本,藍本,香呂,,,自動取得不可
JR西日本,藍本,溝口,,,自動取得不可
JR西日本,藍本,福崎,,,自動取得不可
JR西日本,藍本,甘地,,,自動取得不可
JR西日本,藍本,鶴居,,,自動取得不可
JR西日本,藍本,新野,,,自動取得不可
JR西日本,藍本,寺前,,,自動取得不可
JR西日本,藍本,長谷,,,自動取得不可
JR西日本,藍本,生野,,,自動取得不可
JR西日本,藍本,新井,,,自動取得不可
JR西日本,藍本,青倉,,,自動取得不可
JR西日本,藍本,竹田,,,自動取得不可
JR西日本,藍本,和田山,,,自動取得不可
JR西日本,藍本,播磨高岡,,,自動取得不可
JR西日本,藍本,余部,,,自動取得不可
JR西日本,藍本,太市,,,自動取得不可
JR西日本,藍本,本竜野,,,自動取得不可
JR西日本,藍本,東觜崎,,,自動取得不可
JR西日本,藍本,播磨新宮,,,自動取得不可
JR西日本,藍本,千本,,,自動取得不可
JR西日本,藍本,西栗栖,,,自動取得不可
JR西日本,藍本,三日月,,,自動取得不可
JR西日本,藍本,播磨徳久,,,自動取得不可
JR西日本,藍本,佐用,,,自動取得不可
JR西日本,藍本,上月,,,自動取得不可
JR西日本,草野,古市,,,自動取得不可
JR西日本,草野,南矢代,,,自動取得不可
JR西日本,草野,篠山口,,,自動取得不可
JR西日本,草野,相生,,,自動取得不可
JR西日本,草野,西相生,,,自動取得不可
JR西日本,草野,坂越,,,自動取得不可
JR西日本,草野,播州赤穂,,,自動取得不可
JR西日本,草野,天和,,,自動取得不可
JR西日本,草野,備前福河,,,自動取得不可
JR西日本,草野,日岡,,,自動取得不可
JR西日本,草野,神野,,,自動取得不可
JR西日本,草野,厄神,,,自動取得不可
JR西日本,草野,市場,,,自動取得不可
JR西日本,草野,小野町,,,自動取得不可
JR西日本,草野,粟生,,,自動取得不可
JR西日本,草野,河合西,,,自動取得不可
JR西日本,草野,青野ケ原,,,自動取得不可
JR西日本,草野,社町,,,自動取得不可
JR西日本,草野,滝野,,,自動取得不可
JR西日本,草野,滝,,,自動取得不可
JR西日本,草野,西脇市,,,自動取得不可
JR西日本,草野,新西脇,,,自動取得不可
JR西日本,草野,比延,,,自動取得不可
JR西日本,草野,日本へそ公園,,,自動取得不可
JR西日本,草野,黒田庄,,,自動取得不可
JR西日本,草野,本黒田,,,自動取得不可
JR西日本,草野,船町口,,,自動取得不可
JR西日本,草野,久下村,,,自動取得不可
JR西日本,草野,谷川,,,自動取得不可
JR西日本,草野,京口,,,自動取得不可
JR西日本,草野,野里,,,自動取得不可
JR西日本,草野,砥堀,,,自動取得不可
JR西日本,草野,仁豊野,,,自動取得不可
JR西日本,草野,香呂,,,自動取得不可
JR西日本,草野,溝口,,,自動取得不可
JR西日本,草野,福崎,,,自動取得不可
JR西日本,草野,甘地,,,自動取得不可
JR西日本,草野,鶴居,,,自動取得不可
JR西日本,草野,新野,,,自動取得不可
JR西日本,草野,寺前,,,自動取得不可
JR西日本,草野,長谷,,,自動取得不可
JR西日本,草野,生野,,,自動取得不可
JR西日本,草野,新井,,,自動取得不可
JR西日本,草野,青倉,,,自動取得不可
JR西日本,草野,竹田,,,自動取得不可
JR西日本,草野,和田山,,,自動取得不可
JR西日本,草野,播磨高岡,,,自動取得不可
JR西日本,草野,余部,,,自動取得不可
JR西日本,草野,太市,,,自動取得不可
JR西日本,草野,本竜野,,,自動取得不可
JR西日本,草野,東觜崎,,,自動取得不可
JR西日本,草野,播磨新宮,,,自動取得不可
JR西日本,草野,千本,,,自動取得不可
JR西日本,草野,西栗栖,,,自動取得不可
JR西日本,草野,三日月,,,自動取得不可
JR西日本,草野,播磨徳久,,,自動取得不可
JR西日本,草野,佐用,,,自動取得不可
JR西日本,草野,上月,,,自動取得不可
JR西日本,古市,南矢代,,,自動取得不可
JR西日本,古市,篠山口,,,自動取得不可
JR西日本,古市,相生,,,自動取得不可
JR西日本,古市,西相生,,,自動取得不可
JR西日本,古市,坂越,,,自動取得不可
JR西日本,古市,播州赤穂,,,自動取得不可
JR西日本,古市,天和,,,自動取得不可
JR西日本,古市,備前福河,,,自動取得不可
JR西日本,古市,日岡,,,自動取得不可
JR西日本,古市,神野,,,自動取得不可
JR西日本,古市,厄神,,,自動取得不可
JR西日本,古市,市場,,,自動取得不可
JR西日本,古市,小野町,,,自動取得不可
JR西日本,古市,粟生,,,自動取得不可
JR西日本,古市,河合西,,,自動取得不可
JR西日本,古市,青野ケ原,,,自動取得不可
JR西日本,古市,社町,,,自動取得不可
JR西日本,古市,滝野,,,自動取得不可
JR西日本,古市,滝,,,自動取得不可
JR西日本,古市,西脇市,,,自動取得不可
JR西日本,古市,新西脇,,,自動取得不可
JR西日本,古市,比延,,,自動取得不可
JR西日本,古市,日本へそ公園,,,自動取得不可
JR西日本,古市,黒田庄,,,自動取得不可
JR西日本,古市,本黒田,,,自動取得不可
JR西日本,古市,船町口,,,自動取得不可
JR西日本,古市,久下村,,,自動取得不可
JR西日本,古市,谷川,,,自動取得不可
JR西日本,古市,京口,,,自動取得不可
JR西日本,古市,野里,,,自動取得不可
JR西日本,古市,砥堀,,,自動取得不可
JR西日本,古市,仁豊野,,,自動取得不可
JR西日本,古市,香呂,,,自動取得不可
JR西日本,古市,溝口,,,自動取得不可
JR西日本,古市,福崎,,,自動取得不可
JR西日本,古市,甘地,,,自動取得不可
JR西日本,古市,鶴居,,,自動取得不可
JR西日本,古市,新野,,,自動取得不可
JR西日本,古市,寺前,,,自動取得不可
JR西日本,古市,長谷,,,自動取得不可
JR西日本,古市,生野,,,自動取得不可
JR西日本,古市,新井,,,自動取得不可
JR西日本,古市,青倉,,,自動取得不可
JR西日本,古市,竹田,,,自動取得不可
JR西日本,古市,和田山,,,自動取得不可
JR西日本,古市,播磨高岡,,,自動取得不可
JR西日本,古市,余部,,,自動取得不可
JR西日本,古市,太市,,,自動取得不可
JR西日本,古市,本竜野,,,自動取得不可
JR西日本,古市,東觜崎,,,自動取得不可
JR西日本,古市,播磨新宮,,,自動取得不可
JR西日本,古市,千本,,,自動取得不可
JR西日本,古市,西栗栖,,,自動取得不可
JR西日本,古市,三日月,,,自動取得不可
JR西日本,古市,播磨徳久,,,自動取得不可
JR西日本,古市,佐用,,,自動取得不可
JR西日本,古市,上月,,,自動取得不可
JR西日本,南矢代,篠山口,,,自動取得不可
JR西日本,南矢代,相生,,,自動取得不可
JR西日本,南矢代,西相生,,,自動取得不可
JR西日本,南矢代,坂越,,,自動取得不可
JR西日本,南矢代,播州赤穂,,,自動取得不可
JR西日本,南矢代,天和,,,自動取得不可
JR西日本,南矢代,備前福河,,,自動取得不可
JR西日本,南矢代,日岡,,,自動取得不可
JR西日本,南矢代,神野,,,自動取得不可
JR西日本,南矢代,厄神,,,自動取得不可
JR西日本,南矢代,市場,,,自動取得不可
JR西日本,南矢代,小野町,,,自動取得不可
JR西日本,南矢代,粟生,,,自動取得不可
JR西日本,南矢代,河合西,,,自動取得不可
JR西日本,南矢代,青野ケ原,,,自動取得不可
JR西日本,南矢代,社町,,,自動取得不可
JR西日本,南矢代,滝野,,,自動取得不可
JR西日本,南矢代,滝,,,自動取得不可
JR西日本,南矢代,西脇市,,,自動取得不可
JR西日本,南矢代,新西脇,,,自動取得不可
JR西日本,南矢代,比延,,,自動取得不可
JR西日本,南矢代,日本へそ公園,,,自動取得不可
JR西日本,南矢代,黒田庄,,,自動取得不可
JR西日本,南矢代,本黒田,,,自動取得不可
JR西日本,南矢代,船町口,,,自動取得不可
JR西日本,南矢代,久下村,,,自動取得不可
JR西日本,南矢代,谷川,,,自動取得不可
JR西日本,南矢代,京口,,,自動取得不可
JR西日本,南矢代,野里,,,自動取得不可
JR西日本,南矢代,砥堀,,,自動取得不可
JR西日本,南矢代,仁豊野,,,自動取得不可
JR西日本,南矢代,香呂,,,自動取得不可
JR西日本,南矢代,溝口,,,自動取得不可
JR西日本,南矢代,福崎,,,自動取得不可
JR西日本,南矢代,甘地,,,自動取得不可
JR西日本,南矢代,鶴居,,,自動取得不可
JR西日本,南矢代,新野,,,自動取得不可
JR西日本,南矢代,寺前,,,自動取得不可
JR西日本,南矢代,長谷,,,自動取得不可
JR西日本,南矢代,生野,,,自動取得不可
JR西日本,南矢代,新井,,,自動取得不可
JR西日本,南矢代,青倉,,,自動取得不可
JR西日本,南矢代,竹田,,,自動取得不可
JR西日本,南矢代,和田山,,,自動取得不可
JR西日本,南矢代,播磨高岡,,,自動取得不可
JR西日本,南矢代,余部,,,自動取得不可
JR西日本,南矢代,太市,,,自動取得不可
JR西日本,南矢代,本竜野,,,自動取得不可
JR西日本,南矢代,東觜崎,,,自動取得不可
JR西日本,南矢代,播磨新宮,,,自動取得不可
JR西日本,南矢代,千本,,,自動取得不可
JR西日本,南矢代,西栗栖,,,自動取得不可
JR西日本,南矢代,三日月,,,自動取得不可
JR西日本,南矢代,播磨徳久,,,自動取得不可
JR西日本,南矢代,佐用,,,自動取得不可
JR西日本,南矢代,上月,,,自動取得不可
JR西日本,篠山口,相生,,,自動取得不可
JR西日本,篠山口,西相生,,,自動取得不可
JR西日本,篠山口,坂越,,,自動取得不可
JR西日本,篠山口,播州赤穂,,,自動取得不可
JR西日本,篠山口,天和,,,自動取得不可
JR西日本,篠山口,備前福河,,,自動取得不可
JR西日本,篠山口,日岡,,,自動取得不可
JR西日本,篠山口,神野,,,自動取得不可
JR西日本,篠山口,厄神,,,自動取得不可
JR西日本,篠山口,市場,,,自動取得不可
JR西日本,篠山口,小野町,,,自動取得不可
JR西日本,篠山口,粟生,,,自動取得不可
JR西日本,篠山口,河合西,,,自動取得不可
JR西日本,篠山口,青野ケ原,,,自動取得不可
JR西日本,篠山口,社町,,,自動取得不可
JR西日本,篠山口,滝野,,,自動取得不可
JR西日本,篠山口,滝,,,自動取得不可
JR西日本,篠山口,西脇市,,,自動取得不可
JR西日本,篠山口,新西脇,,,自動取得不可
JR西日本,篠山口,比延,,,自動取得不可
JR西日本,篠山口,日本へそ公園,,,自動取得不可
JR西日本,篠山口,黒田庄,,,自動取得不可
JR西日本,篠山口,本黒田,,,自動取得不可
JR西日本,篠山口,船町口,,,自動取得不可
JR西日本,篠山口,久下村,,,自動取得不可
JR西日本,篠山口,谷川,,,自動取得不可
JR西日本,篠山口,京口,,,自動取得不可
JR西日本,篠山口,野里,,,自動取得不可
JR西日本,篠山口,砥堀,,,自動取得不可
JR西日本,篠山口,仁豊野,,,自動取得不可
JR西日本,篠山口,香呂,,,自動取得不可
JR西日本,篠山口,溝口,,,自動取得不可
JR西日本,篠山口,福崎,,,自動取得不可
JR西日本,篠山口,甘地,,,自動取得不可
JR西日本,篠山口,鶴居,,,自動取得不可
JR西日本,篠山口,新野,,,自動取得不可
JR西日本,篠山口,寺前,,,自動取得不可
JR西日本,篠山口,長谷,,,自動取得不可
JR西日本,篠山口,生野,,,自動取得不可
JR西日本,篠山口,新井,,,自動取得不可
JR西日本,篠山口,青倉,,,自動取得不可
JR西日本,篠山口,竹田,,,自動取得不可
JR西日本,篠山口,和田山,,,自動取得不可
JR西日本,篠山口,播磨高岡,,,自動取得不可
JR西日本,篠山口,余部,,,自動取得不可
JR西日本,篠山口,太市,,,自動取得不可
JR西日本,篠山口,本竜野,,,自動取得不可
JR西日本,篠山口,東觜崎,,,自動取得不可
JR西日本,篠山口,播磨新宮,,,自動取得不可
JR西日本,篠山口,千本,,,自動取得不可
JR西日本,篠山口,西栗栖,,,自動取得不可
JR西日本,篠山口,三日月,,,自動取得不可
JR西日本,篠山口,播磨徳久,,,自動取得不可
JR西日本,篠山口,佐用,,,自動取得不可
JR西日本,篠山口,上月,,,自動取得不可
JR西日本,相生,西相生,,,自動取得不可
JR西日本,相生,坂越,,,自動取得不可
JR西日本,相生,播州赤穂,,,自動取得不可
JR西日本,相生,天和,,,自動取得不可
JR西日本,相生,備前福河,,,自動取得不可
JR西日本,相生,日岡,,,自動取得不可
JR西日本,相生,神野,,,自動取得不可
JR西日本,相生,厄神,,,自動取得不可
JR西日本,相生,市場,,,自動取得不可
JR西日本,相生,小野町,,,自動取得不可
JR西日本,相生,粟生,,,自動取得不可
JR西日本,相生,河合西,,,自動取得不可
JR西日本,相生,青野ケ原,,,自動取得不可
JR西日本,相生,社町,,,自動取得不可
JR西日本,相生,滝野,,,自動取得不可
JR西日本,相生,滝,,,自動取得不可
JR西日本,相生,西脇市,,,自動取得不可
JR西日本,相生,新西脇,,,自動取得不可
JR西日本,相生,比延,,,自動取得不可
JR西日本,相生,日本へそ公園,,,自動取得不可
JR西日本,相生,黒田庄,,,自動取得不可
JR西日本,相生,本黒田,,,自動取得不可
JR西日本,相生,船町口,,,自動取得不可
JR西日本,相生,久下村,,,自動取得不可
JR西日本,相生,谷川,,,自動取得不可
JR西日本,相生,京口,,,自動取得不可
JR西日本,相生,野里,,,自動取得不可
JR西日本,相生,砥堀,,,自動取得不可
JR西日本,相生,仁豊野,,,自動取得不可
JR西日本,相生,香呂,,,自動取得不可
JR西日本,相生,溝口,,,自動取得不可
JR西日本,相生,福崎,,,自動取得不可
JR西日本,相生,甘地,,,自動取得不可
JR西日本,相生,鶴居,,,自動取得不可
JR西日本,相生,新野,,,自動取得不可
JR西日本,相生,寺前,,,自動取得不可
JR西日本,相生,長谷,,,自動取得不可
JR西日本,相生,生野,,,自動取得不可
JR西日本,相生,新井,,,自動取得不可
JR西日本,相生,青倉,,,自動取得不可
JR西日本,相生,竹田,,,自動取得不可
JR西日本,相生,和田山,,,自動取得不可
JR西日本,相生,播磨高岡,,,自動取得不可
JR西日本,相生,余部,,,自動取得不可
JR西日本,相生,太市,,,自動取得不可
JR西日本,相生,本竜野,,,自動取得不可
JR西日本,相生,東觜崎,,,自動取得不可
JR西日本,相生,播磨新宮,,,自動取得不可
JR西日本,相生,千本,,,自動取得不可
JR西日本,相生,西栗栖,,,自動取得不可
JR西日本,相生,三日月,,,自動取得不可
JR西日本,相生,播磨徳久,,,自動取得不可
JR西日本,相生,佐用,,,自動取得不可
JR西日本,相生,上月,,,自動取得不可
JR西日本,西相生,坂越,,,自動取得不可
JR西日本,西相生,播州赤穂,,,自動取得不可
JR西日本,西相生,天和,,,自動取得不可
JR西日本,西相生,備前福河,,,自動取得不可
JR西日本,西相生,日岡,,,自動取得不可
JR西日本,西相生,神野,,,自動取得不可
JR西日本,西相生,厄神,,,自動取得不可
JR西日本,西相生,市場,,,自動取得不可
JR西日本,西相生,小野町,,,自動取得不可
JR西日本,西相生,粟生,,,自動取得不可
JR西日本,西相生,河合西,,,自動取得不可
JR西日本,西相生,青野ケ原,,,自動取得不可
JR西日本,西相生,社町,,,自動取得不可
JR西日本,西相生,滝野,,,自動取得不可
JR西日本,西相生,滝,,,自動取得不可
JR西日本,西相生,西脇市,,,自動取得不可
JR西日本,西相生,新西脇,,,自動取得不可
JR西日本,西相生,比延,,,自動取得不可
JR西日本,西相生,日本へそ公園,,,自動取得不可
JR西日本,西相生,黒田庄,,,自動取得不可
JR西日本,西相生,本黒田,,,自動取得不可
JR西日本,西相生,船町口,,,自動取得不可
JR西日本,西相生,久下村,,,自動取得不可
JR西日本,西相生,谷川,,,自動取得不可
JR西日本,西相生,京口,,,自動取得不可
JR西日本,西相生,野里,,,自動取得不可
JR西日本,西相生,砥堀,,,自動取得不可
JR西日本,西相生,仁豊野,,,自動取得不可
JR西日本,西相生,香呂,,,自動取得不可
JR西日本,西相生,溝口,,,自動取得不可
JR西日本,西相生,福崎,,,自動取得不可
JR西日本,西相生,甘地,,,自動取得不可
JR西日本,西相生,鶴居,,,自動取得不可
JR西日本,西相生,新野,,,自動取得不可
JR西日本,西相生,寺前,,,自動取得不可
JR西日本,西相生,長谷,,,自動取得不可
JR西日本,西相生,生野,,,自動取得不可
JR西日本,西相生,新井,,,自動取得不可
JR西日本,西相生,青倉,,,自動取得不可
JR西日本,西相生,竹田,,,自動取得不可
JR西日本,西相生,和田山,,,自動取得不可
JR西日本,西相生,播磨高岡,,,自動取得不可
JR西日本,西相生,余部,,,自動取得不可
JR西日本,西相生,太市,,,自動取得不可
JR西日本,西相生,本竜野,,,自動取得不可
JR西日本,西相生,東觜崎,,,自動取得不可
JR西日本,西相生,播磨新宮,,,自動取得不可
JR西日本,西相生,千本,,,自動取得不可
JR西日本,西相生,西栗栖,,,自動取得不可
JR西日本,西相生,三日月,,,自動取得不可
JR西日本,西相生,播磨徳久,,,自動取得不可
JR西日本,西相生,佐用,,,自動取得不可
JR西日本,西相生,上月,,,自動取得不可
JR西日本,坂越,播州赤穂,,,自動取得不可
JR西日本,坂越,天和,,,自動取得不可
JR西日本,坂越,備前福河,,,自動取得不可
JR西日本,坂越,日岡,,,自動取得不可
JR西日本,坂越,神野,,,自動取得不可
JR西日本,坂越,厄神,,,自動取得不可
JR西日本,坂越,市場,,,自動取得不可
JR西日本,坂越,小野町,,,自動取得不可
JR西日本,坂越,粟生,,,自動取得不可
JR西日本,坂越,河合西,,,自動取得不可
JR西日本,坂越,青野ケ原,,,自動取得不可
JR西日本,坂越,社町,,,自動取得不可
JR西日本,坂越,滝野,,,自動取得不可
JR西日本,坂越,滝,,,自動取得不可
JR西日本,坂越,西脇市,,,自動取得不可
JR西日本,坂越,新西脇,,,自動取得不可
JR西日本,坂越,比延,,,自動取得不可
JR西日本,坂越,日本へそ公園,,,自動取得不可
JR西日本,坂越,黒田庄,,,自動取得不可
JR西日本,坂越,本黒田,,,自動取得不可
JR西日本,坂越,船町口,,,自動取得不可
JR西日本,坂越,久下村,,,自動取得不可
JR西日本,坂越,谷川,,,自動取得不可
JR西日本,坂越,京口,,,自動取得不可
JR西日本,坂越,野里,,,自動取得不可
JR西日本,坂越,砥堀,,,自動取得不可
JR西日本,坂越,仁豊野,,,自動取得不可
JR西日本,坂越,香呂,,,自動取得不可
JR西日本,坂越,溝口,,,自動取得不可
JR西日本,坂越,福崎,,,自動取得不可
JR西日本,坂越,甘地,,,自動取得不可
JR西日本,坂越,鶴居,,,自動取得不可
JR西日本,坂越,新野,,,自動取得不可
JR西日本,坂越,寺前,,,自動取得不可
JR西日本,坂越,長谷,,,自動取得不可
JR西日本,坂越,生野,,,自動取得不可
JR西日本,坂越,新井,,,自動取得不可
JR西日本,坂越,青倉,,,自動取得不可
JR西日本,坂越,竹田,,,自動取得不可
JR西日本,坂越,和田山,,,自動取得不可
JR西日本,坂越,播磨高岡,,,自動取得不可
JR西日本,坂越,余部,,,自動取得不可
JR西日本,坂越,太市,,,自動取得不可
JR西日本,坂越,本竜野,,,自動取得不可
JR西日本,坂越,東觜崎,,,自動取得不可
JR西日本,坂越,播磨新宮,,,自動取得不可
JR西日本,坂越,千本,,,自動取得不可
JR西日本,坂越,西栗栖,,,自動取得不可
JR西日本,坂越,三日月,,,自動取得不可
JR西日本,坂越,播磨徳久,,,自動取得不可
JR西日本,坂越,佐用,,,自動取得不可
JR西日本,坂越,上月,,,自動取得不可
JR西日本,播州赤穂,天和,,,自動取得不可
JR西日本,播州赤穂,備前福河,,,自動取得不可
JR西日本,播州赤穂,日岡,,,自動取得不可
JR西日本,播州赤穂,神野,,,自動取得不可
JR西日本,播州赤穂,厄神,,,自動取得不可
JR西日本,播州赤穂,市場,,,自動取得不可
JR西日本,播州赤穂,小野町,,,自動取得不可
JR西日本,播州赤穂,粟生,,,自動取得不可
JR西日本,播州赤穂,河合西,,,自動取得不可
JR西日本,播州赤穂,青野ケ原,,,自動取得不可
JR西日本,播州赤穂,社町,,,自動取得不可
JR西日本,播州赤穂,滝野,,,自動取得不可
JR西日本,播州赤穂,滝,,,自動取得不可
JR西日本,播州赤穂,西脇市,,,自動取得不可
JR西日本,播州赤穂,新西脇,,,自動取得不可
JR西日本,播州赤穂,比延,,,自動取得不可
JR西日本,播州赤穂,日本へそ公園,,,自動取得不可
JR西日本,播州赤穂,黒田庄,,,自動取得不可
JR西日本,播州赤穂,本黒田,,,自動取得不可
JR西日本,播州赤穂,船町口,,,自動取得不可
JR西日本,播州赤穂,久下村,,,自動取得不可
JR西日本,播州赤穂,谷川,,,自動取得不可
JR西日本,播州赤穂,京口,,,自動取得不可
JR西日本,播州赤穂,野里,,,自動取得不可
JR西日本,播州赤穂,砥堀,,,自動取得不可
JR西日本,播州赤穂,仁豊野,,,自動取得不可
JR西日本,播州赤穂,香呂,,,自動取得不可
JR西日本,播州赤穂,溝口,,,自動取得不可
JR西日本,播州赤穂,福崎,,,自動取得不可
JR西日本,播州赤穂,甘地,,,自動取得不可
JR西日本,播州赤穂,鶴居,,,自動取得不可
JR西日本,播州赤穂,新野,,,自動取得不可
JR西日本,播州赤穂,寺前,,,自動取得不可
JR西日本,播州赤穂,長谷,,,自動取得不可
JR西日本,播州赤穂,生野,,,自動取得不可
JR西日本,播州赤穂,新井,,,自動取得不可
JR西日本,播州赤穂,青倉,,,自動取得不可
JR西日本,播州赤穂,竹田,,,自動取得不可
JR西日本,播州赤穂,和田山,,,自動取得不可
JR西日本,播州赤穂,播磨高岡,,,自動取得不可
JR西日本,播州赤穂,余部,,,自動取得不可
JR西日本,播州赤穂,太市,,,自動取得不可
JR西日本,播州赤穂,本竜野,,,自動取得不可
JR西日本,播州赤穂,東觜崎,,,自動取得不可
JR西日本,播州赤穂,播磨新宮,,,自動取得不可
JR西日本,播州赤穂,千本,,,自動取得不可
JR西日本,播州赤穂,西栗栖,,,自動取得不可
JR西日本,播州赤穂,三日月,,,自動取得不可
JR西日本,播州赤穂,播磨徳久,,,自動取得不可
JR西日本,播州赤穂,佐用,,,自動取得不可
JR西日本,播州赤穂,上月,,,自動取得不可
JR西日本,天和,備前福河,,,自動取得不可
JR西日本,天和,日岡,,,自動取得不可
JR西日本,天和,神野,,,自動取得不可
JR西日本,天和,厄神,,,自動取得不可
JR西日本,天和,市場,,,自動取得不可
JR西日本,天和,小野町,,,自動取得不可
JR西日本,天和,粟生,,,自動取得不可
JR西日本,天和,河合西,,,自動取得不可
JR西日本,天和,青野ケ原,,,自動取得不可
JR西日本,天和,社町,,,自動取得不可
JR西日本,天和,滝野,,,自動取得不可
JR西日本,天和,滝,,,自動取得不可
JR西日本,天和,西脇市,,,自動取得不可
JR西日本,天和,新西脇,,,自動取得不可
JR西日本,天和,比延,,,自動取得不可
JR西日本,天和,日本へそ公園,,,自動取得不可
JR西日本,天和,黒田庄,,,自動取得不可
JR西日本,天和,本黒田,,,自動取得不可
JR西日本,天和,船町口,,,自動取得不可
JR西日本,天和,久下村,,,自動取得不可
JR西日本,天和,谷川,,,自動取得不可
JR西日本,天和,京口,,,自動取得不可
JR西日本,天和,野里,,,自動取得不可
JR西日本,天和,砥堀,,,自動取得不可
JR西日本,天和,仁豊野,,,自動取得不可
JR西日本,天和,香呂,,,自動取得不可
JR西日本,天和,溝口,,,自動取得不可
JR西日本,天和,福崎,,,自動取得不可
JR西日本,天和,甘地,,,自動取得不可
JR西日本,天和,鶴居,,,自動取得不可
JR西日本,天和,新野,,,自動取得不可
JR西日本,天和,寺前,,,自動取得不可
JR西日本,天和,長谷,,,自動取得不可
JR西日本,天和,生野,,,自動取得不可
JR西日本,天和,新井,,,自動取得不可
JR西日本,天和,青倉,,,自動取得不可
JR西日本,天和,竹田,,,自動取得不可
JR西日本,天和,和田山,,,自動取得不可
JR西日本,天和,播磨高岡,,,自動取得不可
JR西日本,天和,余部,,,自動取得不可
JR西日本,天和,太市,,,自動取得不可
JR西日本,天和,本竜野,,,自動取得不可
JR西日本,天和,東觜崎,,,自動取得不可
JR西日本,天和,播磨新宮,,,自動取得不可
JR西日本,天和,千本,,,自動取得不可
JR西日本,天和,西栗栖,,,自動取得不可
JR西日本,天和,三日月,,,自動取得不可
JR西日本,天和,播磨徳久,,,自動取得不可
JR西日本,天和,佐用,,,自動取得不可
JR西日本,天和,上月,,,自動取得不可
JR西日本,備前福河,日岡,,,自動取得不可
JR西日本,備前福河,神野,,,自動取得不可
JR西日本,備前福河,厄神,,,自動取得不可
JR西日本,備前福河,市場,,,自動取得不可
JR西日本,備前福河,小野町,,,自動取得不可
JR西日本,備前福河,粟生,,,自動取得不可
JR西日本,備前福河,河合西,,,自動取得不可
JR西日本,備前福河,青野ケ原,,,自動取得不可
JR西日本,備前福河,社町,,,自動取得不可
JR西日本,備前福河,滝野,,,自動取得不可
JR西日本,備前福河,滝,,,自動取得不可
JR西日本,備前福河,西脇市,,,自動取得不可
JR西日本,備前福河,新西脇,,,自動取得不可
JR西日本,備前福河,比延,,,自動取得不可
JR西日本,備前福河,日本へそ公園,,,自動取得不可
JR西日本,備前福河,黒田庄,,,自動取得不可
JR西日本,備前福河,本黒田,,,自動取得不可
JR西日本,備前福河,船町口,,,自動取得不可
JR西日本,備前福河,久下村,,,自動取得不可
JR西日本,備前福河,谷川,,,自動取得不可
JR西日本,備前福河,京口,,,自動取得不可
JR西日本,備前福河,野里,,,自動取得不可
JR西日本,備前福河,砥堀,,,自動取得不可
JR西日本,備前福河,仁豊野,,,自動取得不可
JR西日本,備前福河,香呂,,,自動取得不可
JR西日本,備前福河,溝口,,,自動取得不可
JR西日本,備前福河,福崎,,,自動取得不可
JR西日本,備前福河,甘地,,,自動取得不可
JR西日本,備前福河,鶴居,,,自動取得不可
JR西日本,備前福河,新野,,,自動取得不可
JR西日本,備前福河,寺前,,,自動取得不可
JR西日本,備前福河,長谷,,,自動取得不可
JR西日本,備前福河,生野,,,自動取得不可
JR西日本,備前福河,新井,,,自動取得不可
JR西日本,備前福河,青倉,,,自動取得不可
JR西日本,備前福河,竹田,,,自動取得不可
JR西日本,備前福河,和田山,,,自動取得不可
JR西日本,備前福河,播磨高岡,,,自動取得不可
JR西日本,備前福河,余部,,,自動取得不可
JR西日本,備前福河,太市,,,自動取得不可
JR西日本,備前福河,本竜野,,,自動取得不可
JR西日本,備前福河,東觜崎,,,自動取得不可
JR西日本,備前福河,播磨新宮,,,自動取得不可
JR西日本,備前福河,千本,,,自動取得不可
JR西日本,備前福河,西栗栖,,,自動取得不可
JR西日本,備前福河,三日月,,,自動取得不可
JR西日本,備前福河,播磨徳久,,,自動取得不可
JR西日本,備前福河,佐用,,,自動取得不可
JR西日本,備前福河,上月,,,自動取得不可
JR西日本,日岡,神野,,,自動取得不可
JR西日本,日岡,厄神,,,自動取得不可
JR西日本,日岡,市場,,,自動取得不可
JR西日本,日岡,小野町,,,自動取得不可
JR西日本,日岡,粟生,,,自動取得不可
JR西日本,日岡,河合西,,,自動取得不可
JR西日本,日岡,青野ケ原,,,自動取得不可
JR西日本,日岡,社町,,,自動取得不可
JR西日本,日岡,滝野,,,自動取得不可
JR西日本,日岡,滝,,,自動取得不可
JR西日本,日岡,西脇市,,,自動取得不可
JR西日本,日岡,新西脇,,,自動取得不可
JR西日本,日岡,比延,,,自動取得不可
JR西日本,日岡,日本へそ公園,,,自動取得不可
JR西日本,日岡,黒田庄,,,自動取得不可
JR西日本,日岡,本黒田,,,自動取得不可
JR西日本,日岡,船町口,,,自動取得不可
JR西日本,日岡,久下村,,,自動取得不可
JR西日本,日岡,谷川,,,自動取得不可
JR西日本,日岡,京口,,,自動取得不可
JR西日本,日岡,野里,,,自動取得不可
JR西日本,日岡,砥堀,,,自動取得不可
JR西日本,日岡,仁豊野,,,自動取得不可
JR西日本,日岡,香呂,,,自動取得不可
JR西日本,日岡,溝口,,,自動取得不可
JR西日本,日岡,福崎,,,自動取得不可
JR西日本,日岡,甘地,,,自動取得不可
JR西日本,日岡,鶴居,,,自動取得不可
JR西日本,日岡,新野,,,自動取得不可
JR西日本,日岡,寺前,,,自動取得不可
JR西日本,日岡,長谷,,,自動取得不可
JR西日本,日岡,生野,,,自動取得不可
JR西日本,日岡,新井,,,自動取得不可
JR西日本,日岡,青倉,,,自動取得不可
JR西日本,日岡,竹田,,,自動取得不可
JR西日本,日岡,和田山,,,自動取得不可
JR西日本,日岡,播磨高岡,,,自動取得不可
JR西日本,日岡,余部,,,自動取得不可
JR西日本,日岡,太市,,,自動取得不可
JR西日本,日岡,本竜野,,,自動取得不可
JR西日本,日岡,東觜崎,,,自動取得不可
JR西日本,日岡,播磨新宮,,,自動取得不可
JR西日本,日岡,千本,,,自動取得不可
JR西日本,日岡,西栗栖,,,自動取得不可
JR西日本,日岡,三日月,,,自動取得不可
JR西日本,日岡,播磨徳久,,,自動取得不可
JR西日本,日岡,佐用,,,自動取得不可
JR西日本,日岡,上月,,,自動取得不可
JR西日本,神野,厄神,,,自動取得不可
JR西日本,神野,市場,,,自動取得不可
JR西日本,神野,小野町,,,自動取得不可
JR西日本,神野,粟生,,,自動取得不可
JR西日本,神野,河合西,,,自動取得不可
JR西日本,神野,青野ケ原,,,自動取得不可
JR西日本,神野,社町,,,自動取得不可
JR西日本,神野,滝野,,,自動取得不可
JR西日本,神野,滝,,,自動取得不可
JR西日本,神野,西脇市,,,自動取得不可
JR西日本,神野,新西脇,,,自動取得不可
JR西日本,神野,比延,,,自動取得不可
JR西日本,神野,日本へそ公園,,,自動取得不可
JR西日本,神野,黒田庄,,,自動取得不可
JR西日本,神野,本黒田,,,自動取得不可
JR西日本,神野,船町口,,,自動取得不可
JR西日本,神野,久下村,,,自動取得不可
JR西日本,神野,谷川,,,自動取得不可
JR西日本,神野,京口,,,自動取得不可
JR西日本,神野,野里,,,自動取得不可
JR西日本,神野,砥堀,,,自動取得不可
JR西日本,神野,仁豊野,,,自動取得不可
JR西日本,神野,香呂,,,自動取得不可
JR西日本,神野,溝口,,,自動取得不可
JR西日本,神野,福崎,,,自動取得不可
JR西日本,神野,甘地,,,自動取得不可
JR西日本,神野,鶴居,,,自動取得不可
JR西日本,神野,新野,,,自動取得不可
JR西日本,神野,寺前,,,自動取得不可
JR西日本,神野,長谷,,,自動取得不可
JR西日本,神野,生野,,,自動取得不可
JR西日本,神野,新井,,,自動取得不可
JR西日本,神野,青倉,,,自動取得不可
JR西日本,神野,竹田,,,自動取得不可
JR西日本,神野,和田山,,,自動取得不可
JR西日本,神野,播磨高岡,,,自動取得不可
JR西日本,神野,余部,,,自動取得不可
JR西日本,神野,太市,,,自動取得不可
JR西日本,神野,本竜野,,,自動取得不可
JR西日本,神野,東觜崎,,,自動取得不可
JR西日本,神野,播磨新宮,,,自動取得不可
JR西日本,神野,千本,,,自動取得不可
JR西日本,神野,西栗栖,,,自動取得不可
JR西日本,神野,三日月,,,自動取得不可
JR西日本,神野,播磨徳久,,,自動取得不可
JR西日本,神野,佐用,,,自動取得不可
JR西日本,神野,上月,,,自動取得不可
JR西日本,厄神,市場,,,自動取得不可
JR西日本,厄神,小野町,,,自動取得不可
JR西日本,厄神,粟生,,,自動取得不可
JR西日本,厄神,河合西,,,自動取得不可
JR西日本,厄神,青野ケ原,,,自動取得不可
JR西日本,厄神,社町,,,自動取得不可
JR西日本,厄神,滝野,,,自動取得不可
JR西日本,厄神,滝,,,自動取得不可
JR西日本,厄神,西脇市,,,自動取得不可
JR西日本,厄神,新西脇,,,自動取得不可
JR西日本,厄神,比延,,,自動取得不可
JR西日本,厄神,日本へそ公園,,,自動取得不可
JR西日本,厄神,黒田庄,,,自動取得不可
JR西日本,厄神,本黒田,,,自動取得不可
JR西日本,厄神,船町口,,,自動取得不可
JR西日本,厄神,久下村,,,自動取得不可
JR西日本,厄神,谷川,,,自動取得不可
JR西日本,厄神,京口,,,自動取得不可
JR西日本,厄神,野里,,,自動取得不可
JR西日本,厄神,砥堀,,,自動取得不可
JR西日本,厄神,仁豊野,,,自動取得不可
JR西日本,厄神,香呂,,,自動取得不可
JR西日本,厄神,溝口,,,自動取得不可
JR西日本,厄神,福崎,,,自動取得不可
JR西日本,厄神,甘地,,,自動取得不可
JR西日本,厄神,鶴居,,,自動取得不可
JR西日本,厄神,新野,,,自動取得不可
JR西日本,厄神,寺前,,,自動取得不可
JR西日本,厄神,長谷,,,自動取得不可
JR西日本,厄神,生野,,,自動取得不可
JR西日本,厄神,新井,,,自動取得不可
JR西日本,厄神,青倉,,,自動取得不可
JR西日本,厄神,竹田,,,自動取得不可
JR西日本,厄神,和田山,,,自動取得不可
JR西日本,厄神,播磨高岡,,,自動取得不可
JR西日本,厄神,余部,,,自動取得不可
JR西日本,厄神,太市,,,自動取得不可
JR西日本,厄神,本竜野,,,自動取得不可
JR西日本,厄神,東觜崎,,,自動取得不可
JR西日本,厄神,播磨新宮,,,自動取得不可
JR西日本,厄神,千本,,,自動取得不可
JR西日本,厄神,西栗栖,,,自動取得不可
JR西日本,厄神,三日月,,,自動取得不可
JR西日本,厄神,播磨徳久,,,自動取得不可
JR西日本,厄神,佐用,,,自動取得不可
JR西日本,厄神,上月,,,自動取得不可
JR西日本,市場,小野町,,,自動取得不可
JR西日本,市場,粟生,,,自動取得不可
JR西日本,市場,河合西,,,自動取得不可
JR西日本,市場,青野ケ原,,,自動取得不可
JR西日本,市場,社町,,,自動取得不可
JR西日本,市場,滝野,,,自動取得不可
JR西日本,市場,滝,,,自動取得不可
JR西日本,市場,西脇市,,,自動取得不可
JR西日本,市場,新西脇,,,自動取得不可
JR西日本,市場,比延,,,自動取得不可
JR西日本,市場,日本へそ公園,,,自動取得不可
JR西日本,市場,黒田庄,,,自動取得不可
JR西日本,市場,本黒田,,,自動取得不可
JR西日本,市場,船町口,,,自動取得不可
JR西日本,市場,久下村,,,自動取得不可
JR西日本,市場,谷川,,,自動取得不可
JR西日本,市場,京口,,,自動取得不可
JR西日本,市場,野里,,,自動取得不可
JR西日本,市場,砥堀,,,自動取得不可
JR西日本,市場,仁豊野,,,自動取得不可
JR西日本,市場,香呂,,,自動取得不可
JR西日本,市場,溝口,,,自動取得不可
JR西日本,市場,福崎,,,自動取得不可
JR西日本,市場,甘地,,,自動取得不可
JR西日本,市場,鶴居,,,自動取得不可
JR西日本,市場,新野,,,自動取得不可
JR西日本,市場,寺前,,,自動取得不可
JR西日本,市場,長谷,,,自動取得不可
JR西日本,市場,生野,,,自動取得不可
JR西日本,市場,新井,,,自動取得不可
JR西日本,市場,青倉,,,自動取得不可
JR西日本,市場,竹田,,,自動取得不可
JR西日本,市場,和田山,,,自動取得不可
JR西日本,市場,播磨高岡,,,自動取得不可
JR西日本,市場,余部,,,自動取得不可
JR西日本,市場,太市,,,自動取得不可
JR西日本,市場,本竜野,,,自動取得不可
JR西日本,市場,東觜崎,,,自動取得不可
JR西日本,市場,播磨新宮,,,自動取得不可
JR西日本,市場,千本,,,自動取得不可
JR西日本,市場,西栗栖,,,自動取得不可
JR西日本,市場,三日月,,,自動取得不可
JR西日本,市場,播磨徳久,,,自動取得不可
JR西日本,市場,佐用,,,自動取得不可
JR西日本,市場,上月,,,自動取得不可
JR西日本,小野町,粟生,,,自動取得不可
JR西日本,小野町,河合西,,,自動取得不可
JR西日本,小野町,青野ケ原,,,自動取得不可
JR西日本,小野町,社町,,,自動取得不可
JR西日本,小野町,滝野,,,自動取得不可
JR西日本,小野町,滝,,,自動取得不可
JR西日本,小野町,西脇市,,,自動取得不可
JR西日本,小野町,新西脇,,,自動取得不可
JR西日本,小野町,比延,,,自動取得不可
JR西日本,小野町,日本へそ公園,,,自動取得不可
JR西日本,小野町,黒田庄,,,自動取得不可
JR西日本,小野町,本黒田,,,自動取得不可
JR西日本,小野町,船町口,,,自動取得不可
JR西日本,小野町,久下村,,,自動取得不可
JR西日本,小野町,谷川,,,自動取得不可
JR西日本,小野町,京口,,,自動取得不可
JR西日本,小野町,野里,,,自動取得不可
JR西日本,小野町,砥堀,,,自動取得不可
JR西日本,小野町,仁豊野,,,自動取得不可
JR西日本,小野町,香呂,,,自動取得不可
JR西日本,小野町,溝口,,,自動取得不可
JR西日本,小野町,福崎,,,自動取得不可
JR西日本,小野町,甘地,,,自動取得不可
JR西日本,小野町,鶴居,,,自動取得不可
JR西日本,小野町,新野,,,自動取得不可
JR西日本,小野町,寺前,,,自動取得不可
JR西日本,小野町,長谷,,,自動取得不可
JR西日本,小野町,生野,,,自動取得不可
JR西日本,小野町,新井,,,自動取得不可
JR西日本,小野町,青倉,,,自動取得不可
JR西日本,小野町,竹田,,,自動取得不可
JR西日本,小野町,和田山,,,自動取得不可
JR西日本,小野町,播磨高岡,,,自動取得不可
JR西日本,小野町,余部,,,自動取得不可
JR西日本,小野町,太市,,,自動取得不可
JR西日本,小野町,本竜野,,,自動取得不可
JR西日本,小野町,東觜崎,,,自動取得不可
JR西日本,小野町,播磨新宮,,,自動取得不可
JR西日本,小野町,千本,,,自動取得不可
JR西日本,小野町,西栗栖,,,自動取得不可
JR西日本,小野町,三日月,,,自動取得不可
JR西日本,小野町,播磨徳久,,,自動取得不可
JR西日本,小野町,佐用,,,自動取得不可
JR西日本,小野町,上月,,,自動取得不可
JR西日本,粟生,河合西,,,自動取得不可
JR西日本,粟生,青野ケ原,,,自動取得不可
JR西日本,粟生,社町,,,自動取得不可
JR西日本,粟生,滝野,,,自動取得不可
JR西日本,粟生,滝,,,自動取得不可
JR西日本,粟生,西脇市,,,自動取得不可
JR西日本,粟生,新西脇,,,自動取得不可
JR西日本,粟生,比延,,,自動取得不可
JR西日本,粟生,日本へそ公園,,,自動取得不可
JR西日本,粟生,黒田庄,,,自動取得不可
JR西日本,粟生,本黒田,,,自動取得不可
JR西日本,粟生,船町口,,,自動取得不可
JR西日本,粟生,久下村,,,自動取得不可
JR西日本,粟生,谷川,,,自動取得不可
JR西日本,粟生,京口,,,自動取得不可
JR西日本,粟生,野里,,,自動取得不可
JR西日本,粟生,砥堀,,,自動取得不可
JR西日本,粟生,仁豊野,,,自動取得不可
JR西日本,粟生,香呂,,,自動取得不可
JR西日本,粟生,溝口,,,自動取得不可
JR西日本,粟生,福崎,,,自動取得不可
JR西日本,粟生,甘地,,,自動取得不可
JR西日本,粟生,鶴居,,,自動取得不可
JR西日本,粟生,新野,,,自動取得不可
JR西日本,粟生,寺前,,,自動取得不可
JR西日本,粟生,長谷,,,自動取得不可
JR西日本,粟生,生野,,,自動取得不可
JR西日本,粟生,新井,,,自動取得不可
JR西日本,粟生,青倉,,,自動取得不可
JR西日本,粟生,竹田,,,自動取得不可
JR西日本,粟生,和田山,,,自動取得不可
JR西日本,粟生,播磨高岡,,,自動取得不可
JR西日本,粟生,余部,,,自動取得不可
JR西日本,粟生,太市,,,自動取得不可
JR西日本,粟生,本竜野,,,自動取得不可
JR西日本,粟生,東觜崎,,,自動取得不可
JR西日本,粟生,播磨新宮,,,自動取得不可
JR西日本,粟生,千本,,,自動取得不可
JR西日本,粟生,西栗栖,,,自動取得不可
JR西日本,粟生,三日月,,,自動取得不可
JR西日本,粟生,播磨徳久,,,自動取得不可
JR西日本,粟生,佐用,,,自動取得不可
JR西日本,粟生,上月,,,自動取得不可
JR西日本,河合西,青野ケ原,,,自動取得不可
JR西日本,河合西,社町,,,自動取得不可
JR西日本,河合西,滝野,,,自動取得不可
JR西日本,河合西,滝,,,自動取得不可
JR西日本,河合西,西脇市,,,自動取得不可
JR西日本,河合西,新西脇,,,自動取得不可
JR西日本,河合西,比延,,,自動取得不可
JR西日本,河合西,日本へそ公園,,,自動取得不可
JR西日本,河合西,黒田庄,,,自動取得不可
JR西日本,河合西,本黒田,,,自動取得不可
JR西日本,河合西,船町口,,,自動取得不可
JR西日本,河合西,久下村,,,自動取得不可
JR西日本,河合西,谷川,,,自動取得不可
JR西日本,河合西,京口,,,自動取得不可
JR西日本,河合西,野里,,,自動取得不可
JR西日本,河合西,砥堀,,,自動取得不可
JR西日本,河合西,仁豊野,,,自動取得不可
JR西日本,河合西,香呂,,,自動取得不可
JR西日本,河合西,溝口,,,自動取得不可
JR西日本,河合西,福崎,,,自動取得不可
JR西日本,河合西,甘地,,,自動取得不可
JR西日本,河合西,鶴居,,,自動取得不可
JR西日本,河合西,新野,,,自動取得不可
JR西日本,河合西,寺前,,,自動取得不可
JR西日本,河合西,長谷,,,自動取得不可
JR西日本,河合西,生野,,,自動取得不可
JR西日本,河合西,新井,,,自動取得不可
JR西日本,河合西,青倉,,,自動取得不可
JR西日本,河合西,竹田,,,自動取得不可
JR西日本,河合西,和田山,,,自動取得不可
JR西日本,河合西,播磨高岡,,,自動取得不可
JR西日本,河合西,余部,,,自動取得不可
JR西日本,河合西,太市,,,自動取得不可
JR西日本,河合西,本竜野,,,自動取得不可
JR西日本,河合西,東觜崎,,,自動取得不可
JR西日本,河合西,播磨新宮,,,自動取得不可
JR西日本,河合西,千本,,,自動取得不可
JR西日本,河合西,西栗栖,,,自動取得不可
JR西日本,河合西,三日月,,,自動取得不可
JR西日本,河合西,播磨徳久,,,自動取得不可
JR西日本,河合西,佐用,,,自動取得不可
JR西日本,河合西,上月,,,自動取得不可
JR西日本,青野ケ原,社町,,,自動取得不可
JR西日本,青野ケ原,滝野,,,自動取得不可
JR西日本,青野ケ原,滝,,,自動取得不可
JR西日本,青野ケ原,西脇市,,,自動取得不可
JR西日本,青野ケ原,新西脇,,,自動取得不可
JR西日本,青野ケ原,比延,,,自動取得不可
JR西日本,青野ケ原,日本へそ公園,,,自動取得不可
JR西日本,青野ケ原,黒田庄,,,自動取得不可
JR西日本,青野ケ原,本黒田,,,自動取得不可
JR西日本,青野ケ原,船町口,,,自動取得不可
JR西日本,青野ケ原,久下村,,,自動取得不可
JR西日本,青野ケ原,谷川,,,自動取得不可
JR西日本,青野ケ原,京口,,,自動取得不可
JR西日本,青野ケ原,野里,,,自動取得不可
JR西日本,青野ケ原,砥堀,,,自動取得不可
JR西日本,青野ケ原,仁豊野,,,自動取得不可
JR西日本,青野ケ原,香呂,,,自動取得不可
JR西日本,青野ケ原,溝口,,,自動取得不可
JR西日本,青野ケ原,福崎,,,自動取得不可
JR西日本,青野ケ原,甘地,,,自動取得不可
JR西日本,青野ケ原,鶴居,,,自動取得不可
JR西日本,青野ケ原,新野,,,自動取得不可
JR西日本,青野ケ原,寺前,,,自動取得不可
JR西日本,青野ケ原,長谷,,,自動取得不可
JR西日本,青野ケ原,生野,,,自動取得不可
JR西日本,青野ケ原,新井,,,自動取得不可
JR西日本,青野ケ原,青倉,,,自動取得不可
JR西日本,青野ケ原,竹田,,,自動取得不可
JR西日本,青野ケ原,和田山,,,自動取得不可
JR西日本,青野ケ原,播磨高岡,,,自動取得不可
JR西日本,青野ケ原,余部,,,自動取得不可
JR西日本,青野ケ原,太市,,,自動取得不可
JR西日本,青野ケ原,本竜野,,,自動取得不可
JR西日本,青野ケ原,東觜崎,,,自動取得不可
JR西日本,青野ケ原,播磨新宮,,,自動取得不可
JR西日本,青野ケ原,千本,,,自動取得不可
JR西日本,青野ケ原,西栗栖,,,自動取得不可
JR西日本,青野ケ原,三日月,,,自動取得不可
JR西日本,青野ケ原,播磨徳久,,,自動取得不可
JR西日本,青野ケ原,佐用,,,自動取得不可
JR西日本,青野ケ原,上月,,,自動取得不可
JR西日本,社町,滝野,,,自動取得不可
JR西日本,社町,滝,,,自動取得不可
JR西日本,社町,西脇市,,,自動取得不可
JR西日本,社町,新西脇,,,自動取得不可
JR西日本,社町,比延,,,自動取得不可
JR西日本,社町,日本へそ公園,,,自動取得不可
JR西日本,社町,黒田庄,,,自動取得不可
JR西日本,社町,本黒田,,,自動取得不可
JR西日本,社町,船町口,,,自動取得不可
JR西日本,社町,久下村,,,自動取得不可
JR西日本,社町,谷川,,,自動取得不可
JR西日本,社町,京口,,,自動取得不可
JR西日本,社町,野里,,,自動取得不可
JR西日本,社町,砥堀,,,自動取得不可
JR西日本,社町,仁豊野,,,自動取得不可
JR西日本,社町,香呂,,,自動取得不可
JR西日本,社町,溝口,,,自動取得不可
JR西日本,社町,福崎,,,自動取得不可
JR西日本,社町,甘地,,,自動取得不可
JR西日本,社町,鶴居,,,自動取得不可
JR西日本,社町,新野,,,自動取得不可
JR西日本,社町,寺前,,,自動取得不可
JR西日本,社町,長谷,,,自動取得不可
JR西日本,社町,生野,,,自動取得不可
JR西日本,社町,新井,,,自動取得不可
JR西日本,社町,青倉,,,自動取得不可
JR西日本,社町,竹田,,,自動取得不可
JR西日本,社町,和田山,,,自動取得不可
JR西日本,社町,播磨高岡,,,自動取得不可
JR西日本,社町,余部,,,自動取得不可
JR西日本,社町,太市,,,自動取得不可
JR西日本,社町,本竜野,,,自動取得不可
JR西日本,社町,東觜崎,,,自動取得不可
JR西日本,社町,播磨新宮,,,自動取得不可
JR西日本,社町,千本,,,自動取得不可
JR西日本,社町,西栗栖,,,自動取得不可
JR西日本,社町,三日月,,,自動取得不可
JR西日本,社町,播磨徳久,,,自動取得不可
JR西日本,社町,佐用,,,自動取得不可
JR西日本,社町,上月,,,自動取得不可
JR西日本,滝野,滝,,,自動取得不可
JR西日本,滝野,西脇市,,,自動取得不可
JR西日本,滝野,新西脇,,,自動取得不可
JR西日本,滝野,比延,,,自動取得不可
JR西日本,滝野,日本へそ公園,,,自動取得不可
JR西日本,滝野,黒田庄,,,自動取得不可
JR西日本,滝野,本黒田,,,自動取得不可
JR西日本,滝野,船町口,,,自動取得不可
JR西日本,滝野,久下村,,,自動取得不可
JR西日本,滝野,谷川,,,自動取得不可
JR西日本,滝野,京口,,,自動取得不可
JR西日本,滝野,野里,,,自動取得不可
JR西日本,滝野,砥堀,,,自動取得不可
JR西日本,滝野,仁豊野,,,自動取得不可
JR西日本,滝野,香呂,,,自動取得不可
JR西日本,滝野,溝口,,,自動取得不可
JR西日本,滝野,福崎,,,自動取得不可
JR西日本,滝野,甘地,,,自動取得不可
JR西日本,滝野,鶴居,,,自動取得不可
JR西日本,滝野,新野,,,自動取得不可
JR西日本,滝野,寺前,,,自動取得不可
JR西日本,滝野,長谷,,,自動取得不可
JR西日本,滝野,生野,,,自動取得不可
JR西日本,滝野,新井,,,自動取得不可
JR西日本,滝野,青倉,,,自動取得不可
JR西日本,滝野,竹田,,,自動取得不可
JR西日本,滝野,和田山,,,自動取得不可
JR西日本,滝野,播磨高岡,,,自動取得不可
JR西日本,滝野,余部,,,自動取得不可
JR西日本,滝野,太市,,,自動取得不可
JR西日本,滝野,本竜野,,,自動取得不可
JR西日本,滝野,東觜崎,,,自動取得不可
JR西日本,滝野,播磨新宮,,,自動取得不可
JR西日本,滝野,千本,,,自動取得不可
JR西日本,滝野,西栗栖,,,自動取得不可
JR西日本,滝野,三日月,,,自動取得不可
JR西日本,滝野,播磨徳久,,,自動取得不可
JR西日本,滝野,佐用,,,自動取得不可
JR西日本,滝野,上月,,,自動取得不可
JR西日本,滝,西脇市,,,自動取得不可
JR西日本,滝,新西脇,,,自動取得不可
JR西日本,滝,比延,,,自動取得不可
JR西日本,滝,日本へそ公園,,,自動取得不可
JR西日本,滝,黒田庄,,,自動取得不可
JR西日本,滝,本黒田,,,自動取得不可
JR西日本,滝,船町口,,,自動取得不可
JR西日本,滝,久下村,,,自動取得不可
JR西日本,滝,谷川,,,自動取得不可
JR西日本,滝,京口,,,自動取得不可
JR西日本,滝,野里,,,自動取得不可
JR西日本,滝,砥堀,,,自動取得不可
JR西日本,滝,仁豊野,,,自動取得不可
JR西日本,滝,香呂,,,自動取得不可
JR西日本,滝,溝口,,,自動取得不可
JR西日本,滝,福崎,,,自動取得不可
JR西日本,滝,甘地,,,自動取得不可
JR西日本,滝,鶴居,,,自動取得不可
JR西日本,滝,新野,,,自動取得不可
JR西日本,滝,寺前,,,自動取得不可
JR西日本,滝,長谷,,,自動取得不可
JR西日本,滝,生野,,,自動取得不可
JR西日本,滝,新井,,,自動取得不可
JR西日本,滝,青倉,,,自動取得不可
JR西日本,滝,竹田,,,自動取得不可
JR西日本,滝,和田山,,,自動取得不可
JR西日本,滝,播磨高岡,,,自動取得不可
JR西日本,滝,余部,,,自動取得不可
JR西日本,滝,太市,,,自動取得不可
JR西日本,滝,本竜野,,,自動取得不可
JR西日本,滝,東觜崎,,,自動取得不可
JR西日本,滝,播磨新宮,,,自動取得不可
JR西日本,滝,千本,,,自動取得不可
JR西日本,滝,西栗栖,,,自動取得不可
JR西日本,滝,三日月,,,自動取得不可
JR西日本,滝,播磨徳久,,,自動取得不可
JR西日本,滝,佐用,,,自動取得不可
JR西日本,滝,上月,,,自動取得不可
JR西日本,西脇市,新西脇,,,自動取得不可
JR西日本,西脇市,比延,,,自動取得不可
JR西日本,西脇市,日本へそ公園,,,自動取得不可
JR西日本,西脇市,黒田庄,,,自動取得不可
JR西日本,西脇市,本黒田,,,自動取得不可
JR西日本,西脇市,船町口,,,自動取得不可
JR西日本,西脇市,久下村,,,自動取得不可
JR西日本,西脇市,谷川,,,自動取得不可
JR西日本,西脇市,京口,,,自動取得不可
JR西日本,西脇市,野里,,,自動取得不可
JR西日本,西脇市,砥堀,,,自動取得不可
JR西日本,西脇市,仁豊野,,,自動取得不可
JR西日本,西脇市,香呂,,,自動取得不可
JR西日本,西脇市,溝口,,,自動取得不可
JR西日本,西脇市,福崎,,,自動取得不可
JR西日本,西脇市,甘地,,,自動取得不可
JR西日本,西脇市,鶴居,,,自動取得不可
JR西日本,西脇市,新野,,,自動取得不可
JR西日本,西脇市,寺前,,,自動取得不可
JR西日本,西脇市,長谷,,,自動取得不可
JR西日本,西脇市,生野,,,自動取得不可
JR西日本,西脇市,新井,,,自動取得不可
JR西日本,西脇市,青倉,,,自動取得不可
JR西日本,西脇市,竹田,,,自動取得不可
JR西日本,西脇市,和田山,,,自動取得不可
JR西日本,西脇市,播磨高岡,,,自動取得不可
JR西日本,西脇市,余部,,,自動取得不可
JR西日本,西脇市,太市,,,自動取得不可
JR西日本,西脇市,本竜野,,,自動取得不可
JR西日本,西脇市,東觜崎,,,自動取得不可
JR西日本,西脇市,播磨新宮,,,自動取得不可
JR西日本,西脇市,千本,,,自動取得不可
JR西日本,西脇市,西栗栖,,,自動取得不可
JR西日本,西脇市,三日月,,,自動取得不可
JR西日本,西脇市,播磨徳久,,,自動取得不可
JR西日本,西脇市,佐用,,,自動取得不可
JR西日本,西脇市,上月,,,自動取得不可
JR西日本,新西脇,比延,,,自動取得不可
JR西日本,新西脇,日本へそ公園,,,自動取得不可
JR西日本,新西脇,黒田庄,,,自動取得不可
JR西日本,新西脇,本黒田,,,自動取得不可
JR西日本,新西脇,船町口,,,自動取得不可
JR西日本,新西脇,久下村,,,自動取得不可
JR西日本,新西脇,谷川,,,自動取得不可
JR西日本,新西脇,京口,,,自動取得不可
JR西日本,新西脇,野里,,,自動取得不可
JR西日本,新西脇,砥堀,,,自動取得不可
JR西日本,新西脇,仁豊野,,,自動取得不可
JR西日本,新西脇,香呂,,,自動取得不可
JR西日本,新西脇,溝口,,,自動取得不可
JR西日本,新西脇,福崎,,,自動取得不可
JR西日本,新西脇,甘地,,,自動取得不可
JR西日本,新西脇,鶴居,,,自動取得不可
JR西日本,新西脇,新野,,,自動取得不可
JR西日本,新西脇,寺前,,,自動取得不可
JR西日本,新西脇,長谷,,,自動取得不可
JR西日本,新西脇,生野,,,自動取得不可
JR西日本,新西脇,新井,,,自動取得不可
JR西日本,新西脇,青倉,,,自動取得不可
JR西日本,新西脇,竹田,,,自動取得不可
JR西日本,新西脇,和田山,,,自動取得不可
JR西日本,新西脇,播磨高岡,,,自動取得不可
JR西日本,新西脇,余部,,,自動取得不可
JR西日本,新西脇,太市,,,自動取得不可
JR西日本,新西脇,本竜野,,,自動取得不可
JR西日本,新西脇,東觜崎,,,自動取得不可
JR西日本,新西脇,播磨新宮,,,自動取得不可
JR西日本,新西脇,千本,,,自動取得不可
JR西日本,新西脇,西栗栖,,,自動取得不可
JR西日本,新西脇,三日月,,,自動取得不可
JR西日本,新西脇,播磨徳久,,,自動取得不可
JR西日本,新西脇,佐用,,,自動取得不可
JR西日本,新西脇,上月,,,自動取得不可
JR西日本,比延,日本へそ公園,,,自動取得不可
JR西日本,比延,黒田庄,,,自動取得不可
JR西日本,比延,本黒田,,,自動取得不可
JR西日本,比延,船町口,,,自動取得不可
JR西日本,比延,久下村,,,自動取得不可
JR西日本,比延,谷川,,,自動取得不可
JR西日本,比延,京口,,,自動取得不可
JR西日本,比延,野里,,,自動取得不可
JR西日本,比延,砥堀,,,自動取得不可
JR西日本,比延,仁豊野,,,自動取得不可
JR西日本,比延,香呂,,,自動取得不可
JR西日本,比延,溝口,,,自動取得不可
JR西日本,比延,福崎,,,自動取得不可
JR西日本,比延,甘地,,,自動取得不可
JR西日本,比延,鶴居,,,自動取得不可
JR西日本,比延,新野,,,自動取得不可
JR西日本,比延,寺前,,,自動取得不可
JR西日本,比延,長谷,,,自動取得不可
JR西日本,比延,生野,,,自動取得不可
JR西日本,比延,新井,,,自動取得不可
JR西日本,比延,青倉,,,自動取得不可
JR西日本,比延,竹田,,,自動取得不可
JR西日本,比延,和田山,,,自動取得不可
JR西日本,比延,播磨高岡,,,自動取得不可
JR西日本,比延,余部,,,自動取得不可
JR西日本,比延,太市,,,自動取得不可
JR西日本,比延,本竜野,,,自動取得不可
JR西日本,比延,東觜崎,,,自動取得不可
JR西日本,比延,播磨新宮,,,自動取得不可
JR西日本,比延,千本,,,自動取得不可
JR西日本,比延,西栗栖,,,自動取得不可
JR西日本,比延,三日月,,,自動取得不可
JR西日本,比延,播磨徳久,,,自動取得不可
JR西日本,比延,佐用,,,自動取得不可
JR西日本,比延,上月,,,自動取得不可
JR西日本,日本へそ公園,黒田庄,,,自動取得不可
JR西日本,日本へそ公園,本黒田,,,自動取得不可
JR西日本,日本へそ公園,船町口,,,自動取得不可
JR西日本,日本へそ公園,久下村,,,自動取得不可
JR西日本,日本へそ公園,谷川,,,自動取得不可
JR西日本,日本へそ公園,京口,,,自動取得不可
JR西日本,日本へそ公園,野里,,,自動取得不可
JR西日本,日本へそ公園,砥堀,,,自動取得不可
JR西日本,日本へそ公園,仁豊野,,,自動取得不可
JR西日本,日本へそ公園,香呂,,,自動取得不可
JR西日本,日本へそ公園,溝口,,,自動取得不可
JR西日本,日本へそ公園,福崎,,,自動取得不可
JR西日本,日本へそ公園,甘地,,,自動取得不可
JR西日本,日本へそ公園,鶴居,,,自動取得不可
JR西日本,日本へそ公園,新野,,,自動取得不可
JR西日本,日本へそ公園,寺前,,,自動取得不可
JR西日本,日本へそ公園,長谷,,,自動取得不可
JR西日本,日本へそ公園,生野,,,自動取得不可
JR西日本,日本へそ公園,新井,,,自動取得不可
JR西日本,日本へそ公園,青倉,,,自動取得不可
JR西日本,日本へそ公園,竹田,,,自動取得不可
JR西日本,日本へそ公園,和田山,,,自動取得不可
JR西日本,日本へそ公園,播磨高岡,,,自動取得不可
JR西日本,日本へそ公園,余部,,,自動取得不可
JR西日本,日本へそ公園,太市,,,自動取得不可
JR西日本,日本へそ公園,本竜野,,,自動取得不可
JR西日本,日本へそ公園,東觜崎,,,自動取得不可
JR西日本,日本へそ公園,播磨新宮,,,自動取得不可
JR西日本,日本へそ公園,千本,,,自動取得不可
JR西日本,日本へそ公園,西栗栖,,,自動取得不可
JR西日本,日本へそ公園,三日月,,,自動取得不可
JR西日本,日本へそ公園,播磨徳久,,,自動取得不可
JR西日本,日本へそ公園,佐用,,,自動取得不可
JR西日本,日本へそ公園,上月,,,自動取得不可
JR西日本,黒田庄,本黒田,,,自動取得不可
JR西日本,黒田庄,船町口,,,自動取得不可
JR西日本,黒田庄,久下村,,,自動取得不可
JR西日本,黒田庄,谷川,,,自動取得不可
JR西日本,黒田庄,京口,,,自動取得不可
JR西日本,黒田庄,野里,,,自動取得不可
JR西日本,黒田庄,砥堀,,,自動取得不可
JR西日本,黒田庄,仁豊野,,,自動取得不可
JR西日本,黒田庄,香呂,,,自動取得不可
JR西日本,黒田庄,溝口,,,自動取得不可
JR西日本,黒田庄,福崎,,,自動取得不可
JR西日本,黒田庄,甘地,,,自動取得不可
JR西日本,黒田庄,鶴居,,,自動取得不可
JR西日本,黒田庄,新野,,,自動取得不可
JR西日本,黒田庄,寺前,,,自動取得不可
JR西日本,黒田庄,長谷,,,自動取得不可
JR西日本,黒田庄,生野,,,自動取得不可
JR西日本,黒田庄,新井,,,自動取得不可
JR西日本,黒田庄,青倉,,,自動取得不可
JR西日本,黒田庄,竹田,,,自動取得不可
JR西日本,黒田庄,和田山,,,自動取得不可
JR西日本,黒田庄,播磨高岡,,,自動取得不可
JR西日本,黒田庄,余部,,,自動取得不可
JR西日本,黒田庄,太市,,,自動取得不可
JR西日本,黒田庄,本竜野,,,自動取得不可
JR西日本,黒田庄,東觜崎,,,自動取得不可
JR西日本,黒田庄,播磨新宮,,,自動取得不可
JR西日本,黒田庄,千本,,,自動取得不可
JR西日本,黒田庄,西栗栖,,,自動取得不可
JR西日本,黒田庄,三日月,,,自動取得不可
JR西日本,黒田庄,播磨徳久,,,自動取得不可
JR西日本,黒田庄,佐用,,,自動取得不可
JR西日本,黒田庄,上月,,,自動取得不可
JR西日本,本黒田,船町口,,,自動取得不可
JR西日本,本黒田,久下村,,,自動取得不可
JR西日本,本黒田,谷川,,,自動取得不可
JR西日本,本黒田,京口,,,自動取得不可
JR西日本,本黒田,野里,,,自動取得不可
JR西日本,本黒田,砥堀,,,自動取得不可
JR西日本,本黒田,仁豊野,,,自動取得不可
JR西日本,本黒田,香呂,,,自動取得不可
JR西日本,本黒田,溝口,,,自動取得不可
JR西日本,本黒田,福崎,,,自動取得不可
JR西日本,本黒田,甘地,,,自動取得不可
JR西日本,本黒田,鶴居,,,自動取得不可
JR西日本,本黒田,新野,,,自動取得不可
JR西日本,本黒田,寺前,,,自動取得不可
JR西日本,本黒田,長谷,,,自動取得不可
JR西日本,本黒田,生野,,,自動取得不可
JR西日本,本黒田,新井,,,自動取得不可
JR西日本,本黒田,青倉,,,自動取得不可
JR西日本,本黒田,竹田,,,自動取得不可
JR西日本,本黒田,和田山,,,自動取得不可
JR西日本,本黒田,播磨高岡,,,自動取得不可
JR西日本,本黒田,余部,,,自動取得不可
JR西日本,本黒田,太市,,,自動取得不可
JR西日本,本黒田,本竜野,,,自動取得不可
JR西日本,本黒田,東觜崎,,,自動取得不可
JR西日本,本黒田,播磨新宮,,,自動取得不可
JR西日本,本黒田,千本,,,自動取得不可
JR西日本,本黒田,西栗栖,,,自動取得不可
JR西日本,本黒田,三日月,,,自動取得不可
JR西日本,本黒田,播磨徳久,,,自動取得不可
JR西日本,本黒田,佐用,,,自動取得不可
JR西日本,本黒田,上月,,,自動取得不可
JR西日本,船町口,久下村,,,自動取得不可
JR西日本,船町口,谷川,,,自動取得不可
JR西日本,船町口,京口,,,自動取得不可
JR西日本,船町口,野里,,,自動取得不可
JR西日本,船町口,砥堀,,,自動取得不可
JR西日本,船町口,仁豊野,,,自動取得不可
JR西日本,船町口,香呂,,,自動取得不可
JR西日本,船町口,溝口,,,自動取得不可
JR西日本,船町口,福崎,,,自動取得不可
JR西日本,船町口,甘地,,,自動取得不可
JR西日本,船町口,鶴居,,,自動取得不可
JR西日本,船町口,新野,,,自動取得不可
JR西日本,船町口,寺前,,,自動取得不可
JR西日本,船町口,長谷,,,自動取得不可
JR西日本,船町口,生野,,,自動取得不可
JR西日本,船町口,新井,,,自動取得不可
JR西日本,船町口,青倉,,,自動取得不可
JR西日本,船町口,竹田,,,自動取得不可
JR西日本,船町口,和田山,,,自動取得不可
JR西日本,船町口,播磨高岡,,,自動取得不可
JR西日本,船町口,余部,,,自動取得不可
JR西日本,船町口,太市,,,自動取得不可
JR西日本,船町口,本竜野,,,自動取得不可
JR西日本,船町口,東觜崎,,,自動取得不可
JR西日本,船町口,播磨新宮,,,自動取得不可
JR西日本,船町口,千本,,,自動取得不可
JR西日本,船町口,西栗栖,,,自動取得不可
JR西日本,船町口,三日月,,,自動取得不可
JR西日本,船町口,播磨徳久,,,自動取得不可
JR西日本,船町口,佐用,,,自動取得不可
JR西日本,船町口,上月,,,自動取得不可
JR西日本,久下村,谷川,,,自動取得不可
JR西日本,久下村,京口,,,自動取得不可
JR西日本,久下村,野里,,,自動取得不可
JR西日本,久下村,砥堀,,,自動取得不可
JR西日本,久下村,仁豊野,,,自動取得不可
JR西日本,久下村,香呂,,,自動取得不可
JR西日本,久下村,溝口,,,自動取得不可
JR西日本,久下村,福崎,,,自動取得不可
JR西日本,久下村,甘地,,,自動取得不可
JR西日本,久下村,鶴居,,,自動取得不可
JR西日本,久下村,新野,,,自動取得不可
JR西日本,久下村,寺前,,,自動取得不可
JR西日本,久下村,長谷,,,自動取得不可
JR西日本,久下村,生野,,,自動取得不可
JR西日本,久下村,新井,,,自動取得不可
JR西日本,久下村,青倉,,,自動取得不可
JR西日本,久下村,竹田,,,自動取得不可
JR西日本,久下村,和田山,,,自動取得不可
JR西日本,久下村,播磨高岡,,,自動取得不可
JR西日本,久下村,余部,,,自動取得不可
JR西日本,久下村,太市,,,自動取得不可
JR西日本,久下村,本竜野,,,自動取得不可
JR西日本,久下村,東觜崎,,,自動取得不可
JR西日本,久下村,播磨新宮,,,自動取得不可
JR西日本,久下村,千本,,,自動取得不可
JR西日本,久下村,西栗栖,,,自動取得不可
JR西日本,久下村,三日月,,,自動取得不可
JR西日本,久下村,播磨徳久,,,自動取得不可
JR西日本,久下村,佐用,,,自動取得不可
JR西日本,久下村,上月,,,自動取得不可
JR西日本,谷川,京口,,,自動取得不可
JR西日本,谷川,野里,,,自動取得不可
JR西日本,谷川,砥堀,,,自動取得不可
JR西日本,谷川,仁豊野,,,自動取得不可
JR西日本,谷川,香呂,,,自動取得不可
JR西日本,谷川,溝口,,,自動取得不可
JR西日本,谷川,福崎,,,自動取得不可
JR西日本,谷川,甘地,,,自動取得不可
JR西日本,谷川,鶴居,,,自動取得不可
JR西日本,谷川,新野,,,自動取得不可
JR西日本,谷川,寺前,,,自動取得不可
JR西日本,谷川,長谷,,,自動取得不可
JR西日本,谷川,生野,,,自動取得不可
JR西日本,谷川,新井,,,自動取得不可
JR西日本,谷川,青倉,,,自動取得不可
JR西日本,谷川,竹田,,,自動取得不可
JR西日本,谷川,和田山,,,自動取得不可
JR西日本,谷川,播磨高岡,,,自動取得不可
JR西日本,谷川,余部,,,自動取得不可
JR西日本,谷川,太市,,,自動取得不可
JR西日本,谷川,本竜野,,,自動取得不可
JR西日本,谷川,東觜崎,,,自動取得不可
JR西日本,谷川,播磨新宮,,,自動取得不可
JR西日本,谷川,千本,,,自動取得不可
JR西日本,谷川,西栗栖,,,自動取得不可
JR西日本,谷川,三日月,,,自動取得不可
JR西日本,谷川,播磨徳久,,,自動取得不可
JR西日本,谷川,佐用,,,自動取得不可
JR西日本,谷川,上月,,,自動取得不可
JR西日本,京口,野里,,,自動取得不可
JR西日本,京口,砥堀,,,自動取得不可
JR西日本,京口,仁豊野,,,自動取得不可
JR西日本,京口,香呂,,,自動取得不可
JR西日本,京口,溝口,,,自動取得不可
JR西日本,京口,福崎,,,自動取得不可
JR西日本,京口,甘地,,,自動取得不可
JR西日本,京口,鶴居,,,自動取得不可
JR西日本,京口,新野,,,自動取得不可
JR西日本,京口,寺前,,,自動取得不可
JR西日本,京口,長谷,,,自動取得不可
JR西日本,京口,生野,,,自動取得不可
JR西日本,京口,新井,,,自動取得不可
JR西日本,京口,青倉,,,自動取得不可
JR西日本,京口,竹田,,,自動取得不可
JR西日本,京口,和田山,,,自動取得不可
JR西日本,京口,播磨高岡,,,自動取得不可
JR西日本,京口,余部,,,自動取得不可
JR西日本,京口,太市,,,自動取得不可
JR西日本,京口,本竜野,,,自動取得不可
JR西日本,京口,東觜崎,,,自動取得不可
JR西日本,京口,播磨新宮,,,自動取得不可
JR西日本,京口,千本,,,自動取得不可
JR西日本,京口,西栗栖,,,自動取得不可
JR西日本,京口,三日月,,,自動取得不可
JR西日本,京口,播磨徳久,,,自動取得不可
JR西日本,京口,佐用,,,自動取得不可
JR西日本,京口,上月,,,自動取得不可
JR西日本,野里,砥堀,,,自動取得不可
JR西日本,野里,仁豊野,,,自動取得不可
JR西日本,野里,香呂,,,自動取得不可
JR西日本,野里,溝口,,,自動取得不可
JR西日本,野里,福崎,,,自動取得不可
JR西日本,野里,甘地,,,自動取得不可
JR西日本,野里,鶴居,,,自動取得不可
JR西日本,野里,新野,,,自動取得不可
JR西日本,野里,寺前,,,自動取得不可
JR西日本,野里,長谷,,,自動取得不可
JR西日本,野里,生野,,,自動取得不可
JR西日本,野里,新井,,,自動取得不可
JR西日本,野里,青倉,,,自動取得不可
JR西日本,野里,竹田,,,自動取得不可
JR西日本,野里,和田山,,,自動取得不可
JR西日本,野里,播磨高岡,,,自動取得不可
JR西日本,野里,余部,,,自動取得不可
JR西日本,野里,太市,,,自動取得不可
JR西日本,野里,本竜野,,,自動取得不可
JR西日本,野里,東觜崎,,,自動取得不可
JR西日本,野里,播磨新宮,,,自動取得不可
JR西日本,野里,千本,,,自動取得不可
JR西日本,野里,西栗栖,,,自動取得不可
JR西日本,野里,三日月,,,自動取得不可
JR西日本,野里,播磨徳久,,,自動取得不可
JR西日本,野里,佐用,,,自動取得不可
JR西日本,野里,上月,,,自動取得不可
JR西日本,砥堀,仁豊野,,,自動取得不可
JR西日本,砥堀,香呂,,,自動取得不可
JR西日本,砥堀,溝口,,,自動取得不可
JR西日本,砥堀,福崎,,,自動取得不可
JR西日本,砥堀,甘地,,,自動取得不可
JR西日本,砥堀,鶴居,,,自動取得不可
JR西日本,砥堀,新野,,,自動取得不可
JR西日本,砥堀,寺前,,,自動取得不可
JR西日本,砥堀,長谷,,,自動取得不可
JR西日本,砥堀,生野,,,自動取得不可
JR西日本,砥堀,新井,,,自動取得不可
JR西日本,砥堀,青倉,,,自動取得不可
JR西日本,砥堀,竹田,,,自動取得不可
JR西日本,砥堀,和田山,,,自動取得不可
JR西日本,砥堀,播磨高岡,,,自動取得不可
JR西日本,砥堀,余部,,,自動取得不可
JR西日本,砥堀,太市,,,自動取得不可
JR西日本,砥堀,本竜野,,,自動取得不可
JR西日本,砥堀,東觜崎,,,自動取得不可
JR西日本,砥堀,播磨新宮,,,自動取得不可
JR西日本,砥堀,千本,,,自動取得不可
JR西日本,砥堀,西栗栖,,,自動取得不可
JR西日本,砥堀,三日月,,,自動取得不可
JR西日本,砥堀,播磨徳久,,,自動取得不可
JR西日本,砥堀,佐用,,,自動取得不可
JR西日本,砥堀,上月,,,自動取得不可
JR西日本,仁豊野,香呂,,,自動取得不可
JR西日本,仁豊野,溝口,,,自動取得不可
JR西日本,仁豊野,福崎,,,自動取得不可
JR西日本,仁豊野,甘地,,,自動取得不可
JR西日本,仁豊野,鶴居,,,自動取得不可
JR西日本,仁豊野,新野,,,自動取得不可
JR西日本,仁豊野,寺前,,,自動取得不可
JR西日本,仁豊野,長谷,,,自動取得不可
JR西日本,仁豊野,生野,,,自動取得不可
JR西日本,仁豊野,新井,,,自動取得不可
JR西日本,仁豊野,青倉,,,自動取得不可
JR西日本,仁豊野,竹田,,,自動取得不可
JR西日本,仁豊野,和田山,,,自動取得不可
JR西日本,仁豊野,播磨高岡,,,自動取得不可
JR西日本,仁豊野,余部,,,自動取得不可
JR西日本,仁豊野,太市,,,自動取得不可
JR西日本,仁豊野,本竜野,,,自動取得不可
JR西日本,仁豊野,東觜崎,,,自動取得不可
JR西日本,仁豊野,播磨新宮,,,自動取得不可
JR西日本,仁豊野,千本,,,自動取得不可
JR西日本,仁豊野,西栗栖,,,自動取得不可
JR西日本,仁豊野,三日月,,,自動取得不可
JR西日本,仁豊野,播磨徳久,,,自動取得不可
JR西日本,仁豊野,佐用,,,自動取得不可
JR西日本,仁豊野,上月,,,自動取得不可
JR西日本,香呂,溝口,,,自動取得不可
JR西日本,香呂,福崎,,,自動取得不可
JR西日本,香呂,甘地,,,自動取得不可
JR西日本,香呂,鶴居,,,自動取得不可
JR西日本,香呂,新野,,,自動取得不可
JR西日本,香呂,寺前,,,自動取得不可
JR西日本,香呂,長谷,,,自動取得不可
JR西日本,香呂,生野,,,自動取得不可
JR西日本,香呂,新井,,,自動取得不可
JR西日本,香呂,青倉,,,自動取得不可
JR西日本,香呂,竹田,,,自動取得不可
JR西日本,香呂,和田山,,,自動取得不可
JR西日本,香呂,播磨高岡,,,自動取得不可
JR西日本,香呂,余部,,,自動取得不可
JR西日本,香呂,太市,,,自動取得不可
JR西日本,香呂,本竜野,,,自動取得不可
JR西日本,香呂,東觜崎,,,自動取得不可
JR西日本,香呂,播磨新宮,,,自動取得不可
JR西日本,香呂,千本,,,自動取得不可
JR西日本,香呂,西栗栖,,,自動取得不可
JR西日本,香呂,三日月,,,自動取得不可
JR西日本,香呂,播磨徳久,,,自動取得不可
JR西日本,香呂,佐用,,,自動取得不可
JR西日本,香呂,上月,,,自動取得不可
JR西日本,溝口,福崎,,,自動取得不可
JR西日本,溝口,甘地,,,自動取得不可
JR西日本,溝口,鶴居,,,自動取得不可
JR西日本,溝口,新野,,,自動取得不可
JR西日本,溝口,寺前,,,自動取得不可
JR西日本,溝口,長谷,,,自動取得不可
JR西日本,溝口,生野,,,自動取得不可
JR西日本,溝口,新井,,,自動取得不可
JR西日本,溝口,青倉,,,自動取得不可
JR西日本,溝口,竹田,,,自動取得不可
JR西日本,溝口,和田山,,,自動取得不可
JR西日本,溝口,播磨高岡,,,自動取得不可
JR西日本,溝口,余部,,,自動取得不可
JR西日本,溝口,太市,,,自動取得不可
JR西日本,溝口,本竜野,,,自動取得不可
JR西日本,溝口,東觜崎,,,自動取得不可
JR西日本,溝口,播磨新宮,,,自動取得不可
JR西日本,溝口,千本,,,自動取得不可
JR西日本,溝口,西栗栖,,,自動取得不可
JR西日本,溝口,三日月,,,自動取得不可
JR西日本,溝口,播磨徳久,,,自動取得不可
JR西日本,溝口,佐用,,,自動取得不可
JR西日本,溝口,上月,,,自動取得不可
JR西日本,福崎,甘地,,,自動取得不可
JR西日本,福崎,鶴居,,,自動取得不可
JR西日本,福崎,新野,,,自動取得不可
JR西日本,福崎,寺前,,,自動取得不可
JR西日本,福崎,長谷,,,自動取得不可
JR西日本,福崎,生野,,,自動取得不可
JR西日本,福崎,新井,,,自動取得不可
JR西日本,福崎,青倉,,,自動取得不可
JR西日本,福崎,竹田,,,自動取得不可
JR西日本,福崎,和田山,,,自動取得不可
JR西日本,福崎,播磨高岡,,,自動取得不可
JR西日本,福崎,余部,,,自動取得不可
JR西日本,福崎,太市,,,自動取得不可
JR西日本,福崎,本竜野,,,自動取得不可
JR西日本,福崎,東觜崎,,,自動取得不可
JR西日本,福崎,播磨新宮,,,自動取得不可
JR西日本,福崎,千本,,,自動取得不可
JR西日本,福崎,西栗栖,,,自動取得不可
JR西日本,福崎,三日月,,,自動取得不可
JR西日本,福崎,播磨徳久,,,自動取得不可
JR西日本,福崎,佐用,,,自動取得不可
JR西日本,福崎,上月,,,自動取得不可
JR西日本,甘地,鶴居,,,自動取得不可
JR西日本,甘地,新野,,,自動取得不可
JR西日本,甘地,寺前,,,自動取得不可
JR西日本,甘地,長谷,,,自動取得不可
JR西日本,甘地,生野,,,自動取得不可
JR西日本,甘地,新井,,,自動取得不可
JR西日本,甘地,青倉,,,自動取得不可
JR西日本,甘地,竹田,,,自動取得不可
JR西日本,甘地,和田山,,,自動取得不可
JR西日本,甘地,播磨高岡,,,自動取得不可
JR西日本,甘地,余部,,,自動取得不可
JR西日本,甘地,太市,,,自動取得不可
JR西日本,甘地,本竜野,,,自動取得不可
JR西日本,甘地,東觜崎,,,自動取得不可
JR西日本,甘地,播磨新宮,,,自動取得不可
JR西日本,甘地,千本,,,自動取得不可
JR西日本,甘地,西栗栖,,,自動取得不可
JR西日本,甘地,三日月,,,自動取得不可
JR西日本,甘地,播磨徳久,,,自動取得不可
JR西日本,甘地,佐用,,,自動取得不可
JR西日本,甘地,上月,,,自動取得不可
JR西日本,鶴居,新野,,,自動取得不可
JR西日本,鶴居,寺前,,,自動取得不可
JR西日本,鶴居,長谷,,,自動取得不可
JR西日本,鶴居,生野,,,自動取得不可
JR西日本,鶴居,新井,,,自動取得不可
JR西日本,鶴居,青倉,,,自動取得不可
JR西日本,鶴居,竹田,,,自動取得不可
JR西日本,鶴居,和田山,,,自動取得不可
JR西日本,鶴居,播磨高岡,,,自動取得不可
JR西日本,鶴居,余部,,,自動取得不可
JR西日本,鶴居,太市,,,自動取得不可
JR西日本,鶴居,本竜野,,,自動取得不可
JR西日本,鶴居,東觜崎,,,自動取得不可
JR西日本,鶴居,播磨新宮,,,自動取得不可
JR西日本,鶴居,千本,,,自動取得不可
JR西日本,鶴居,西栗栖,,,自動取得不可
JR西日本,鶴居,三日月,,,自動取得不可
JR西日本,鶴居,播磨徳久,,,自動取得不可
JR西日本,鶴居,佐用,,,自動取得不可
JR西日本,鶴居,上月,,,自動取得不可
JR西日本,新野,寺前,,,自動取得不可
JR西日本,新野,長谷,,,自動取得不可
JR西日本,新野,生野,,,自動取得不可
JR西日本,新野,新井,,,自動取得不可
JR西日本,新野,青倉,,,自動取得不可
JR西日本,新野,竹田,,,自動取得不可
JR西日本,新野,和田山,,,自動取得不可
JR西日本,新野,播磨高岡,,,自動取得不可
JR西日本,新野,余部,,,自動取得不可
JR西日本,新野,太市,,,自動取得不可
JR西日本,新野,本竜野,,,自動取得不可
JR西日本,新野,東觜崎,,,自動取得不可
JR西日本,新野,播磨新宮,,,自動取得不可
JR西日本,新野,千本,,,自動取得不可
JR西日本,新野,西栗栖,,,自動取得不可
JR西日本,新野,三日月,,,自動取得不可
JR西日本,新野,播磨徳久,,,自動取得不可
JR西日本,新野,佐用,,,自動取得不可
JR西日本,新野,上月,,,自動取得不可
JR西日本,寺前,長谷,,,自動取得不可
JR西日本,寺前,生野,,,自動取得不可
JR西日本,寺前,新井,,,自動取得不可
JR西日本,寺前,青倉,,,自動取得不可
JR西日本,寺前,竹田,,,自動取得不可
JR西日本,寺前,和田山,,,自動取得不可
JR西日本,寺前,播磨高岡,,,自動取得不可
JR西日本,寺前,余部,,,自動取得不可
JR西日本,寺前,太市,,,自動取得不可
JR西日本,寺前,本竜野,,,自動取得不可
JR西日本,寺前,東觜崎,,,自動取得不可
JR西日本,寺前,播磨新宮,,,自動取得不可
JR西日本,寺前,千本,,,自動取得不可
JR西日本,寺前,西栗栖,,,自動取得不可
JR西日本,寺前,三日月,,,自動取得不可
JR西日本,寺前,播磨徳久,,,自動取得不可
JR西日本,寺前,佐用,,,自動取得不可
JR西日本,寺前,上月,,,自動取得不可
JR西日本,長谷,生野,,,自動取得不可
JR西日本,長谷,新井,,,自動取得不可
JR西日本,長谷,青倉,,,自動取得不可
JR西日本,長谷,竹田,,,自動取得不可
JR西日本,長谷,和田山,,,自動取得不可
JR西日本,長谷,播磨高岡,,,自動取得不可
JR西日本,長谷,余部,,,自動取得不可
JR西日本,長谷,太市,,,自動取得不可
JR西日本,長谷,本竜野,,,自動取得不可
JR西日本,長谷,東觜崎,,,自動取得不可
JR西日本,長谷,播磨新宮,,,自動取得不可
JR西日本,長谷,千本,,,自動取得不可
JR西日本,長谷,西栗栖,,,自動取得不可
JR西日本,長谷,三日月,,,自動取得不可
JR西日本,長谷,播磨徳久,,,自動取得不可
JR西日本,長谷,佐用,,,自動取得不可
JR西日本,長谷,上月,,,自動取得不可
JR西日本,生野,新井,,,自動取得不可
JR西日本,生野,青倉,,,自動取得不可
JR西日本,生野,竹田,,,自動取得不可
JR西日本,生野,和田山,,,自動取得不可
JR西日本,生野,播磨高岡,,,自動取得不可
JR西日本,生野,余部,,,自動取得不可
JR西日本,生野,太市,,,自動取得不可
JR西日本,生野,本竜野,,,自動取得不可
JR西日本,生野,東觜崎,,,自動取得不可
JR西日本,生野,播磨新宮,,,自動取得不可
JR西日本,生野,千本,,,自動取得不可
JR西日本,生野,西栗栖,,,自動取得不可
JR西日本,生野,三日月,,,自動取得不可
JR西日本,生野,播磨徳久,,,自動取得不可
JR西日本,生野,佐用,,,自動取得不可
JR西日本,生野,上月,,,自動取得不可
JR西日本,新井,青倉,,,自動取得不可
JR西日本,新井,竹田,,,自動取得不可
JR西日本,新井,和田山,,,自動取得不可
JR西日本,新井,播磨高岡,,,自動取得不可
JR西日本,新井,余部,,,自動取得不可
JR西日本,新井,太市,,,自動取得不可
JR西日本,新井,本竜野,,,自動取得不可
JR西日本,新井,東觜崎,,,自動取得不可
JR西日本,新井,播磨新宮,,,自動取得不可
JR西日本,新井,千本,,,自動取得不可
JR西日本,新井,西栗栖,,,自動取得不可
JR西日本,新井,三日月,,,自動取得不可
JR西日本,新井,播磨徳久,,,自動取得不可
JR西日本,新井,佐用,,,自動取得不可
JR西日本,新井,上月,,,自動取得不可
JR西日本,青倉,竹田,,,自動取得不可
JR西日本,青倉,和田山,,,自動取得不可
JR西日本,青倉,播磨高岡,,,自動取得不可
JR西日本,青倉,余部,,,自動取得不可
JR西日本,青倉,太市,,,自動取得不可
JR西日本,青倉,本竜野,,,自動取得不可
JR西日本,青倉,東觜崎,,,自動取得不可
JR西日本,青倉,播磨新宮,,,自動取得不可
JR西日本,青倉,千本,,,自動取得不可
JR西日本,青倉,西栗栖,,,自動取得不可
JR西日本,青倉,三日月,,,自動取得不可
JR西日本,青倉,播磨徳久,,,自動取得不可
JR西日本,青倉,佐用,,,自動取得不可
JR西日本,青倉,上月,,,自動取得不可
JR西日本,竹田,和田山,,,自動取得不可
JR西日本,竹田,播磨高岡,,,自動取得不可
JR西日本,竹田,余部,,,自動取得不可
JR西日本,竹田,太市,,,自動取得不可
JR西日本,竹田,本竜野,,,自動取得不可
JR西日本,竹田,東觜崎,,,自動取得不可
JR西日本,竹田,播磨新宮,,,自動取得不可
JR西日本,竹田,千本,,,自動取得不可
JR西日本,竹田,西栗栖,,,自動取得不可
JR西日本,竹田,三日月,,,自動取得不可
JR西日本,竹田,播磨徳久,,,自動取得不可
JR西日本,竹田,佐用,,,自動取得不可
JR西日本,竹田,上月,,,自動取得不可
JR西日本,和田山,播磨高岡,,,自動取得不可
JR西日本,和田山,余部,,,自動取得不可
JR西日本,和田山,太市,,,自動取得不可
JR西日本,和田山,本竜野,,,自動取得不可
JR西日本,和田山,東觜崎,,,自動取得不可
JR西日本,和田山,播磨新宮,,,自動取得不可
JR西日本,和田山,千本,,,自動取得不可
JR西日本,和田山,西栗栖,,,自動取得不可
JR西日本,和田山,三日月,,,自動取得不可
JR西日本,和田山,播磨徳久,,,自動取得不可
JR西日本,和田山,佐用,,,自動取得不可
JR西日本,和田山,上月,,,自動取得不可
JR西日本,播磨高岡,余部,,,自動取得不可
JR西日本,播磨高岡,太市,,,自動取得不可
JR西日本,播磨高岡,本竜野,,,自動取得不可
JR西日本,播磨高岡,東觜崎,,,自動取得不可
JR西日本,播磨高岡,播磨新宮,,,自動取得不可
JR西日本,播磨高岡,千本,,,自動取得不可
JR西日本,播磨高岡,西栗栖,,,自動取得不可
JR西日本,播磨高岡,三日月,,,自動取得不可
JR西日本,播磨高岡,播磨徳久,,,自動取得不可
JR西日本,播磨高岡,佐用,,,自動取得不可
JR西日本,播磨高岡,上月,,,自動取得不可
JR西日本,余部,太市,,,自動取得不可
JR西日本,余部,本竜野,,,自動取得不可
JR西日本,余部,東觜崎,,,自動取得不可
JR西日本,余部,播磨新宮,,,自動取得不可
JR西日本,余部,千本,,,自動取得不可
JR西日本,余部,西栗栖,,,自動取得不可
JR西日本,余部,三日月,,,自動取得不可
JR西日本,余部,播磨徳久,,,自動取得不可
JR西日本,余部,佐用,,,自動取得不可
JR西日本,余部,上月,,,自動取得不可
JR西日本,太市,本竜野,,,自動取得不可
JR西日本,太市,東觜崎,,,自動取得不可
JR西日本,太市,播磨新宮,,,自動取得不可
JR西日本,太市,千本,,,自動取得不可
JR西日本,太市,西栗栖,,,自動取得不可
JR西日本,太市,三日月,,,自動取得不可
JR西日本,太市,播磨徳久,,,自動取得不可
JR西日本,太市,佐用,,,自動取得不可
JR西日本,太市,上月,,,自動取得不可
JR西日本,本竜野,東觜崎,,,自動取得不可
JR西日本,本竜野,播磨新宮,,,自動取得不可
JR西日本,本竜野,千本,,,自動取得不可
JR西日本,本竜野,西栗栖,,,自動取得不可
JR西日本,本竜野,三日月,,,自動取得不可
JR西日本,本竜野,播磨徳久,,,自動取得不可
JR西日本,本竜野,佐用,,,自動取得不可
JR西日本,本竜野,上月,,,自動取得不可
JR西日本,東觜崎,播磨新宮,,,自動取得不可
JR西日本,東觜崎,千本,,,自動取得不可
JR西日本,東觜崎,西栗栖,,,自動取得不可
JR西日本,東觜崎,三日月,,,自動取得不可
JR西日本,東觜崎,播磨徳久,,,自動取得不可
JR西日本,東觜崎,佐用,,,自動取得不可
JR西日本,東觜崎,上月,,,自動取得不可
JR西日本,播磨新宮,千本,,,自動取得不可
JR西日本,播磨新宮,西栗栖,,,自動取得不可
JR西日本,播磨新宮,三日月,,,自動取得不可
JR西日本,播磨新宮,播磨徳久,,,自動取得不可
JR西日本,播磨新宮,佐用,,,自動取得不可
JR西日本,播磨新宮,上月,,,自動取得不可
JR西日本,千本,西栗栖,,,自動取得不可
JR西日本,千本,三日月,,,自動取得不可
JR西日本,千本,播磨徳久,,,自動取得不可
JR西日本,千本,佐用,,,自動取得不可
JR西日本,千本,上月,,,自動取得不可
JR西日本,西栗栖,三日月,,,自動取得不可
JR西日本,西栗栖,播磨徳久,,,自動取得不可
JR西日本,西栗栖,佐用,,,自動取得不可
JR西日本,西栗栖,上月,,,自動取得不可
JR西日本,三日月,播磨徳久,,,自動取得不可
JR西日本,三日月,佐用,,,自動取得不可
JR西日本,三日月,上月,,,自動取得不可
JR西日本,播磨徳久,佐用,,,自動取得不可
JR西日本,播磨徳久,上月,,,自動取得不可
JR西日本,佐用,上月,,,自動取得不可
阪急,園田,塚口,,,自動取得不可
阪急,園田,武庫之荘,,,自動取得不可
阪急,園田,西宮北口,,,自動取得不可
阪急,園田,夙川,,,自動取得不可
阪急,園田,芦屋川,,,自動取得不可
阪急,園田,岡本,,,自動取得不可
阪急,園田,御影,,,自動取得不可
阪急,園田,六甲,,,自動取得不可
阪急,園田,王子公園,,,自動取得不可
阪急,園田,春日野道,,,自動取得不可
阪急,園田,神戸三宮,,,自動取得不可
阪急,園田,稲野,,,自動取得不可
阪急,園田,新伊丹,,,自動取得不可
阪急,園田,伊丹,,,自動取得不可
阪急,園田,門戸厄神,,,自動取得不可
阪急,園田,甲東園,,,自動取得不可
阪急,園田,仁川,,,自動取得不可
阪急,園田,小林,,,自動取得不可
阪急,園田,逆瀬川,,,自動取得不可
阪急,園田,宝塚南口,,,自動取得不可
阪急,園田,宝塚,,,自動取得不可
阪急,園田,苦楽園口,,,自動取得不可
阪急,園田,甲陽園,,,自動取得不可
阪急,園田,今津,,,自動取得不可
阪急,園田,阪神国道,,,自動取得不可
阪急,塚口,武庫之荘,,,自動取得不可
阪急,塚口,西宮北口,,,自動取得不可
阪急,塚口,夙川,,,自動取得不可
阪急,塚口,芦屋川,,,自動取得不可
阪急,塚口,岡本,,,自動取得不可
阪急,塚口,御影,,,自動取得不可
阪急,塚口,六甲,,,自動取得不可
阪急,塚口,王子公園,,,自動取得不可
阪急,塚口,春日野道,,,自動取得不可
阪急,塚口,神戸三宮,,,自動取得不可
阪急,塚口,稲野,,,自動取得不可
阪急,塚口,新伊丹,,,自動取得不可
阪急,塚口,伊丹,,,自動取得不可
阪急,塚口,門戸厄神,,,自動取得不可
阪急,塚口,甲東園,,,自動取得不可
阪急,塚口,仁川,,,自動取得不可
阪急,塚口,小林,,,自動取得不可
阪急,塚口,逆瀬川,,,自動取得不可
阪急,塚口,宝塚南口,,,自動取得不可
阪急,塚口,宝塚,,,自動取得不可
阪急,塚口,苦楽園口,,,自動取得不可
阪急,塚口,甲陽園,,,自動取得不可
阪急,塚口,今津,,,自動取得不可
阪急,塚口,阪神国道,,,自動取得不可
阪急,武庫之荘,西宮北口,,,自動取得不可
阪急,武庫之荘,夙川,,,自動取得不可
阪急,武庫之荘,芦屋川,,,自動取得不可
阪急,武庫之荘,岡本,,,自動取得不可
阪急,武庫之荘,御影,,,自動取得不可
阪急,武庫之荘,六甲,,,自動取得不可
阪急,武庫之荘,王子公園,,,自動取得不可
阪急,武庫之荘,春日野道,,,自動取得不可
阪急,武庫之荘,神戸三宮,,,自動取得不可
阪急,武庫之荘,稲野,,,自動取得不可
阪急,武庫之荘,新伊丹,,,自動取得不可
阪急,武庫之荘,伊丹,,,自動取得不可
阪急,武庫之荘,門戸厄神,,,自動取得不可
阪急,武庫之荘,甲東園,,,自動取得不可
阪急,武庫之荘,仁川,,,自動取得不可
阪急,武庫之荘,小林,,,自動取得不可
阪急,武庫之荘,逆瀬川,,,自動取得不可
阪急,武庫之荘,宝塚南口,,,自動取得不可
阪急,武庫之荘,宝塚,,,自動取得不可
阪急,武庫之荘,苦楽園口,,,自動取得不可
阪急,武庫之荘,甲陽園,,,自動取得不可
阪急,武庫之荘,今津,,,自動取得不可
阪急,武庫之荘,阪神国道,,,自動取得不可
阪急,西宮北口,夙川,,,自動取得不可
阪急,西宮北口,芦屋川,,,自動取得不可
阪急,西宮北口,岡本,,,自動取得不可
阪急,西宮北口,御影,,,自動取得不可
阪急,西宮北口,六甲,,,自動取得不可
阪急,西宮北口,王子公園,,,自動取得不可
阪急,西宮北口,春日野道,,,自動取得不可
阪急,西宮北口,稲野,,,自動取得不可
阪急,西宮北口,新伊丹,,,自動取得不可
阪急,西宮北口,伊丹,,,自動取得不可
阪急,西宮北口,門戸厄神,,,自動取得不可
阪急,西宮北口,甲東園,,,自動取得不可
阪急,西宮北口,仁川,,,自動取得不可
阪急,西宮北口,小林,,,自動取得不可
阪急,西宮北口,逆瀬川,,,自動取得不可
阪急,西宮北口,宝塚南口,,,自動取得不可
阪急,西宮北口,宝塚,,,自動取得不可
阪急,西宮北口,苦楽園口,,,自動取得不可
阪急,西宮北口,甲陽園,,,自動取得不可
阪急,西宮北口,今津,,,自動取得不可
阪急,西宮北口,阪神国道,,,自動取得不可
阪急,夙川,芦屋川,,,自動取得不可
阪急,夙川,岡本,,,自動取得不可
阪急,夙川,御影,,,自動取得不可
阪急,夙川,六甲,,,自動取得不可
阪急,夙川,王子公園,,,自動取得不可
阪急,夙川,春日野道,,,自動取得不可
阪急,夙川,神戸三宮,,,自動取得不可
阪急,夙川,稲野,,,自動取得不可
阪急,夙川,新伊丹,,,自動取得不可
阪急,夙川,伊丹,,,自動取得不可
阪急,夙川,門戸厄神,,,自動取得不可
阪急,夙川,甲東園,,,自動取得不可
阪急,夙川,仁川,,,自動取得不可
阪急,夙川,小林,,,自動取得不可
阪急,夙川,逆瀬川,,,自動取得不可
阪急,夙川,宝塚南口,,,自動取得不可
阪急,夙川,宝塚,,,自動取得不可
阪急,夙川,苦楽園口,,,自動取得不可
阪急,夙川,甲陽園,,,自動取得不可
阪急,夙川,今津,,,自動取得不可
阪急,夙川,阪神国道,,,自動取得不可
阪急,芦屋川,岡本,,,自動取得不可
阪急,芦屋川,御影,,,自動取得不可
阪急,芦屋川,六甲,,,自動取得不可
阪急,芦屋川,王子公園,,,自動取得不可
阪急,芦屋川,春日野道,,,自動取得不可
阪急,芦屋川,神戸三宮,,,自動取得不可
阪急,芦屋川,稲野,,,自動取得不可
阪急,芦屋川,新伊丹,,,自動取得不可
阪急,芦屋川,伊丹,,,自動取得不可
阪急,芦屋川,門戸厄神,,,自動取得不可
阪急,芦屋川,甲東園,,,自動取得不可
阪急,芦屋川,仁川,,,自動取得不可
阪急,芦屋川,小林,,,自動取得不可
阪急,芦屋川,逆瀬川,,,自動取得不可
阪急,芦屋川,宝塚南口,,,自動取得不可
阪急,芦屋川,宝塚,,,自動取得不可
阪急,芦屋川,苦楽園口,,,自動取得不可
阪急,芦屋川,甲陽園,,,自動取得不可
阪急,芦屋川,今津,,,自動取得不可
阪急,芦屋川,阪神国道,,,自動取得不可
阪急,岡本,御影,,,自動取得不可
阪急,岡本,六甲,,,自動取得不可
阪急,岡本,王子公園,,,自動取得不可
阪急,岡本,春日野道,,,自動取得不可
阪急,岡本,稲野,,,自動取得不可
阪急,岡本,新伊丹,,,自動取得不可
阪急,岡本,伊丹,,,自動取得不可
阪急,岡本,門戸厄神,,,自動取得不可
阪急,岡本,甲東園,,,自動取得不可
阪急,岡本,仁川,,,自動取得不可
阪急,岡本,小林,,,自動取得不可
阪急,岡本,逆瀬川,,,自動取得不可
阪急,岡本,宝塚南口,,,自動取得不可
阪急,岡本,宝塚,,,自動取得不可
阪急,岡本,苦楽園口,,,自動取得不可
阪急,岡本,甲陽園,,,自動取得不可
阪急,岡本,今津,,,自動取得不可
阪急,岡本,阪神国道,,,自動取得不可
阪急,御影,六甲,,,自動取得不可
阪急,御影,王子公園,,,自動取得不可
阪急,御影,春日野道,,,自動取得不可
阪急,御影,神戸三宮,,,自動取得不可
阪急,御影,稲野,,,自動取得不可
阪急,御影,新伊丹,,,自動取得不可
阪急,御影,伊丹,,,自動取得不可
阪急,御影,門戸厄神,,,自動取得不可
阪急,御影,甲東園,,,自動取得不可
阪急,御影,仁川,,,自動取得不可
阪急,御影,小林,,,自動取得不可
阪急,御影,逆瀬川,,,自動取得不可
阪急,御影,宝塚南口,,,自動取得不可
阪急,御影,宝塚,,,自動取得不可
阪急,御影,苦楽園口,,,自動取得不可
阪急,御影,甲陽園,,,自動取得不可
阪急,御影,今津,,,自動取得不可
阪急,御影,阪神国道,,,自動取得不可
阪急,六甲,王子公園,,,自動取得不可
阪急,六甲,春日野道,,,自動取得不可
阪急,六甲,神戸三宮,,,自動取得不可
阪急,六甲,稲野,,,自動取得不可
阪急,六甲,新伊丹,,,自動取得不可
阪急,六甲,伊丹,,,自動取得不可
阪急,六甲,門戸厄神,,,自動取得不可
阪急,六甲,甲東園,,,自動取得不可
阪急,六甲,仁川,,,自動取得不可
阪急,六甲,小林,,,自動取得不可
阪急,六甲,逆瀬川,,,自動取得不可
阪急,六甲,宝塚南口,,,自動取得不可
阪急,六甲,宝塚,,,自動取得不可
阪急,六甲,苦楽園口,,,自動取得不可
阪急,六甲,甲陽園,,,自動取得不可
阪急,六甲,今津,,,自動取得不可
阪急,六甲,阪神国道,,,自動取得不可
阪急,王子公園,春日野道,,,自動取得不可
阪急,王子公園,神戸三宮,,,自動取得不可
阪急,王子公園,稲野,,,自動取得不可
阪急,王子公園,新伊丹,,,自動取得不可
阪急,王子公園,伊丹,,,自動取得不可
阪急,王子公園,門戸厄神,,,自動取得不可
阪急,王子公園,甲東園,,,自動取得不可
阪急,王子公園,仁川,,,自動取得不可
阪急,王子公園,小林,,,自動取得不可
阪急,王子公園,逆瀬川,,,自動取得不可
阪急,王子公園,宝塚南口,,,自動取得不可
阪急,王子公園,宝塚,,,自動取得不可
阪急,王子公園,苦楽園口,,,自動取得不可
阪急,王子公園,甲陽園,,,自動取得不可
阪急,王子公園,今津,,,自動取得不可
阪急,王子公園,阪神国道,,,自動取得不可
阪急,春日野道,神戸三宮,,,自動取得不可
阪急,春日野道,稲野,,,自動取得不可
阪急,春日野道,新伊丹,,,自動取得不可
阪急,春日野道,伊丹,,,自動取得不可
阪急,春日野道,門戸厄神,,,自動取得不可
阪急,春日野道,甲東園,,,自動取得不可
阪急,春日野道,仁川,,,自動取得不可
阪急,春日野道,小林,,,自動取得不可
阪急,春日野道,逆瀬川,,,自動取得不可
阪急,春日野道,宝塚南口,,,自動取得不可
阪急,春日野道,宝塚,,,自動取得不可
阪急,春日野道,苦楽園口,,,自動取得不可
阪急,春日野道,甲陽園,,,自動取得不可
阪急,春日野道,今津,,,自動取得不可
阪急,春日野道,阪神国道,,,自動取得不可
阪急,神戸三宮,稲野,,,自動取得不可
阪急,神戸三宮,新伊丹,,,自動取得不可
阪急,神戸三宮,伊丹,,,自動取得不可
阪急,神戸三宮,門戸厄神,,,自動取得不可
阪急,神戸三宮,甲東園,,,自動取得不可
阪急,神戸三宮,仁川,,,自動取得不可
阪急,神戸三宮,小林,,,自動取得不可
阪急,神戸三宮,逆瀬川,,,自動取得不可
阪急,神戸三宮,宝塚南口,,,自動取得不可
阪急,神戸三宮,宝塚,,,自動取得不可
阪急,神戸三宮,苦楽園口,,,自動取得不可
阪急,神戸三宮,甲陽園,,,自動取得不可
阪急,神戸三宮,今津,,,自動取得不可
阪急,神戸三宮,阪神国道,,,自動取得不可
阪急,稲野,新伊丹,,,自動取得不可
阪急,稲野,伊丹,,,自動取得不可
阪急,稲野,門戸厄神,,,自動取得不可
阪急,稲野,甲東園,,,自動取得不可
阪急,稲野,仁川,,,自動取得不可
阪急,稲野,小林,,,自動取得不可
阪急,稲野,逆瀬川,,,自動取得不可
阪急,稲野,宝塚南口,,,自動取得不可
阪急,稲野,宝塚,,,自動取得不可
阪急,稲野,苦楽園口,,,自動取得不可
阪急,稲野,甲陽園,,,自動取得不可
阪急,稲野,今津,,,自動取得不可
阪急,稲野,阪神国道,,,自動取得不可
阪急,新伊丹,伊丹,,,自動取得不可
阪急,新伊丹,門戸厄神,,,自動取得不可
阪急,新伊丹,甲東園,,,自動取得不可
阪急,新伊丹,仁川,,,自動取得不可
阪急,新伊丹,小林,,,自動取得不可
阪急,新伊丹,逆瀬川,,,自動取得不可
阪急,新伊丹,宝塚南口,,,自動取得不可
阪急,新伊丹,宝塚,,,自動取得不可
阪急,新伊丹,苦楽園口,,,自動取得不可
阪急,新伊丹,甲陽園,,,自動取得不可
阪急,新伊丹,今津,,,自動取得不可
阪急,新伊丹,阪神国道,,,自動取得不可
阪急,伊丹,門戸厄神,,,自動取得不可
阪急,伊丹,甲東園,,,自動取得不可
阪急,伊丹,仁川,,,自動取得不可
阪急,伊丹,小林,,,自動取得不可
阪急,伊丹,逆瀬川,,,自動取得不可
阪急,伊丹,宝塚南口,,,自動取得不可
阪急,伊丹,宝塚,,,自動取得不可
阪急,伊丹,苦楽園口,,,自動取得不可
阪急,伊丹,甲陽園,,,自動取得不可
阪急,伊丹,今津,,,自動取得不可
阪急,伊丹,阪神国道,,,自動取得不可
阪急,門戸厄神,甲東園,,,自動取得不可
阪急,門戸厄神,仁川,,,自動取得不可
阪急,門戸厄神,小林,,,自動取得不可
阪急,門戸厄神,逆瀬川,,,自動取得不可
阪急,門戸厄神,宝塚南口,,,自動取得不可
阪急,門戸厄神,宝塚,,,自動取得不可
阪急,門戸厄神,苦楽園口,,,自動取得不可
阪急,門戸厄神,甲陽園,,,自動取得不可
阪急,門戸厄神,今津,,,自動取得不可
阪急,門戸厄神,阪神国道,,,自動取得不可
阪急,甲東園,仁川,,,自動取得不可
阪急,甲東園,小林,,,自動取得不可
阪急,甲東園,逆瀬川,,,自動取得不可
阪急,甲東園,宝塚南口,,,自動取得不可
阪急,甲東園,宝塚,,,自動取得不可
阪急,甲東園,苦楽園口,,,自動取得不可
阪急,甲東園,甲陽園,,,自動取得不可
阪急,甲東園,今津,,,自動取得不可
阪急,甲東園,阪神国道,,,自動取得不可
阪急,仁川,小林,,,自動取得不可
阪急,仁川,逆瀬川,,,自動取得不可
阪急,仁川,宝塚南口,,,自動取得不可
阪急,仁川,宝塚,,,自動取得不可
阪急,仁川,苦楽園口,,,自動取得不可
阪急,仁川,甲陽園,,,自動取得不可
阪急,仁川,今津,,,自動取得不可
阪急,仁川,阪神国道,,,自動取得不可
阪急,小林,逆瀬川,,,自動取得不可
阪急,小林,宝塚南口,,,自動取得不可
阪急,小林,宝塚,,,自動取得不可
阪急,小林,苦楽園口,,,自動取得不可
阪急,小林,甲陽園,,,自動取得不可
阪急,小林,今津,,,自動取得不可
阪急,小林,阪神国道,,,自動取得不可
阪急,逆瀬川,宝塚南口,,,自動取得不可
阪急,逆瀬川,宝塚,,,自動取得不可
阪急,逆瀬川,苦楽園口,,,自動取得不可
阪急,逆瀬川,甲陽園,,,自動取得不可
阪急,逆瀬川,今津,,,自動取得不可
阪急,逆瀬川,阪神国道,,,自動取得不可
阪急,宝塚南口,宝塚,,,自動取得不可
阪急,宝塚南口,苦楽園口,,,自動取得不可
阪急,宝塚南口,甲陽園,,,自動取得不可
阪急,宝塚南口,今津,,,自動取得不可
阪急,宝塚南口,阪神国道,,,自動取得不可
阪急,宝塚,苦楽園口,,,自動取得不可
阪急,宝塚,甲陽園,,,自動取得不可
阪急,宝塚,今津,,,自動取得不可
阪急,宝塚,阪神国道,,,自動取得不可
阪急,苦楽園口,甲陽園,,,自動取得不可
阪急,苦楽園口,今津,,,自動取得不可
阪急,苦楽園口,阪神国道,,,自動取得不可
阪急,甲陽園,今津,,,自動取得不可
阪急,甲陽園,阪神国道,,,自動取得不可
阪急,今津,阪神国道,,,自動取得不可
阪神,杭瀬,大物,,,自動取得不可
阪神,杭瀬,尼崎,,,自動取得不可
阪神,杭瀬,出屋敷,,,自動取得不可
阪神,杭瀬,尼崎センタープール前,,,自動取得不可
阪神,杭瀬,武庫川,,,自動取得不可
阪神,杭瀬,鳴尾・武庫川女子大前,,,自動取得不可
阪神,杭瀬,甲子園,,,自動取得不可
阪神,杭瀬,久寿川,,,自動取得不可
阪神,杭瀬,今津,,,自動取得不可
阪神,杭瀬,西宮,,,自動取得不可
阪神,杭瀬,香櫨園,,,自動取得不可
阪神,杭瀬,打出,,,自動取得不可
阪神,杭瀬,芦屋,,,自動取得不可
阪神,杭瀬,深江,,,自動取得不可
阪神,杭瀬,青木,,,自動取得不可
阪神,杭瀬,魚崎,,,自動取得不可
阪神,杭瀬,住吉,,,自動取得不可
阪神,杭瀬,御影,,,自動取得不可
阪神,杭瀬,石屋川,,,自動取得不可
阪神,杭瀬,新在家,,,自動取得不可
阪神,杭瀬,大石,,,自動取得不可
阪神,杭瀬,西灘,,,自動取得不可
阪神,杭瀬,岩屋,,,自動取得不可
阪神,杭瀬,春日野道,,,自動取得不可
阪神,杭瀬,神戸三宮,,,自動取得不可
阪神,杭瀬,元町,,,自動取得不可
阪神,杭瀬,西元町,,,自動取得不可
阪神,杭瀬,高速神戸,,,自動取得不可
阪神,杭瀬,新開地,,,自動取得不可
阪神,大物,尼崎,,,自動取得不可
阪神,大物,出屋敷,,,自動取得不可
阪神,大物,尼崎センタープール前,,,自動取得不可
阪神,大物,武庫川,,,自動取得不可
阪神,大物,鳴尾・武庫川女子大前,,,自動取得不可
阪神,大物,甲子園,,,自動取得不可
阪神,大物,久寿川,,,自動取得不可
阪神,大物,今津,,,自動取得不可
阪神,大物,西宮,,,自動取得不可
阪神,大物,香櫨園,,,自動取得不可
阪神,大物,打出,,,自動取得不可
阪神,大物,芦屋,,,自動取得不可
阪神,大物,深江,,,自動取得不可
阪神,大物,青木,,,自動取得不可
阪神,大物,魚崎,,,自動取得不可
阪神,大物,住吉,,,自動取得不可
阪神,大物,御影,,,自動取得不可
阪神,大物,石屋川,,,自動取得不可
阪神,大物,新在家,,,自動取得不可
阪神,大物,大石,,,自動取得不可
阪神,大物,西灘,,,自動取得不可
阪神,大物,岩屋,,,自動取得不可
阪神,大物,春日野道,,,自動取得不可
阪神,大物,神戸三宮,,,自動取得不可
阪神,大物,元町,,,自動取得不可
阪神,大物,西元町,,,自動取得不可
阪神,大物,高速神戸,,,自動取得不可
阪神,大物,新開地,,,自動取得不可
阪神,尼崎,出屋敷,,,自動取得不可
阪神,尼崎,尼崎センタープール前,,,自動取得不可
阪神,尼崎,武庫川,,,自動取得不可
阪神,尼崎,鳴尾・武庫川女子大前,,,自動取得不可
阪神,尼崎,甲子園,,,自動取得不可
阪神,尼崎,久寿川,,,自動取得不可
阪神,尼崎,今津,,,自動取得不可
阪神,尼崎,西宮,,,自動取得不可
阪神,尼崎,香櫨園,,,自動取得不可
阪神,尼崎,打出,,,自動取得不可
阪神,尼崎,芦屋,,,自動取得不可
阪神,尼崎,深江,,,自動取得不可
阪神,尼崎,青木,,,自動取得不可
阪神,尼崎,魚崎,,,自動取得不可
阪神,尼崎,住吉,,,自動取得不可
阪神,尼崎,御影,,,自動取得不可
阪神,尼崎,石屋川,,,自動取得不可
阪神,尼崎,新在家,,,自動取得不可
阪神,尼崎,大石,,,自動取得不可
阪神,尼崎,西灘,,,自動取得不可
阪神,尼崎,岩屋,,,自動取得不可
阪神,尼崎,春日野道,,,自動取得不可
阪神,尼崎,神戸三宮,,,自動取得不可
阪神,尼崎,元町,,,自動取得不可
阪神,尼崎,西元町,,,自動取得不可
阪神,尼崎,高速神戸,,,自動取得不可
阪神,尼崎,新開地,,,自動取得不可
阪神,出屋敷,尼崎センタープール前,,,自動取得不可
阪神,出屋敷,武庫川,,,自動取得不可
阪神,出屋敷,鳴尾・武庫川女子大前,,,自動取得不可
阪神,出屋敷,甲子園,,,自動取得不可
阪神,出屋敷,久寿川,,,自動取得不可
阪神,出屋敷,今津,,,自動取得不可
阪神,出屋敷,西宮,,,自動取得不可
阪神,出屋敷,香櫨園,,,自動取得不可
阪神,出屋敷,打出,,,自動取得不可
阪神,出屋敷,芦屋,,,自動取得不可
阪神,出屋敷,深江,,,自動取得不可
阪神,出屋敷,青木,,,自動取得不可
阪神,出屋敷,魚崎,,,自動取得不可
阪神,出屋敷,住吉,,,自動取得不可
阪神,出屋敷,御影,,,自動取得不可
阪神,出屋敷,石屋川,,,自動取得不可
阪神,出屋敷,新在家,,,自動取得不可
阪神,出屋敷,大石,,,自動取得不可
阪神,出屋敷,西灘,,,自動取得不可
阪神,出屋敷,岩屋,,,自動取得不可
阪神,出屋敷,春日野道,,,自動取得不可
阪神,出屋敷,神戸三宮,,,自動取得不可
阪神,出屋敷,元町,,,自動取得不可
阪神,出屋敷,西元町,,,自動取得不可
阪神,出屋敷,高速神戸,,,自動取得不可
阪神,出屋敷,新開地,,,自動取得不可
阪神,尼崎センタープール前,武庫川,,,自動取得不可
阪神,尼崎センタープール前,鳴尾・武庫川女子大前,,,自動取得不可
阪神,尼崎センタープール前,甲子園,,,自動取得不可
阪神,尼崎センタープール前,久寿川,,,自動取得不可
阪神,尼崎センタープール前,今津,,,自動取得不可
阪神,尼崎センタープール前,西宮,,,自動取得不可
阪神,尼崎センタープール前,香櫨園,,,自動取得不可
阪神,尼崎センタープール前,打出,,,自動取得不可
阪神,尼崎センタープール前,芦屋,,,自動取得不可
阪神,尼崎センタープール前,深江,,,自動取得不可
阪神,尼崎センタープール前,青木,,,自動取得不可
阪神,尼崎センタープール前,魚崎,,,自動取得不可
阪神,尼崎センタープール前,住吉,,,自動取得不可
阪神,尼崎センタープール前,御影,,,自動取得不可
阪神,尼崎センタープール前,石屋川,,,自動取得不可
阪神,尼崎センタープール前,新在家,,,自動取得不可
阪神,尼崎センタープール前,大石,,,自動取得不可
阪神,尼崎センタープール前,西灘,,,自動取得不可
阪神,尼崎センタープール前,岩屋,,,自動取得不可
阪神,尼崎センタープール前,春日野道,,,自動取得不可
阪神,尼崎センタープール前,神戸三宮,,,自動取得不可
阪神,尼崎センタープール前,元町,,,自動取得不可
阪神,尼崎センタープール前,西元町,,,自動取得不可
阪神,尼崎センタープール前,高速神戸,,,自動取得不可
阪神,尼崎センタープール前,新開地,,,自動取得不可
阪神,武庫川,鳴尾・武庫川女子大前,,,自動取得不可
阪神,武庫川,甲子園,,,自動取得不可
阪神,武庫川,久寿川,,,自動取得不可
阪神,武庫川,今津,,,自動取得不可
阪神,武庫川,西宮,,,自動取得不可
阪神,武庫川,香櫨園,,,自動取得不可
阪神,武庫川,打出,,,自動取得不可
阪神,武庫川,芦屋,,,自動取得不可
阪神,武庫川,深江,,,自動取得不可
阪神,武庫川,青木,,,自動取得不可
阪神,武庫川,魚崎,,,自動取得不可
阪神,武庫川,住吉,,,自動取得不可
阪神,武庫川,御影,,,自動取得不可
阪神,武庫川,石屋川,,,自動取得不可
阪神,武庫川,新在家,,,自動取得不可
阪神,武庫川,大石,,,自動取得不可
阪神,武庫川,西灘,,,自動取得不可
阪神,武庫川,岩屋,,,自動取得不可
阪神,武庫川,春日野道,,,自動取得不可
阪神,武庫川,神戸三宮,,,自動取得不可
阪神,武庫川,元町,,,自動取得不可
阪神,武庫川,西元町,,,自動取得不可
阪神,武庫川,高速神戸,,,自動取得不可
阪神,武庫川,新開地,,,自動取得不可
阪神,鳴尾・武庫川女子大前,甲子園,,,自動取得不可
阪神,鳴尾・武庫川女子大前,久寿川,,,自動取得不可
阪神,鳴尾・武庫川女子大前,今津,,,自動取得不可
阪神,鳴尾・武庫川女子大前,西宮,,,自動取得不可
阪神,鳴尾・武庫川女子大前,香櫨園,,,自動取得不可
阪神,鳴尾・武庫川女子大前,打出,,,自動取得不可
阪神,鳴尾・武庫川女子大前,芦屋,,,自動取得不可
阪神,鳴尾・武庫川女子大前,深江,,,自動取得不可
阪神,鳴尾・武庫川女子大前,青木,,,自動取得不可
阪神,鳴尾・武庫川女子大前,魚崎,,,自動取得不可
阪神,鳴尾・武庫川女子大前,住吉,,,自動取得不可
阪神,鳴尾・武庫川女子大前,御影,,,自動取得不可
阪神,鳴尾・武庫川女子大前,石屋川,,,自動取得不可
阪神,鳴尾・武庫川女子大前,新在家,,,自動取得不可
阪神,鳴尾・武庫川女子大前,大石,,,自動取得不可
阪神,鳴尾・武庫川女子大前,西灘,,,自動取得不可
阪神,鳴尾・武庫川女子大前,岩屋,,,自動取得不可
阪神,鳴尾・武庫川女子大前,春日野道,,,自動取得不可
阪神,鳴尾・武庫川女子大前,神戸三宮,,,自動取得不可
阪神,鳴尾・武庫川女子大前,元町,,,自動取得不可
阪神,鳴尾・武庫川女子大前,西元町,,,自動取得不可
阪神,鳴尾・武庫川女子大前,高速神戸,,,自動取得不可
阪神,鳴尾・武庫川女子大前,新開地,,,自動取得不可
阪神,甲子園,久寿川,,,自動取得不可
阪神,甲子園,今津,,,自動取得不可
阪神,甲子園,西宮,,,自動取得不可
阪神,甲子園,香櫨園,,,自動取得不可
阪神,甲子園,打出,,,自動取得不可
阪神,甲子園,芦屋,,,自動取得不可
阪神,甲子園,深江,,,自動取得不可
阪神,甲子園,青木,,,自動取得不可
阪神,甲子園,魚崎,,,自動取得不可
阪神,甲子園,住吉,,,自動取得不可
阪神,甲子園,御影,,,自動取得不可
阪神,甲子園,石屋川,,,自動取得不可
阪神,甲子園,新在家,,,自動取得不可
阪神,甲子園,大石,,,自動取得不可
阪神,甲子園,西灘,,,自動取得不可
阪神,甲子園,岩屋,,,自動取得不可
阪神,甲子園,春日野道,,,自動取得不可
阪神,甲子園,神戸三宮,,,自動取得不可
阪神,甲子園,元町,,,自動取得不可
阪神,甲子園,西元町,,,自動取得不可
阪神,甲子園,高速神戸,,,自動取得不可
阪神,甲子園,新開地,,,自動取得不可
阪神,久寿川,今津,,,自動取得不可
阪神,久寿川,西宮,,,自動取得不可
阪神,久寿川,香櫨園,,,自動取得不可
阪神,久寿川,打出,,,自動取得不可
阪神,久寿川,芦屋,,,自動取得不可
阪神,久寿川,深江,,,自動取得不可
阪神,久寿川,青木,,,自動取得不可
阪神,久寿川,魚崎,,,自動取得不可
阪神,久寿川,住吉,,,自動取得不可
阪神,久寿川,御影,,,自動取得不可
阪神,久寿川,石屋川,,,自動取得不可
阪神,久寿川,新在家,,,自動取得不可
阪神,久寿川,大石,,,自動取得不可
阪神,久寿川,西灘,,,自動取得不可
阪神,久寿川,岩屋,,,自動取得不可
阪神,久寿川,春日野道,,,自動取得不可
阪神,久寿川,神戸三宮,,,自動取得不可
阪神,久寿川,元町,,,自動取得不可
阪神,久寿川,西元町,,,自動取得不可
阪神,久寿川,高速神戸,,,自動取得不可
阪神,久寿川,新開地,,,自動取得不可
阪神,今津,西宮,,,自動取得不可
阪神,今津,香櫨園,,,自動取得不可
阪神,今津,打出,,,自動取得不可
阪神,今津,芦屋,,,自動取得不可
阪神,今津,深江,,,自動取得不可
阪神,今津,青木,,,自動取得不可
阪神,今津,魚崎,,,自動取得不可
阪神,今津,住吉,,,自動取得不可
阪神,今津,御影,,,自動取得不可
阪神,今津,石屋川,,,自動取得不可
阪神,今津,新在家,,,自動取得不可
阪神,今津,大石,,,自動取得不可
阪神,今津,西灘,,,自動取得不可
阪神,今津,岩屋,,,自動取得不可
阪神,今津,春日野道,,,自動取得不可
阪神,今津,神戸三宮,,,自動取得不可
阪神,今津,元町,,,自動取得不可
阪神,今津,西元町,,,自動取得不可
阪神,今津,高速神戸,,,自動取得不可
阪神,今津,新開地,,,自動取得不可
阪神,西宮,香櫨園,,,自動取得不可
阪神,西宮,打出,,,自動取得不可
阪神,西宮,芦屋,,,自動取得不可
阪神,西宮,深江,,,自動取得不可
阪神,西宮,青木,,,自動取得不可
阪神,西宮,魚崎,,,自動取得不可
阪神,西宮,住吉,,,自動取得不可
阪神,西宮,御影,,,自動取得不可
阪神,西宮,石屋川,,,自動取得不可
阪神,西宮,新在家,,,自動取得不可
阪神,西宮,大石,,,自動取得不可
阪神,西宮,西灘,,,自動取得不可
阪神,西宮,岩屋,,,自動取得不可
阪神,西宮,春日野道,,,自動取得不可
阪神,西宮,神戸三宮,,,自動取得不可
阪神,西宮,西元町,,,自動取得不可
阪神,西宮,高速神戸,,,自動取得不可
阪神,西宮,新開地,,,自動取得不可
阪神,香櫨園,打出,,,自動取得不可
阪神,香櫨園,芦屋,,,自動取得不可
阪神,香櫨園,深江,,,自動取得不可
阪神,香櫨園,青木,,,自動取得不可
阪神,香櫨園,魚崎,,,自動取得不可
阪神,香櫨園,住吉,,,自動取得不可
阪神,香櫨園,御影,,,自動取得不可
阪神,香櫨園,石屋川,,,自動取得不可
阪神,香櫨園,新在家,,,自動取得不可
阪神,香櫨園,大石,,,自動取得不可
阪神,香櫨園,西灘,,,自動取得不可
阪神,香櫨園,岩屋,,,自動取得不可
阪神,香櫨園,春日野道,,,自動取得不可
阪神,香櫨園,神戸三宮,,,自動取得不可
阪神,香櫨園,元町,,,自動取得不可
阪神,香櫨園,西元町,,,自動取得不可
阪神,香櫨園,高速神戸,,,自動取得不可
阪神,香櫨園,新開地,,,自動取得不可
阪神,打出,芦屋,,,自動取得不可
阪神,打出,深江,,,自動取得不可
阪神,打出,青木,,,自動取得不可
阪神,打出,魚崎,,,自動取得不可
阪神,打出,住吉,,,自動取得不可
阪神,打出,御影,,,自動取得不可
阪神,打出,石屋川,,,自動取得不可
阪神,打出,新在家,,,自動取得不可
阪神,打出,大石,,,自動取得不可
阪神,打出,西灘,,,自動取得不可
阪神,打出,岩屋,,,自動取得不可
阪神,打出,春日野道,,,自動取得不可
阪神,打出,神戸三宮,,,自動取得不可
阪神,打出,元町,,,自動取得不可
阪神,打出,西元町,,,自動取得不可
阪神,打出,高速神戸,,,自動取得不可
阪神,打出,新開地,,,自動取得不可
阪神,芦屋,深江,,,自動取得不可
阪神,芦屋,青木,,,自動取得不可
阪神,芦屋,魚崎,,,自動取得不可
阪神,芦屋,住吉,,,自動取得不可
阪神,芦屋,御影,,,自動取得不可
阪神,芦屋,石屋川,,,自動取得不可
阪神,芦屋,新在家,,,自動取得不可
阪神,芦屋,大石,,,自動取得不可
阪神,芦屋,西灘,,,自動取得不可
阪神,芦屋,岩屋,,,自動取得不可
阪神,芦屋,春日野道,,,自動取得不可
阪神,芦屋,神戸三宮,,,自動取得不可
阪神,芦屋,元町,,,自動取得不可
阪神,芦屋,西元町,,,自動取得不可
阪神,芦屋,高速神戸,,,自動取得不可
阪神,芦屋,新開地,,,自動取得不可
阪神,深江,青木,,,自動取得不可
阪神,深江,魚崎,,,自動取得不可
阪神,深江,住吉,,,自動取得不可
阪神,深江,御影,,,自動取得不可
阪神,深江,石屋川,,,自動取得不可
阪神,深江,新在家,,,自動取得不可
阪神,深江,大石,,,自動取得不可
阪神,深江,西灘,,,自動取得不可
阪神,深江,岩屋,,,自動取得不可
阪神,深江,春日野道,,,自動取得不可
阪神,深江,神戸三宮,,,自動取得不可
阪神,深江,元町,,,自動取得不可
阪神,深江,西元町,,,自動取得不可
阪神,深江,高速神戸,,,自動取得不可
阪神,深江,新開地,,,自動取得不可
阪神,青木,魚崎,,,自動取得不可
阪神,青木,住吉,,,自動取得不可
阪神,青木,御影,,,自動取得不可
阪神,青木,石屋川,,,自動取得不可
阪神,青木,新在家,,,自動取得不可
阪神,青木,大石,,,自動取得不可
阪神,青木,西灘,,,自動取得不可
阪神,青木,岩屋,,,自動取得不可
阪神,青木,春日野道,,,自動取得不可
阪神,青木,神戸三宮,,,自動取得不可
阪神,青木,元町,,,自動取得不可
阪神,青木,西元町,,,自動取得不可
阪神,青木,高速神戸,,,自動取得不可
阪神,青木,新開地,,,自動取得不可
阪神,魚崎,住吉,,,自動取得不可
阪神,魚崎,御影,,,自動取得不可
阪神,魚崎,石屋川,,,自動取得不可
阪神,魚崎,新在家,,,自動取得不可
阪神,魚崎,大石,,,自動取得不可
阪神,魚崎,西灘,,,自動取得不可
阪神,魚崎,岩屋,,,自動取得不可
阪神,魚崎,春日野道,,,自動取得不可
阪神,魚崎,神戸三宮,,,自動取得不可
阪神,魚崎,西元町,,,自動取得不可
阪神,魚崎,高速神戸,,,自動取得不可
阪神,魚崎,新開地,,,自動取得不可
阪神,住吉,御影,,,自動取得不可
阪神,住吉,石屋川,,,自動取得不可
阪神,住吉,新在家,,,自動取得不可
阪神,住吉,大石,,,自動取得不可
阪神,住吉,西灘,,,自動取得不可
阪神,住吉,岩屋,,,自動取得不可
阪神,住吉,春日野道,,,自動取得不可
阪神,住吉,神戸三宮,,,自動取得不可
阪神,住吉,元町,,,自動取得不可
阪神,住吉,西元町,,,自動取得不可
阪神,住吉,高速神戸,,,自動取得不可
阪神,住吉,新開地,,,自動取得不可
阪神,御影,石屋川,,,自動取得不可
阪神,御影,新在家,,,自動取得不可
阪神,御影,大石,,,自動取得不可
阪神,御影,西灘,,,自動取得不可
阪神,御影,岩屋,,,自動取得不可
阪神,御影,春日野道,,,自動取得不可
阪神,御影,神戸三宮,,,自動取得不可
阪神,御影,元町,,,自動取得不可
阪神,御影,西元町,,,自動取得不可
阪神,御影,高速神戸,,,自動取得不可
阪神,御影,新開地,,,自動取得不可
阪神,石屋川,新在家,,,自動取得不可
阪神,石屋川,大石,,,自動取得不可
阪神,石屋川,西灘,,,自動取得不可
阪神,石屋川,岩屋,,,自動取得不可
阪神,石屋川,春日野道,,,自動取得不可
阪神,石屋川,神戸三宮,,,自動取得不可
阪神,石屋川,元町,,,自動取得不可
阪神,石屋川,西元町,,,自動取得不可
阪神,石屋川,高速神戸,,,自動取得不可
阪神,石屋川,新開地,,,自動取得不可
阪神,新在家,大石,,,自動取得不可
阪神,新在家,西灘,,,自動取得不可
阪神,新在家,岩屋,,,自動取得不可
阪神,新在家,春日野道,,,自動取得不可
阪神,新在家,神戸三宮,,,自動取得不可
阪神,新在家,元町,,,自動取得不可
阪神,新在家,西元町,,,自動取得不可
阪神,新在家,高速神戸,,,自動取得不可
阪神,新在家,新開地,,,自動取得不可
阪神,大石,西灘,,,自動取得不可
阪神,大石,岩屋,,,自動取得不可
阪神,大石,春日野道,,,自動取得不可
阪神,大石,神戸三宮,,,自動取得不可
阪神,大石,元町,,,自動取得不可
阪神,大石,西元町,,,自動取得不可
阪神,大石,高速神戸,,,自動取得不可
阪神,大石,新開地,,,自動取得不可
阪神,西灘,岩屋,,,自動取得不可
阪神,西灘,春日野道,,,自動取得不可
阪神,西灘,神戸三宮,,,自動取得不可
阪神,西灘,元町,,,自動取得不可
阪神,西灘,西元町,,,自動取得不可
阪神,西灘,高速神戸,,,自動取得不可
阪神,西灘,新開地,,,自動取得不可
阪神,岩屋,春日野道,,,自動取得不可
阪神,岩屋,神戸三宮,,,自動取得不可
阪神,岩屋,元町,,,自動取得不可
阪神,岩屋,西元町,,,自動取得不可
阪神,岩屋,高速神戸,,,自動取得不可
阪神,岩屋,新開地,,,自動取得不可
阪神,春日野道,神戸三宮,,,自動取得不可
阪神,春日野道,元町,,,自動取得不可
阪神,春日野道,西元町,,,自動取得不可
阪神,春日野道,高速神戸,,,自動取得不可
阪神,春日野道,新開地,,,自動取得不可
阪神,神戸三宮,元町,,,自動取得不可
阪神,神戸三宮,西元町,,,自動取得不可
阪神,神戸三宮,高速神戸,,,自動取得不可
阪神,神戸三宮,新開地,,,自動取得不可
阪神,元町,西元町,,,自動取得不可
阪神,元町,高速神戸,,,自動取得不可
阪神,元町,新開地,,,自動取得不可
阪神,西元町,高速神戸,,,自動取得不可
阪神,西元町,新開地,,,自動取得不可
阪神,高速神戸,新開地,,,自動取得不可
山陽電車,西代,板宿,,,自動取得不可
山陽電車,西代,東須磨,,,自動取得不可
山陽電車,西代,月見山,,,自動取得不可
山陽電車,西代,須磨寺,,,自動取得不可
山陽電車,西代,山陽須磨,,,自動取得不可
山陽電車,西代,須磨浦公園,,,自動取得不可
山陽電車,西代,山陽塩屋,,,自動取得不可
山陽電車,西代,滝の茶屋,,,自動取得不可
山陽電車,西代,東垂水,,,自動取得不可
山陽電車,西代,山陽垂水,,,自動取得不可
山陽電車,西代,霞ヶ丘,,,自動取得不可
山陽電車,西代,舞子公園,,,自動取得不可
山陽電車,西代,西舞子,,,自動取得不可
山陽電車,西代,大蔵谷,,,自動取得不可
山陽電車,西代,人丸前,,,自動取得不可
山陽電車,西代,山陽明石,,,自動取得不可
山陽電車,西代,西新町,,,自動取得不可
山陽電車,西代,林崎松江海岸,,,自動取得不可
山陽電車,西代,藤江,,,自動取得不可
山陽電車,西代,中八木,,,自動取得不可
山陽電車,西代,江井ヶ島,,,自動取得不可
山陽電車,西代,西江井ヶ島,,,自動取得不可
山陽電車,西代,山陽魚住,,,自動取得不可
山陽電車,西代,東二見,,,自動取得不可
山陽電車,西代,西二見,,,自動取得不可
山陽電車,西代,播磨町,,,自動取得不可
山陽電車,西代,別府,,,自動取得不可
山陽電車,西代,浜の宮,,,自動取得不可
山陽電車,西代,尾上の松,,,自動取得不可
山陽電車,西代,高砂,,,自動取得不可
山陽電車,西代,荒井,,,自動取得不可
山陽電車,西代,伊保,,,自動取得不可
山陽電車,西代,山陽曽根,,,自動取得不可
山陽電車,西代,大塩,,,自動取得不可
山陽電車,西代,的形,,,自動取得不可
山陽電車,西代,八家,,,自動取得不可
山陽電車,西代,白浜の宮,,,自動取得不可
山陽電車,西代,妻鹿,,,自動取得不可
山陽電車,西代,飾磨,,,自動取得不可
山陽電車,西代,亀山,,,自動取得不可
山陽電車,西代,手柄,,,自動取得不可
山陽電車,西代,山陽姫路,,,自動取得不可
山陽電車,西代,西飾磨,,,自動取得不可
山陽電車,西代,夢前川,,,自動取得不可
山陽電車,西代,広畑,,,自動取得不可
山陽電車,西代,山陽天満,,,自動取得不可
山陽電車,西代,平松,,,自動取得不可
山陽電車,西代,山陽網干,,,自動取得不可
山陽電車,板宿,東須磨,,,自動取得不可
山陽電車,板宿,月見山,,,自動取得不可
山陽電車,板宿,須磨寺,,,自動取得不可
山陽電車,板宿,山陽須磨,,,自動取得不可
山陽電車,板宿,須磨浦公園,,,自動取得不可
山陽電車,板宿,山陽塩屋,,,自動取得不可
山陽電車,板宿,滝の茶屋,,,自動取得不可
山陽電車,板宿,東垂水,,,自動取得不可
山陽電車,板宿,山陽垂水,,,自動取得不可
山陽電車,板宿,霞ヶ丘,,,自動取得不可
山陽電車,板宿,舞子公園,,,自動取得不可
山陽電車,板宿,西舞子,,,自動取得不可
山陽電車,板宿,大蔵谷,,,自動取得不可
山陽電車,板宿,人丸前,,,自動取得不可
山陽電車,板宿,山陽明石,,,自動取得不可
山陽電車,板宿,西新町,,,自動取得不可
山陽電車,板宿,林崎松江海岸,,,自動取得不可
山陽電車,板宿,藤江,,,自動取得不可
山陽電車,板宿,中八木,,,自動取得不可
山陽電車,板宿,江井ヶ島,,,自動取得不可
山陽電車,板宿,西江井ヶ島,,,自動取得不可
山陽電車,板宿,山陽魚住,,,自動取得不可
山陽電車,板宿,東二見,,,自動取得不可
山陽電車,板宿,西二見,,,自動取得不可
山陽電車,板宿,播磨町,,,自動取得不可
山陽電車,板宿,別府,,,自動取得不可
山陽電車,板宿,浜の宮,,,自動取得不可
山陽電車,板宿,尾上の松,,,自動取得不可
山陽電車,板宿,高砂,,,自動取得不可
山陽電車,板宿,荒井,,,自動取得不可
山陽電車,板宿,伊保,,,自動取得不可
山陽電車,板宿,山陽曽根,,,自動取得不可
山陽電車,板宿,大塩,,,自動取得不可
山陽電車,板宿,的形,,,自動取得不可
山陽電車,板宿,八家,,,自動取得不可
山陽電車,板宿,白浜の宮,,,自動取得不可
山陽電車,板宿,妻鹿,,,自動取得不可
山陽電車,板宿,飾磨,,,自動取得不可
山陽電車,板宿,亀山,,,自動取得不可
山陽電車,板宿,手柄,,,自動取得不可
山陽電車,板宿,山陽姫路,,,自動取得不可
山陽電車,板宿,西飾磨,,,自動取得不可
山陽電車,板宿,夢前川,,,自動取得不可
山陽電車,板宿,広畑,,,自動取得不可
山陽電車,板宿,山陽天満,,,自動取得不可
山陽電車,板宿,平松,,,自動取得不可
山陽電車,板宿,山陽網干,,,自動取得不可
山陽電車,東須磨,月見山,,,自動取得不可
山陽電車,東須磨,須磨寺,,,自動取得不可
山陽電車,東須磨,山陽須磨,,,自動取得不可
山陽電車,東須磨,須磨浦公園,,,自動取得不可
山陽電車,東須磨,山陽塩屋,,,自動取得不可
山陽電車,東須磨,滝の茶屋,,,自動取得不可
山陽電車,東須磨,東垂水,,,自動取得不可
山陽電車,東須磨,山陽垂水,,,自動取得不可
山陽電車,東須磨,霞ヶ丘,,,自動取得不可
山陽電車,東須磨,舞子公園,,,自動取得不可
山陽電車,東須磨,西舞子,,,自動取得不可
山陽電車,東須磨,大蔵谷,,,自動取得不可
山陽電車,東須磨,人丸前,,,自動取得不可
山陽電車,東須磨,山陽明石,,,自動取得不可
山陽電車,東須磨,西新町,,,自動取得不可
山陽電車,東須磨,林崎松江海岸,,,自動取得不可
山陽電車,東須磨,藤江,,,自動取得不可
山陽電車,東須磨,中八木,,,自動取得不可
山陽電車,東須磨,江井ヶ島,,,自動取得不可
山陽電車,東須磨,西江井ヶ島,,,自動取得不可
山陽電車,東須磨,山陽魚住,,,自動取得不可
山陽電車,東須磨,東二見,,,自動取得不可
山陽電車,東須磨,西二見,,,自動取得不可
山陽電車,東須磨,播磨町,,,自動取得不可
山陽電車,東須磨,別府,,,自動取得不可
山陽電車,東須磨,浜の宮,,,自動取得不可
山陽電車,東須磨,尾上の松,,,自動取得不可
山陽電車,東須磨,高砂,,,自動取得不可
山陽電車,東須磨,荒井,,,自動取得不可
山陽電車,東須磨,伊保,,,自動取得不可
山陽電車,東須磨,山陽曽根,,,自動取得不可
山陽電車,東須磨,大塩,,,自動取得不可
山陽電車,東須磨,的形,,,自動取得不可
山陽電車,東須磨,八家,,,自動取得不可
山陽電車,東須磨,白浜の宮,,,自動取得不可
山陽電車,東須磨,妻鹿,,,自動取得不可
山陽電車,東須磨,飾磨,,,自動取得不可
山陽電車,東須磨,亀山,,,自動取得不可
山陽電車,東須磨,手柄,,,自動取得不可
山陽電車,東須磨,山陽姫路,,,自動取得不可
山陽電車,東須磨,西飾磨,,,自動取得不可
山陽電車,東須磨,夢前川,,,自動取得不可
山陽電車,東須磨,広畑,,,自動取得不可
山陽電車,東須磨,山陽天満,,,自動取得不可
山陽電車,東須磨,平松,,,自動取得不可
山陽電車,東須磨,山陽網干,,,自動取得不可
山陽電車,月見山,須磨寺,,,自動取得不可
山陽電車,月見山,山陽須磨,,,自動取得不可
山陽電車,月見山,須磨浦公園,,,自動取得不可
山陽電車,月見山,山陽塩屋,,,自動取得不可
山陽電車,月見山,滝の茶屋,,,自動取得不可
山陽電車,月見山,東垂水,,,自動取得不可
山陽電車,月見山,山陽垂水,,,自動取得不可
山陽電車,月見山,霞ヶ丘,,,自動取得不可
山陽電車,月見山,舞子公園,,,自動取得不可
山陽電車,月見山,西舞子,,,自動取得不可
山陽電車,月見山,大蔵谷,,,自動取得不可
山陽電車,月見山,人丸前,,,自動取得不可
山陽電車,月見山,山陽明石,,,自動取得不可
山陽電車,月見山,西新町,,,自動取得不可
山陽電車,月見山,林崎松江海岸,,,自動取得不可
山陽電車,月見山,藤江,,,自動取得不可
山陽電車,月見山,中八木,,,自動取得不可
山陽電車,月見山,江井ヶ島,,,自動取得不可
山陽電車,月見山,西江井ヶ島,,,自動取得不可
山陽電車,月見山,山陽魚住,,,自動取得不可
山陽電車,月見山,東二見,,,自動取得不可
山陽電車,月見山,西二見,,,自動取得不可
山陽電車,月見山,播磨町,,,自動取得不可
山陽電車,月見山,別府,,,自動取得不可
山陽電車,月見山,浜の宮,,,自動取得不可
山陽電車,月見山,尾上の松,,,自動取得不可
山陽電車,月見山,高砂,,,自動取得不可
山陽電車,月見山,荒井,,,自動取得不可
山陽電車,月見山,伊保,,,自動取得不可
山陽電車,月見山,山陽曽根,,,自動取得不可
山陽電車,月見山,大塩,,,自動取得不可
山陽電車,月見山,的形,,,自動取得不可
山陽電車,月見山,八家,,,自動取得不可
山陽電車,月見山,白浜の宮,,,自動取得不可
山陽電車,月見山,妻鹿,,,自動取得不可
山陽電車,月見山,飾磨,,,自動取得不可
山陽電車,月見山,亀山,,,自動取得不可
山陽電車,月見山,手柄,,,自動取得不可
山陽電車,月見山,山陽姫路,,,自動取得不可
山陽電車,月見山,西飾磨,,,自動取得不可
山陽電車,月見山,夢前川,,,自動取得不可
山陽電車,月見山,広畑,,,自動取得不可
山陽電車,月見山,山陽天満,,,自動取得不可
山陽電車,月見山,平松,,,自動取得不可
山陽電車,月見山,山陽網干,,,自動取得不可
山陽電車,須磨寺,山陽須磨,,,自動取得不可
山陽電車,須磨寺,須磨浦公園,,,自動取得不可
山陽電車,須磨寺,山陽塩屋,,,自動取得不可
山陽電車,須磨寺,滝の茶屋,,,自動取得不可
山陽電車,須磨寺,東垂水,,,自動取得不可
山陽電車,須磨寺,山陽垂水,,,自動取得不可
山陽電車,須磨寺,霞ヶ丘,,,自動取得不可
山陽電車,須磨寺,舞子公園,,,自動取得不可
山陽電車,須磨寺,西舞子,,,自動取得不可
山陽電車,須磨寺,大蔵谷,,,自動取得不可
山陽電車,須磨寺,人丸前,,,自動取得不可
山陽電車,須磨寺,山陽明石,,,自動取得不可
山陽電車,須磨寺,西新町,,,自動取得不可
山陽電車,須磨寺,林崎松江海岸,,,自動取得不可
山陽電車,須磨寺,藤江,,,自動取得不可
山陽電車,須磨寺,中八木,,,自動取得不可
山陽電車,須磨寺,江井ヶ島,,,自動取得不可
山陽電車,須磨寺,西江井ヶ島,,,自動取得不可
山陽電車,須磨寺,山陽魚住,,,自動取得不可
山陽電車,須磨寺,東二見,,,自動取得不可
山陽電車,須磨寺,西二見,,,自動取得不可
山陽電車,須磨寺,播磨町,,,自動取得不可
山陽電車,須磨寺,別府,,,自動取得不可
山陽電車,須磨寺,浜の宮,,,自動取得不可
山陽電車,須磨寺,尾上の松,,,自動取得不可
山陽電車,須磨寺,高砂,,,自動取得不可
山陽電車,須磨寺,荒井,,,自動取得不可
山陽電車,須磨寺,伊保,,,自動取得不可
山陽電車,須磨寺,山陽曽根,,,自動取得不可
山陽電車,須磨寺,大塩,,,自動取得不可
山陽電車,須磨寺,的形,,,自動取得不可
山陽電車,須磨寺,八家,,,自動取得不可
山陽電車,須磨寺,白浜の宮,,,自動取得不可
山陽電車,須磨寺,妻鹿,,,自動取得不可
山陽電車,須磨寺,飾磨,,,自動取得不可
山陽電車,須磨寺,亀山,,,自動取得不可
山陽電車,須磨寺,手柄,,,自動取得不可
山陽電車,須磨寺,山陽姫路,,,自動取得不可
山陽電車,須磨寺,西飾磨,,,自動取得不可
山陽電車,須磨寺,夢前川,,,自動取得不可
山陽電車,須磨寺,広畑,,,自動取得不可
山陽電車,須磨寺,山陽天満,,,自動取得不可
山陽電車,須磨寺,平松,,,自動取得不可
山陽電車,須磨寺,山陽網干,,,自動取得不可
山陽電車,山陽須磨,須磨浦公園,,,自動取得不可
山陽電車,山陽須磨,山陽塩屋,,,自動取得不可
山陽電車,山陽須磨,滝の茶屋,,,自動取得不可
山陽電車,山陽須磨,東垂水,,,自動取得不可
山陽電車,山陽須磨,山陽垂水,,,自動取得不可
山陽電車,山陽須磨,霞ヶ丘,,,自動取得不可
山陽電車,山陽須磨,舞子公園,,,自動取得不可
山陽電車,山陽須磨,西舞子,,,自動取得不可
山陽電車,山陽須磨,大蔵谷,,,自動取得不可
山陽電車,山陽須磨,人丸前,,,自動取得不可
山陽電車,山陽須磨,山陽明石,,,自動取得不可
山陽電車,山陽須磨,西新町,,,自動取得不可
山陽電車,山陽須磨,林崎松江海岸,,,自動取得不可
山陽電車,山陽須磨,藤江,,,自動取得不可
山陽電車,山陽須磨,中八木,,,自動取得不可
山陽電車,山陽須磨,江井ヶ島,,,自動取得不可
山陽電車,山陽須磨,西江井ヶ島,,,自動取得不可
山陽電車,山陽須磨,山陽魚住,,,自動取得不可
山陽電車,山陽須磨,東二見,,,自動取得不可
山陽電車,山陽須磨,西二見,,,自動取得不可
山陽電車,山陽須磨,播磨町,,,自動取得不可
山陽電車,山陽須磨,別府,,,自動取得不可
山陽電車,山陽須磨,浜の宮,,,自動取得不可
山陽電車,山陽須磨,尾上の松,,,自動取得不可
山陽電車,山陽須磨,高砂,,,自動取得不可
山陽電車,山陽須磨,荒井,,,自動取得不可
山陽電車,山陽須磨,伊保,,,自動取得不可
山陽電車,山陽須磨,山陽曽根,,,自動取得不可
山陽電車,山陽須磨,大塩,,,自動取得不可
山陽電車,山陽須磨,的形,,,自動取得不可
山陽電車,山陽須磨,八家,,,自動取得不可
山陽電車,山陽須磨,白浜の宮,,,自動取得不可
山陽電車,山陽須磨,妻鹿,,,自動取得不可
山陽電車,山陽須磨,飾磨,,,自動取得不可
山陽電車,山陽須磨,亀山,,,自動取得不可
山陽電車,山陽須磨,手柄,,,自動取得不可
山陽電車,山陽須磨,山陽姫路,,,自動取得不可
山陽電車,山陽須磨,西飾磨,,,自動取得不可
山陽電車,山陽須磨,夢前川,,,自動取得不可
山陽電車,山陽須磨,広畑,,,自動取得不可
山陽電車,山陽須磨,山陽天満,,,自動取得不可
山陽電車,山陽須磨,平松,,,自動取得不可
山陽電車,山陽須磨,山陽網干,,,自動取得不可
山陽電車,須磨浦公園,山陽塩屋,,,自動取得不可
山陽電車,須磨浦公園,滝の茶屋,,,自動取得不可
山陽電車,須磨浦公園,東垂水,,,自動取得不可
山陽電車,須磨浦公園,山陽垂水,,,自動取得不可
山陽電車,須磨浦公園,霞ヶ丘,,,自動取得不可
山陽電車,須磨浦公園,舞子公園,,,自動取得不可
山陽電車,須磨浦公園,西舞子,,,自動取得不可
山陽電車,須磨浦公園,大蔵谷,,,自動取得不可
山陽電車,須磨浦公園,人丸前,,,自動取得不可
山陽電車,須磨浦公園,山陽明石,,,自動取得不可
山陽電車,須磨浦公園,西新町,,,自動取得不可
山陽電車,須磨浦公園,林崎松江海岸,,,自動取得不可
山陽電車,須磨浦公園,藤江,,,自動取得不可
山陽電車,須磨浦公園,中八木,,,自動取得不可
山陽電車,須磨浦公園,江井ヶ島,,,自動取得不可
山陽電車,須磨浦公園,西江井ヶ島,,,自動取得不可
山陽電車,須磨浦公園,山陽魚住,,,自動取得不可
山陽電車,須磨浦公園,東二見,,,自動取得不可
山陽電車,須磨浦公園,西二見,,,自動取得不可
山陽電車,須磨浦公園,播磨町,,,自動取得不可
山陽電車,須磨浦公園,別府,,,自動取得不可
山陽電車,須磨浦公園,浜の宮,,,自動取得不可
山陽電車,須磨浦公園,尾上の松,,,自動取得不可
山陽電車,須磨浦公園,高砂,,,自動取得不可
山陽電車,須磨浦公園,荒井,,,自動取得不可
山陽電車,須磨浦公園,伊保,,,自動取得不可
山陽電車,須磨浦公園,山陽曽根,,,自動取得不可
山陽電車,須磨浦公園,大塩,,,自動取得不可
山陽電車,須磨浦公園,的形,,,自動取得不可
山陽電車,須磨浦公園,八家,,,自動取得不可
山陽電車,須磨浦公園,白浜の宮,,,自動取得不可
山陽電車,須磨浦公園,妻鹿,,,自動取得不可
山陽電車,須磨浦公園,飾磨,,,自動取得不可
山陽電車,須磨浦公園,亀山,,,自動取得不可
山陽電車,須磨浦公園,手柄,,,自動取得不可
山陽電車,須磨浦公園,山陽姫路,,,自動取得不可
山陽電車,須磨浦公園,西飾磨,,,自動取得不可
山陽電車,須磨浦公園,夢前川,,,自動取得不可
山陽電車,須磨浦公園,広畑,,,自動取得不可
山陽電車,須磨浦公園,山陽天満,,,自動取得不可
山陽電車,須磨浦公園,平松,,,自動取得不可
山陽電車,須磨浦公園,山陽網干,,,自動取得不可
山陽電車,山陽塩屋,滝の茶屋,,,自動取得不可
山陽電車,山陽塩屋,東垂水,,,自動取得不可
山陽電車,山陽塩屋,山陽垂水,,,自動取得不可
山陽電車,山陽塩屋,霞ヶ丘,,,自動取得不可
山陽電車,山陽塩屋,舞子公園,,,自動取得不可
山陽電車,山陽塩屋,西舞子,,,自動取得不可
山陽電車,山陽塩屋,大蔵谷,,,自動取得不可
山陽電車,山陽塩屋,人丸前,,,自動取得不可
山陽電車,山陽塩屋,山陽明石,,,自動取得不可
山陽電車,山陽塩屋,西新町,,,自動取得不可
山陽電車,山陽塩屋,林崎松江海岸,,,自動取得不可
山陽電車,山陽塩屋,藤江,,,自動取得不可
山陽電車,山陽塩屋,中八木,,,自動取得不可
山陽電車,山陽塩屋,江井ヶ島,,,自動取得不可
山陽電車,山陽塩屋,西江井ヶ島,,,自動取得不可
山陽電車,山陽塩屋,山陽魚住,,,自動取得不可
山陽電車,山陽塩屋,東二見,,,自動取得不可
山陽電車,山陽塩屋,西二見,,,自動取得不可
山陽電車,山陽塩屋,播磨町,,,自動取得不可
山陽電車,山陽塩屋,別府,,,自動取得不可
山陽電車,山陽塩屋,浜の宮,,,自動取得不可
山陽電車,山陽塩屋,尾上の松,,,自動取得不可
山陽電車,山陽塩屋,高砂,,,自動取得不可
山陽電車,山陽塩屋,荒井,,,自動取得不可
山陽電車,山陽塩屋,伊保,,,自動取得不可
山陽電車,山陽塩屋,山陽曽根,,,自動取得不可
山陽電車,山陽塩屋,大塩,,,自動取得不可
山陽電車,山陽塩屋,的形,,,自動取得不可
山陽電車,山陽塩屋,八家,,,自動取得不可
山陽電車,山陽塩屋,白浜の宮,,,自動取得不可
山陽電車,山陽塩屋,妻鹿,,,自動取得不可
山陽電車,山陽塩屋,飾磨,,,自動取得不可
山陽電車,山陽塩屋,亀山,,,自動取得不可
山陽電車,山陽塩屋,手柄,,,自動取得不可
山陽電車,山陽塩屋,山陽姫路,,,自動取得不可
山陽電車,山陽塩屋,西飾磨,,,自動取得不可
山陽電車,山陽塩屋,夢前川,,,自動取得不可
山陽電車,山陽塩屋,広畑,,,自動取得不可
山陽電車,山陽塩屋,山陽天満,,,自動取得不可
山陽電車,山陽塩屋,平松,,,自動取得不可
山陽電車,山陽塩屋,山陽網干,,,自動取得不可
山陽電車,滝の茶屋,東垂水,,,自動取得不可
山陽電車,滝の茶屋,山陽垂水,,,自動取得不可
山陽電車,滝の茶屋,霞ヶ丘,,,自動取得不可
山陽電車,滝の茶屋,舞子公園,,,自動取得不可
山陽電車,滝の茶屋,西舞子,,,自動取得不可
山陽電車,滝の茶屋,大蔵谷,,,自動取得不可
山陽電車,滝の茶屋,人丸前,,,自動取得不可
山陽電車,滝の茶屋,山陽明石,,,自動取得不可
山陽電車,滝の茶屋,西新町,,,自動取得不可
山陽電車,滝の茶屋,林崎松江海岸,,,自動取得不可
山陽電車,滝の茶屋,藤江,,,自動取得不可
山陽電車,滝の茶屋,中八木,,,自動取得不可
山陽電車,滝の茶屋,江井ヶ島,,,自動取得不可
山陽電車,滝の茶屋,西江井ヶ島,,,自動取得不可
山陽電車,滝の茶屋,山陽魚住,,,自動取得不可
山陽電車,滝の茶屋,東二見,,,自動取得不可
山陽電車,滝の茶屋,西二見,,,自動取得不可
山陽電車,滝の茶屋,播磨町,,,自動取得不可
山陽電車,滝の茶屋,別府,,,自動取得不可
山陽電車,滝の茶屋,浜の宮,,,自動取得不可
山陽電車,滝の茶屋,尾上の松,,,自動取得不可
山陽電車,滝の茶屋,高砂,,,自動取得不可
山陽電車,滝の茶屋,荒井,,,自動取得不可
山陽電車,滝の茶屋,伊保,,,自動取得不可
山陽電車,滝の茶屋,山陽曽根,,,自動取得不可
山陽電車,滝の茶屋,大塩,,,自動取得不可
山陽電車,滝の茶屋,的形,,,自動取得不可
山陽電車,滝の茶屋,八家,,,自動取得不可
山陽電車,滝の茶屋,白浜の宮,,,自動取得不可
山陽電車,滝の茶屋,妻鹿,,,自動取得不可
山陽電車,滝の茶屋,飾磨,,,自動取得不可
山陽電車,滝の茶屋,亀山,,,自動取得不可
山陽電車,滝の茶屋,手柄,,,自動取得不可
山陽電車,滝の茶屋,山陽姫路,,,自動取得不可
山陽電車,滝の茶屋,西飾磨,,,自動取得不可
山陽電車,滝の茶屋,夢前川,,,自動取得不可
山陽電車,滝の茶屋,広畑,,,自動取得不可
山陽電車,滝の茶屋,山陽天満,,,自動取得不可
山陽電車,滝の茶屋,平松,,,自動取得不可
山陽電車,滝の茶屋,山陽網干,,,自動取得不可
山陽電車,東垂水,山陽垂水,,,自動取得不可
山陽電車,東垂水,霞ヶ丘,,,自動取得不可
山陽電車,東垂水,舞子公園,,,自動取得不可
山陽電車,東垂水,西舞子,,,自動取得不可
山陽電車,東垂水,大蔵谷,,,自動取得不可
山陽電車,東垂水,人丸前,,,自動取得不可
山陽電車,東垂水,山陽明石,,,自動取得不可
山陽電車,東垂水,西新町,,,自動取得不可
山陽電車,東垂水,林崎松江海岸,,,自動取得不可
山陽電車,東垂水,藤江,,,自動取得不可
山陽電車,東垂水,中八木,,,自動取得不可
山陽電車,東垂水,江井ヶ島,,,自動取得不可
山陽電車,東垂水,西江井ヶ島,,,自動取得不可
山陽電車,東垂水,山陽魚住,,,自動取得不可
山陽電車,東垂水,東二見,,,自動取得不可
山陽電車,東垂水,西二見,,,自動取得不可
山陽電車,東垂水,播磨町,,,自動取得不可
山陽電車,東垂水,別府,,,自動取得不可
山陽電車,東垂水,浜の宮,,,自動取得不可
山陽電車,東垂水,尾上の松,,,自動取得不可
山陽電車,東垂水,高砂,,,自動取得不可
山陽電車,東垂水,荒井,,,自動取得不可
山陽電車,東垂水,伊保,,,自動取得不可
山陽電車,東垂水,山陽曽根,,,自動取得不可
山陽電車,東垂水,大塩,,,自動取得不可
山陽電車,東垂水,的形,,,自動取得不可
山陽電車,東垂水,八家,,,自動取得不可
山陽電車,東垂水,白浜の宮,,,自動取得不可
山陽電車,東垂水,妻鹿,,,自動取得不可
山陽電車,東垂水,飾磨,,,自動取得不可
山陽電車,東垂水,亀山,,,自動取得不可
山陽電車,東垂水,手柄,,,自動取得不可
山陽電車,東垂水,山陽姫路,,,自動取得不可
山陽電車,東垂水,西飾磨,,,自動取得不可
山陽電車,東垂水,夢前川,,,自動取得不可
山陽電車,東垂水,広畑,,,自動取得不可
山陽電車,東垂水,山陽天満,,,自動取得不可
山陽電車,東垂水,平松,,,自動取得不可
山陽電車,東垂水,山陽網干,,,自動取得不可
山陽電車,山陽垂水,霞ヶ丘,,,自動取得不可
山陽電車,山陽垂水,舞子公園,,,自動取得不可
山陽電車,山陽垂水,西舞子,,,自動取得不可
山陽電車,山陽垂水,大蔵谷,,,自動取得不可
山陽電車,山陽垂水,人丸前,,,自動取得不可
山陽電車,山陽垂水,西新町,,,自動取得不可
山陽電車,山陽垂水,林崎松江海岸,,,自動取得不可
山陽電車,山陽垂水,藤江,,,自動取得不可
山陽電車,山陽垂水,中八木,,,自動取得不可
山陽電車,山陽垂水,江井ヶ島,,,自動取得不可
山陽電車,山陽垂水,西江井ヶ島,,,自動取得不可
山陽電車,山陽垂水,山陽魚住,,,自動取得不可
山陽電車,山陽垂水,東二見,,,自動取得不可
山陽電車,山陽垂水,西二見,,,自動取得不可
山陽電車,山陽垂水,播磨町,,,自動取得不可
山陽電車,山陽垂水,別府,,,自動取得不可
山陽電車,山陽垂水,浜の宮,,,自動取得不可
山陽電車,山陽垂水,尾上の松,,,自動取得不可
山陽電車,山陽垂水,高砂,,,自動取得不可
山陽電車,山陽垂水,荒井,,,自動取得不可
山陽電車,山陽垂水,伊保,,,自動取得不可
山陽電車,山陽垂水,山陽曽根,,,自動取得不可
山陽電車,山陽垂水,大塩,,,自動取得不可
山陽電車,山陽垂水,的形,,,自動取得不可
山陽電車,山陽垂水,八家,,,自動取得不可
山陽電車,山陽垂水,白浜の宮,,,自動取得不可
山陽電車,山陽垂水,妻鹿,,,自動取得不可
山陽電車,山陽垂水,飾磨,,,自動取得不可
山陽電車,山陽垂水,亀山,,,自動取得不可
山陽電車,山陽垂水,手柄,,,自動取得不可
山陽電車,山陽垂水,山陽姫路,,,自動取得不可
山陽電車,山陽垂水,西飾磨,,,自動取得不可
山陽電車,山陽垂水,夢前川,,,自動取得不可
山陽電車,山陽垂水,広畑,,,自動取得不可
山陽電車,山陽垂水,山陽天満,,,自動取得不可
山陽電車,山陽垂水,平松,,,自動取得不可
山陽電車,山陽垂水,山陽網干,,,自動取得不可
山陽電車,霞ヶ丘,舞子公園,,,自動取得不可
山陽電車,霞ヶ丘,西舞子,,,自動取得不可
山陽電車,霞ヶ丘,大蔵谷,,,自動取得不可
山陽電車,霞ヶ丘,人丸前,,,自動取得不可
山陽電車,霞ヶ丘,山陽明石,,,自動取得不可
山陽電車,霞ヶ丘,西新町,,,自動取得不可
山陽電車,霞ヶ丘,林崎松江海岸,,,自動取得不可
山陽電車,霞ヶ丘,藤江,,,自動取得不可
山陽電車,霞ヶ丘,中八木,,,自動取得不可
山陽電車,霞ヶ丘,江井ヶ島,,,自動取得不可
山陽電車,霞ヶ丘,西江井ヶ島,,,自動取得不可
山陽電車,霞ヶ丘,山陽魚住,,,自動取得不可
山陽電車,霞ヶ丘,東二見,,,自動取得不可
山陽電車,霞ヶ丘,西二見,,,自動取得不可
山陽電車,霞ヶ丘,播磨町,,,自動取得不可
山陽電車,霞ヶ丘,別府,,,自動取得不可
山陽電車,霞ヶ丘,浜の宮,,,自動取得不可
山陽電車,霞ヶ丘,尾上の松,,,自動取得不可
山陽電車,霞ヶ丘,高砂,,,自動取得不可
山陽電車,霞ヶ丘,荒井,,,自動取得不可
山陽電車,霞ヶ丘,伊保,,,自動取得不可
山陽電車,霞ヶ丘,山陽曽根,,,自動取得不可
山陽電車,霞ヶ丘,大塩,,,自動取得不可
山陽電車,霞ヶ丘,的形,,,自動取得不可
山陽電車,霞ヶ丘,八家,,,自動取得不可
山陽電車,霞ヶ丘,白浜の宮,,,自動取得不可
山陽電車,霞ヶ丘,妻鹿,,,自動取得不可
山陽電車,霞ヶ丘,飾磨,,,自動取得不可
山陽電車,霞ヶ丘,亀山,,,自動取得不可
山陽電車,霞ヶ丘,手柄,,,自動取得不可
山陽電車,霞ヶ丘,山陽姫路,,,自動取得不可
山陽電車,霞ヶ丘,西飾磨,,,自動取得不可
山陽電車,霞ヶ丘,夢前川,,,自動取得不可
山陽電車,霞ヶ丘,広畑,,,自動取得不可
山陽電車,霞ヶ丘,山陽天満,,,自動取得不可
山陽電車,霞ヶ丘,平松,,,自動取得不可
山陽電車,霞ヶ丘,山陽網干,,,自動取得不可
山陽電車,舞子公園,西舞子,,,自動取得不可
山陽電車,舞子公園,大蔵谷,,,自動取得不可
山陽電車,舞子公園,人丸前,,,自動取得不可
山陽電車,舞子公園,山陽明石,,,自動取得不可
山陽電車,舞子公園,西新町,,,自動取得不可
山陽電車,舞子公園,林崎松江海岸,,,自動取得不可
山陽電車,舞子公園,藤江,,,自動取得不可
山陽電車,舞子公園,中八木,,,自動取得不可
山陽電車,舞子公園,江井ヶ島,,,自動取得不可
山陽電車,舞子公園,西江井ヶ島,,,自動取得不可
山陽電車,舞子公園,山陽魚住,,,自動取得不可
山陽電車,舞子公園,東二見,,,自動取得不可
山陽電車,舞子公園,西二見,,,自動取得不可
山陽電車,舞子公園,播磨町,,,自動取得不可
山陽電車,舞子公園,別府,,,自動取得不可
山陽電車,舞子公園,浜の宮,,,自動取得不可
山陽電車,舞子公園,尾上の松,,,自動取得不可
山陽電車,舞子公園,高砂,,,自動取得不可
山陽電車,舞子公園,荒井,,,自動取得不可
山陽電車,舞子公園,伊保,,,自動取得不可
山陽電車,舞子公園,山陽曽根,,,自動取得不可
山陽電車,舞子公園,大塩,,,自動取得不可
山陽電車,舞子公園,的形,,,自動取得不可
山陽電車,舞子公園,八家,,,自動取得不可
山陽電車,舞子公園,白浜の宮,,,自動取得不可
山陽電車,舞子公園,妻鹿,,,自動取得不可
山陽電車,舞子公園,飾磨,,,自動取得不可
山陽電車,舞子公園,亀山,,,自動取得不可
山陽電車,舞子公園,手柄,,,自動取得不可
山陽電車,舞子公園,山陽姫路,,,自動取得不可
山陽電車,舞子公園,西飾磨,,,自動取得不可
山陽電車,舞子公園,夢前川,,,自動取得不可
山陽電車,舞子公園,広畑,,,自動取得不可
山陽電車,舞子公園,山陽天満,,,自動取得不可
山陽電車,舞子公園,平松,,,自動取得不可
山陽電車,舞子公園,山陽網干,,,自動取得不可
山陽電車,西舞子,大蔵谷,,,自動取得不可
山陽電車,西舞子,人丸前,,,自動取得不可
山陽電車,西舞子,山陽明石,,,自動取得不可
山陽電車,西舞子,西新町,,,自動取得不可
山陽電車,西舞子,林崎松江海岸,,,自動取得不可
山陽電車,西舞子,藤江,,,自動取得不可
山陽電車,西舞子,中八木,,,自動取得不可
山陽電車,西舞子,江井ヶ島,,,自動取得不可
山陽電車,西舞子,西江井ヶ島,,,自動取得不可
山陽電車,西舞子,山陽魚住,,,自動取得不可
山陽電車,西舞子,東二見,,,自動取得不可
山陽電車,西舞子,西二見,,,自動取得不可
山陽電車,西舞子,播磨町,,,自動取得不可
山陽電車,西舞子,別府,,,自動取得不可
山陽電車,西舞子,浜の宮,,,自動取得不可
山陽電車,西舞子,尾上の松,,,自動取得不可
山陽電車,西舞子,高砂,,,自動取得不可
山陽電車,西舞子,荒井,,,自動取得不可
山陽電車,西舞子,伊保,,,自動取得不可
山陽電車,西舞子,山陽曽根,,,自動取得不可
山陽電車,西舞子,大塩,,,自動取得不可
山陽電車,西舞子,的形,,,自動取得不可
山陽電車,西舞子,八家,,,自動取得不可
山陽電車,西舞子,白浜の宮,,,自動取得不可
山陽電車,西舞子,妻鹿,,,自動取得不可
山陽電車,西舞子,飾磨,,,自動取得不可
山陽電車,西舞子,亀山,,,自動取得不可
山陽電車,西舞子,手柄,,,自動取得不可
山陽電車,西舞子,山陽姫路,,,自動取得不可
山陽電車,西舞子,西飾磨,,,自動取得不可
山陽電車,西舞子,夢前川,,,自動取得不可
山陽電車,西舞子,広畑,,,自動取得不可
山陽電車,西舞子,山陽天満,,,自動取得不可
山陽電車,西舞子,平松,,,自動取得不可
山陽電車,西舞子,山陽網干,,,自動取得不可
山陽電車,大蔵谷,人丸前,,,自動取得不可
山陽電車,大蔵谷,山陽明石,,,自動取得不可
山陽電車,大蔵谷,西新町,,,自動取得不可
山陽電車,大蔵谷,林崎松江海岸,,,自動取得不可
山陽電車,大蔵谷,藤江,,,自動取得不可
山陽電車,大蔵谷,中八木,,,自動取得不可
山陽電車,大蔵谷,江井ヶ島,,,自動取得不可
山陽電車,大蔵谷,西江井ヶ島,,,自動取得不可
山陽電車,大蔵谷,山陽魚住,,,自動取得不可
山陽電車,大蔵谷,東二見,,,自動取得不可
山陽電車,大蔵谷,西二見,,,自動取得不可
山陽電車,大蔵谷,播磨町,,,自動取得不可
山陽電車,大蔵谷,別府,,,自動取得不可
山陽電車,大蔵谷,浜の宮,,,自動取得不可
山陽電車,大蔵谷,尾上の松,,,自動取得不可
山陽電車,大蔵谷,高砂,,,自動取得不可
山陽電車,大蔵谷,荒井,,,自動取得不可
山陽電車,大蔵谷,伊保,,,自動取得不可
山陽電車,大蔵谷,山陽曽根,,,自動取得不可
山陽電車,大蔵谷,大塩,,,自動取得不可
山陽電車,大蔵谷,的形,,,自動取得不可
山陽電車,大蔵谷,八家,,,自動取得不可
山陽電車,大蔵谷,白浜の宮,,,自動取得不可
山陽電車,大蔵谷,妻鹿,,,自動取得不可
山陽電車,大蔵谷,飾磨,,,自動取得不可
山陽電車,大蔵谷,亀山,,,自動取得不可
山陽電車,大蔵谷,手柄,,,自動取得不可
山陽電車,大蔵谷,山陽姫路,,,自動取得不可
山陽電車,大蔵谷,西飾磨,,,自動取得不可
山陽電車,大蔵谷,夢前川,,,自動取得不可
山陽電車,大蔵谷,広畑,,,自動取得不可
山陽電車,大蔵谷,山陽天満,,,自動取得不可
山陽電車,大蔵谷,平松,,,自動取得不可
山陽電車,大蔵谷,山陽網干,,,自動取得不可
山陽電車,人丸前,山陽明石,,,自動取得不可
山陽電車,人丸前,西新町,,,自動取得不可
山陽電車,人丸前,林崎松江海岸,,,自動取得不可
山陽電車,人丸前,藤江,,,自動取得不可
山陽電車,人丸前,中八木,,,自動取得不可
山陽電車,人丸前,江井ヶ島,,,自動取得不可
山陽電車,人丸前,西江井ヶ島,,,自動取得不可
山陽電車,人丸前,山陽魚住,,,自動取得不可
山陽電車,人丸前,東二見,,,自動取得不可
山陽電車,人丸前,西二見,,,自動取得不可
山陽電車,人丸前,播磨町,,,自動取得不可
山陽電車,人丸前,別府,,,自動取得不可
山陽電車,人丸前,浜の宮,,,自動取得不可
山陽電車,人丸前,尾上の松,,,自動取得不可
山陽電車,人丸前,高砂,,,自動取得不可
山陽電車,人丸前,荒井,,,自動取得不可
山陽電車,人丸前,伊保,,,自動取得不可
山陽電車,人丸前,山陽曽根,,,自動取得不可
山陽電車,人丸前,大塩,,,自動取得不可
山陽電車,人丸前,的形,,,自動取得不可
山陽電車,人丸前,八家,,,自動取得不可
山陽電車,人丸前,白浜の宮,,,自動取得不可
山陽電車,人丸前,妻鹿,,,自動取得不可
山陽電車,人丸前,飾磨,,,自動取得不可
山陽電車,人丸前,亀山,,,自動取得不可
山陽電車,人丸前,手柄,,,自動取得不可
山陽電車,人丸前,山陽姫路,,,自動取得不可
山陽電車,人丸前,西飾磨,,,自動取得不可
山陽電車,人丸前,夢前川,,,自動取得不可
山陽電車,人丸前,広畑,,,自動取得不可
山陽電車,人丸前,山陽天満,,,自動取得不可
山陽電車,人丸前,平松,,,自動取得不可
山陽電車,人丸前,山陽網干,,,自動取得不可
山陽電車,山陽明石,西新町,,,自動取得不可
山陽電車,山陽明石,林崎松江海岸,,,自動取得不可
山陽電車,山陽明石,藤江,,,自動取得不可
山陽電車,山陽明石,中八木,,,自動取得不可
山陽電車,山陽明石,江井ヶ島,,,自動取得不可
山陽電車,山陽明石,西江井ヶ島,,,自動取得不可
山陽電車,山陽明石,山陽魚住,,,自動取得不可
山陽電車,山陽明石,東二見,,,自動取得不可
山陽電車,山陽明石,西二見,,,自動取得不可
山陽電車,山陽明石,播磨町,,,自動取得不可
山陽電車,山陽明石,別府,,,自動取得不可
山陽電車,山陽明石,浜の宮,,,自動取得不可
山陽電車,山陽明石,尾上の松,,,自動取得不可
山陽電車,山陽明石,高砂,,,自動取得不可
山陽電車,山陽明石,荒井,,,自動取得不可
山陽電車,山陽明石,伊保,,,自動取得不可
山陽電車,山陽明石,山陽曽根,,,自動取得不可
山陽電車,山陽明石,大塩,,,自動取得不可
山陽電車,山陽明石,的形,,,自動取得不可
山陽電車,山陽明石,八家,,,自動取得不可
山陽電車,山陽明石,白浜の宮,,,自動取得不可
山陽電車,山陽明石,妻鹿,,,自動取得不可
山陽電車,山陽明石,飾磨,,,自動取得不可
山陽電車,山陽明石,亀山,,,自動取得不可
山陽電車,山陽明石,手柄,,,自動取得不可
山陽電車,山陽明石,西飾磨,,,自動取得不可
山陽電車,山陽明石,夢前川,,,自動取得不可
山陽電車,山陽明石,広畑,,,自動取得不可
山陽電車,山陽明石,山陽天満,,,自動取得不可
山陽電車,山陽明石,平松,,,自動取得不可
山陽電車,山陽明石,山陽網干,,,自動取得不可
山陽電車,西新町,林崎松江海岸,,,自動取得不可
山陽電車,西新町,藤江,,,自動取得不可
山陽電車,西新町,中八木,,,自動取得不可
山陽電車,西新町,江井ヶ島,,,自動取得不可
山陽電車,西新町,西江井ヶ島,,,自動取得不可
山陽電車,西新町,山陽魚住,,,自動取得不可
山陽電車,西新町,東二見,,,自動取得不可
山陽電車,西新町,西二見,,,自動取得不可
山陽電車,西新町,播磨町,,,自動取得不可
山陽電車,西新町,別府,,,自動取得不可
山陽電車,西新町,浜の宮,,,自動取得不可
山陽電車,西新町,尾上の松,,,自動取得不可
山陽電車,西新町,高砂,,,自動取得不可
山陽電車,西新町,荒井,,,自動取得不可
山陽電車,西新町,伊保,,,自動取得不可
山陽電車,西新町,山陽曽根,,,自動取得不可
山陽電車,西新町,大塩,,,自動取得不可
山陽電車,西新町,的形,,,自動取得不可
山陽電車,西新町,八家,,,自動取得不可
山陽電車,西新町,白浜の宮,,,自動取得不可
山陽電車,西新町,妻鹿,,,自動取得不可
山陽電車,西新町,飾磨,,,自動取得不可
山陽電車,西新町,亀山,,,自動取得不可
山陽電車,西新町,手柄,,,自動取得不可
山陽電車,西新町,山陽姫路,,,自動取得不可
山陽電車,西新町,西飾磨,,,自動取得不可
山陽電車,西新町,夢前川,,,自動取得不可
山陽電車,西新町,広畑,,,自動取得不可
山陽電車,西新町,山陽天満,,,自動取得不可
山陽電車,西新町,平松,,,自動取得不可
山陽電車,西新町,山陽網干,,,自動取得不可
山陽電車,林崎松江海岸,藤江,,,自動取得不可
山陽電車,林崎松江海岸,中八木,,,自動取得不可
山陽電車,林崎松江海岸,江井ヶ島,,,自動取得不可
山陽電車,林崎松江海岸,西江井ヶ島,,,自動取得不可
山陽電車,林崎松江海岸,山陽魚住,,,自動取得不可
山陽電車,林崎松江海岸,東二見,,,自動取得不可
山陽電車,林崎松江海岸,西二見,,,自動取得不可
山陽電車,林崎松江海岸,播磨町,,,自動取得不可
山陽電車,林崎松江海岸,別府,,,自動取得不可
山陽電車,林崎松江海岸,浜の宮,,,自動取得不可
山陽電車,林崎松江海岸,尾上の松,,,自動取得不可
山陽電車,林崎松江海岸,高砂,,,自動取得不可
山陽電車,林崎松江海岸,荒井,,,自動取得不可
山陽電車,林崎松江海岸,伊保,,,自動取得不可
山陽電車,林崎松江海岸,山陽曽根,,,自動取得不可
山陽電車,林崎松江海岸,大塩,,,自動取得不可
山陽電車,林崎松江海岸,的形,,,自動取得不可
山陽電車,林崎松江海岸,八家,,,自動取得不可
山陽電車,林崎松江海岸,白浜の宮,,,自動取得不可
山陽電車,林崎松江海岸,妻鹿,,,自動取得不可
山陽電車,林崎松江海岸,飾磨,,,自動取得不可
山陽電車,林崎松江海岸,亀山,,,自動取得不可
山陽電車,林崎松江海岸,手柄,,,自動取得不可
山陽電車,林崎松江海岸,山陽姫路,,,自動取得不可
山陽電車,林崎松江海岸,西飾磨,,,自動取得不可
山陽電車,林崎松江海岸,夢前川,,,自動取得不可
山陽電車,林崎松江海岸,広畑,,,自動取得不可
山陽電車,林崎松江海岸,山陽天満,,,自動取得不可
山陽電車,林崎松江海岸,平松,,,自動取得不可
山陽電車,林崎松江海岸,山陽網干,,,自動取得不可
山陽電車,藤江,中八木,,,自動取得不可
山陽電車,藤江,江井ヶ島,,,自動取得不可
山陽電車,藤江,西江井ヶ島,,,自動取得不可
山陽電車,藤江,山陽魚住,,,自動取得不可
山陽電車,藤江,東二見,,,自動取得不可
山陽電車,藤江,西二見,,,自動取得不可
山陽電車,藤江,播磨町,,,自動取得不可
山陽電車,藤江,別府,,,自動取得不可
山陽電車,藤江,浜の宮,,,自動取得不可
山陽電車,藤江,尾上の松,,,自動取得不可
山陽電車,藤江,高砂,,,自動取得不可
山陽電車,藤江,荒井,,,自動取得不可
山陽電車,藤江,伊保,,,自動取得不可
山陽電車,藤江,山陽曽根,,,自動取得不可
山陽電車,藤江,大塩,,,自動取得不可
山陽電車,藤江,的形,,,自動取得不可
山陽電車,藤江,八家,,,自動取得不可
山陽電車,藤江,白浜の宮,,,自動取得不可
山陽電車,藤江,妻鹿,,,自動取得不可
山陽電車,藤江,飾磨,,,自動取得不可
山陽電車,藤江,亀山,,,自動取得不可
山陽電車,藤江,手柄,,,自動取得不可
山陽電車,藤江,山陽姫路,,,自動取得不可
山陽電車,藤江,西飾磨,,,自動取得不可
山陽電車,藤江,夢前川,,,自動取得不可
山陽電車,藤江,広畑,,,自動取得不可
山陽電車,藤江,山陽天満,,,自動取得不可
山陽電車,藤江,平松,,,自動取得不可
山陽電車,藤江,山陽網干,,,自動取得不可
山陽電車,中八木,江井ヶ島,,,自動取得不可
山陽電車,中八木,西江井ヶ島,,,自動取得不可
山陽電車,中八木,山陽魚住,,,自動取得不可
山陽電車,中八木,東二見,,,自動取得不可
山陽電車,中八木,西二見,,,自動取得不可
山陽電車,中八木,播磨町,,,自動取得不可
山陽電車,中八木,別府,,,自動取得不可
山陽電車,中八木,浜の宮,,,自動取得不可
山陽電車,中八木,尾上の松,,,自動取得不可
山陽電車,中八木,高砂,,,自動取得不可
山陽電車,中八木,荒井,,,自動取得不可
山陽電車,中八木,伊保,,,自動取得不可
山陽電車,中八木,山陽曽根,,,自動取得不可
山陽電車,中八木,大塩,,,自動取得不可
山陽電車,中八木,的形,,,自動取得不可
山陽電車,中八木,八家,,,自動取得不可
山陽電車,中八木,白浜の宮,,,自動取得不可
山陽電車,中八木,妻鹿,,,自動取得不可
山陽電車,中八木,飾磨,,,自動取得不可
山陽電車,中八木,亀山,,,自動取得不可
山陽電車,中八木,手柄,,,自動取得不可
山陽電車,中八木,山陽姫路,,,自動取得不可
山陽電車,中八木,西飾磨,,,自動取得不可
山陽電車,中八木,夢前川,,,自動取得不可
山陽電車,中八木,広畑,,,自動取得不可
山陽電車,中八木,山陽天満,,,自動取得不可
山陽電車,中八木,平松,,,自動取得不可
山陽電車,中八木,山陽網干,,,自動取得不可
山陽電車,江井ヶ島,西江井ヶ島,,,自動取得不可
山陽電車,江井ヶ島,山陽魚住,,,自動取得不可
山陽電車,江井ヶ島,東二見,,,自動取得不可
山陽電車,江井ヶ島,西二見,,,自動取得不可
山陽電車,江井ヶ島,播磨町,,,自動取得不可
山陽電車,江井ヶ島,別府,,,自動取得不可
山陽電車,江井ヶ島,浜の宮,,,自動取得不可
山陽電車,江井ヶ島,尾上の松,,,自動取得不可
山陽電車,江井ヶ島,高砂,,,自動取得不可
山陽電車,江井ヶ島,荒井,,,自動取得不可
山陽電車,江井ヶ島,伊保,,,自動取得不可
山陽電車,江井ヶ島,山陽曽根,,,自動取得不可
山陽電車,江井ヶ島,大塩,,,自動取得不可
山陽電車,江井ヶ島,的形,,,自動取得不可
山陽電車,江井ヶ島,八家,,,自動取得不可
山陽電車,江井ヶ島,白浜の宮,,,自動取得不可
山陽電車,江井ヶ島,妻鹿,,,自動取得不可
山陽電車,江井ヶ島,飾磨,,,自動取得不可
山陽電車,江井ヶ島,亀山,,,自動取得不可
山陽電車,江井ヶ島,手柄,,,自動取得不可
山陽電車,江井ヶ島,山陽姫路,,,自動取得不可
山陽電車,江井ヶ島,西飾磨,,,自動取得不可
山陽電車,江井ヶ島,夢前川,,,自動取得不可
山陽電車,江井ヶ島,広畑,,,自動取得不可
山陽電車,江井ヶ島,山陽天満,,,自動取得不可
山陽電車,江井ヶ島,平松,,,自動取得不可
山陽電車,江井ヶ島,山陽網干,,,自動取得不可
山陽電車,西江井ヶ島,山陽魚住,,,自動取得不可
山陽電車,西江井ヶ島,東二見,,,自動取得不可
山陽電車,西江井ヶ島,西二見,,,自動取得不可
山陽電車,西江井ヶ島,播磨町,,,自動取得不可
山陽電車,西江井ヶ島,別府,,,自動取得不可
山陽電車,西江井ヶ島,浜の宮,,,自動取得不可
山陽電車,西江井ヶ島,尾上の松,,,自動取得不可
山陽電車,西江井ヶ島,高砂,,,自動取得不可
山陽電車,西江井ヶ島,荒井,,,自動取得不可
山陽電車,西江井ヶ島,伊保,,,自動取得不可
山陽電車,西江井ヶ島,山陽曽根,,,自動取得不可
山陽電車,西江井ヶ島,大塩,,,自動取得不可
山陽電車,西江井ヶ島,的形,,,自動取得不可
山陽電車,西江井ヶ島,八家,,,自動取得不可
山陽電車,西江井ヶ島,白浜の宮,,,自動取得不可
山陽電車,西江井ヶ島,妻鹿,,,自動取得不可
山陽電車,西江井ヶ島,飾磨,,,自動取得不可
山陽電車,西江井ヶ島,亀山,,,自動取得不可
山陽電車,西江井ヶ島,手柄,,,自動取得不可
山陽電車,西江井ヶ島,山陽姫路,,,自動取得不可
山陽電車,西江井ヶ島,西飾磨,,,自動取得不可
山陽電車,西江井ヶ島,夢前川,,,自動取得不可
山陽電車,西江井ヶ島,広畑,,,自動取得不可
山陽電車,西江井ヶ島,山陽天満,,,自動取得不可
山陽電車,西江井ヶ島,平松,,,自動取得不可
山陽電車,西江井ヶ島,山陽網干,,,自動取得不可
山陽電車,山陽魚住,東二見,,,自動取得不可
山陽電車,山陽魚住,西二見,,,自動取得不可
山陽電車,山陽魚住,播磨町,,,自動取得不可
山陽電車,山陽魚住,別府,,,自動取得不可
山陽電車,山陽魚住,浜の宮,,,自動取得不可
山陽電車,山陽魚住,尾上の松,,,自動取得不可
山陽電車,山陽魚住,高砂,,,自動取得不可
山陽電車,山陽魚住,荒井,,,自動取得不可
山陽電車,山陽魚住,伊保,,,自動取得不可
山陽電車,山陽魚住,山陽曽根,,,自動取得不可
山陽電車,山陽魚住,大塩,,,自動取得不可
山陽電車,山陽魚住,的形,,,自動取得不可
山陽電車,山陽魚住,八家,,,自動取得不可
山陽電車,山陽魚住,白浜の宮,,,自動取得不可
山陽電車,山陽魚住,妻鹿,,,自動取得不可
山陽電車,山陽魚住,飾磨,,,自動取得不可
山陽電車,山陽魚住,亀山,,,自動取得不可
山陽電車,山陽魚住,手柄,,,自動取得不可
山陽電車,山陽魚住,山陽姫路,,,自動取得不可
山陽電車,山陽魚住,西飾磨,,,自動取得不可
山陽電車,山陽魚住,夢前川,,,自動取得不可
山陽電車,山陽魚住,広畑,,,自動取得不可
山陽電車,山陽魚住,山陽天満,,,自動取得不可
山陽電車,山陽魚住,平松,,,自動取得不可
山陽電車,山陽魚住,山陽網干,,,自動取得不可
山陽電車,東二見,西二見,,,自動取得不可
山陽電車,東二見,播磨町,,,自動取得不可
山陽電車,東二見,別府,,,自動取得不可
山陽電車,東二見,浜の宮,,,自動取得不可
山陽電車,東二見,尾上の松,,,自動取得不可
山陽電車,東二見,高砂,,,自動取得不可
山陽電車,東二見,荒井,,,自動取得不可
山陽電車,東二見,伊保,,,自動取得不可
山陽電車,東二見,山陽曽根,,,自動取得不可
山陽電車,東二見,大塩,,,自動取得不可
山陽電車,東二見,的形,,,自動取得不可
山陽電車,東二見,八家,,,自動取得不可
山陽電車,東二見,白浜の宮,,,自動取得不可
山陽電車,東二見,妻鹿,,,自動取得不可
山陽電車,東二見,飾磨,,,自動取得不可
山陽電車,東二見,亀山,,,自動取得不可
山陽電車,東二見,手柄,,,自動取得不可
山陽電車,東二見,山陽姫路,,,自動取得不可
山陽電車,東二見,西飾磨,,,自動取得不可
山陽電車,東二見,夢前川,,,自動取得不可
山陽電車,東二見,広畑,,,自動取得不可
山陽電車,東二見,山陽天満,,,自動取得不可
山陽電車,東二見,平松,,,自動取得不可
山陽電車,東二見,山陽網干,,,自動取得不可
山陽電車,西二見,播磨町,,,自動取得不可
山陽電車,西二見,別府,,,自動取得不可
山陽電車,西二見,浜の宮,,,自動取得不可
山陽電車,西二見,尾上の松,,,自動取得不可
山陽電車,西二見,高砂,,,自動取得不可
山陽電車,西二見,荒井,,,自動取得不可
山陽電車,西二見,伊保,,,自動取得不可
山陽電車,西二見,山陽曽根,,,自動取得不可
山陽電車,西二見,大塩,,,自動取得不可
山陽電車,西二見,的形,,,自動取得不可
山陽電車,西二見,八家,,,自動取得不可
山陽電車,西二見,白浜の宮,,,自動取得不可
山陽電車,西二見,妻鹿,,,自動取得不可
山陽電車,西二見,飾磨,,,自動取得不可
山陽電車,西二見,亀山,,,自動取得不可
山陽電車,西二見,手柄,,,自動取得不可
山陽電車,西二見,山陽姫路,,,自動取得不可
山陽電車,西二見,西飾磨,,,自動取得不可
山陽電車,西二見,夢前川,,,自動取得不可
山陽電車,西二見,広畑,,,自動取得不可
山陽電車,西二見,山陽天満,,,自動取得不可
山陽電車,西二見,平松,,,自動取得不可
山陽電車,西二見,山陽網干,,,自動取得不可
山陽電車,播磨町,別府,,,自動取得不可
山陽電車,播磨町,浜の宮,,,自動取得不可
山陽電車,播磨町,尾上の松,,,自動取得不可
山陽電車,播磨町,高砂,,,自動取得不可
山陽電車,播磨町,荒井,,,自動取得不可
山陽電車,播磨町,伊保,,,自動取得不可
山陽電車,播磨町,山陽曽根,,,自動取得不可
山陽電車,播磨町,大塩,,,自動取得不可
山陽電車,播磨町,的形,,,自動取得不可
山陽電車,播磨町,八家,,,自動取得不可
山陽電車,播磨町,白浜の宮,,,自動取得不可
山陽電車,播磨町,妻鹿,,,自動取得不可
山陽電車,播磨町,飾磨,,,自動取得不可
山陽電車,播磨町,亀山,,,自動取得不可
山陽電車,播磨町,手柄,,,自動取得不可
山陽電車,播磨町,山陽姫路,,,自動取得不可
山陽電車,播磨町,西飾磨,,,自動取得不可
山陽電車,播磨町,夢前川,,,自動取得不可
山陽電車,播磨町,広畑,,,自動取得不可
山陽電車,播磨町,山陽天満,,,自動取得不可
山陽電車,播磨町,平松,,,自動取得不可
山陽電車,播磨町,山陽網干,,,自動取得不可
山陽電車,別府,浜の宮,,,自動取得不可
山陽電車,別府,尾上の松,,,自動取得不可
山陽電車,別府,高砂,,,自動取得不可
山陽電車,別府,荒井,,,自動取得不可
山陽電車,別府,伊保,,,自動取得不可
山陽電車,別府,山陽曽根,,,自動取得不可
山陽電車,別府,大塩,,,自動取得不可
山陽電車,別府,的形,,,自動取得不可
山陽電車,別府,八家,,,自動取得不可
山陽電車,別府,白浜の宮,,,自動取得不可
山陽電車,別府,妻鹿,,,自動取得不可
山陽電車,別府,飾磨,,,自動取得不可
山陽電車,別府,亀山,,,自動取得不可
山陽電車,別府,手柄,,,自動取得不可
山陽電車,別府,山陽姫路,,,自動取得不可
山陽電車,別府,西飾磨,,,自動取得不可
山陽電車,別府,夢前川,,,自動取得不可
山陽電車,別府,広畑,,,自動取得不可
山陽電車,別府,山陽天満,,,自動取得不可
山陽電車,別府,平松,,,自動取得不可
山陽電車,別府,山陽網干,,,自動取得不可
山陽電車,浜の宮,尾上の松,,,自動取得不可
山陽電車,浜の宮,高砂,,,自動取得不可
山陽電車,浜の宮,荒井,,,自動取得不可
山陽電車,浜の宮,伊保,,,自動取得不可
山陽電車,浜の宮,山陽曽根,,,自動取得不可
山陽電車,浜の宮,大塩,,,自動取得不可
山陽電車,浜の宮,的形,,,自動取得不可
山陽電車,浜の宮,八家,,,自動取得不可
山陽電車,浜の宮,白浜の宮,,,自動取得不可
山陽電車,浜の宮,妻鹿,,,自動取得不可
山陽電車,浜の宮,飾磨,,,自動取得不可
山陽電車,浜の宮,亀山,,,自動取得不可
山陽電車,浜の宮,手柄,,,自動取得不可
山陽電車,浜の宮,山陽姫路,,,自動取得不可
山陽電車,浜の宮,西飾磨,,,自動取得不可
山陽電車,浜の宮,夢前川,,,自動取得不可
山陽電車,浜の宮,広畑,,,自動取得不可
山陽電車,浜の宮,山陽天満,,,自動取得不可
山陽電車,浜の宮,平松,,,自動取得不可
山陽電車,浜の宮,山陽網干,,,自動取得不可
山陽電車,尾上の松,高砂,,,自動取得不可
山陽電車,尾上の松,荒井,,,自動取得不可
山陽電車,尾上の松,伊保,,,自動取得不可
山陽電車,尾上の松,山陽曽根,,,自動取得不可
山陽電車,尾上の松,大塩,,,自動取得不可
山陽電車,尾上の松,的形,,,自動取得不可
山陽電車,尾上の松,八家,,,自動取得不可
山陽電車,尾上の松,白浜の宮,,,自動取得不可
山陽電車,尾上の松,妻鹿,,,自動取得不可
山陽電車,尾上の松,飾磨,,,自動取得不可
山陽電車,尾上の松,亀山,,,自動取得不可
山陽電車,尾上の松,手柄,,,自動取得不可
山陽電車,尾上の松,山陽姫路,,,自動取得不可
山陽電車,尾上の松,西飾磨,,,自動取得不可
山陽電車,尾上の松,夢前川,,,自動取得不可
山陽電車,尾上の松,広畑,,,自動取得不可
山陽電車,尾上の松,山陽天満,,,自動取得不可
山陽電車,尾上の松,平松,,,自動取得不可
山陽電車,尾上の松,山陽網干,,,自動取得不可
山陽電車,高砂,荒井,,,自動取得不可
山陽電車,高砂,伊保,,,自動取得不可
山陽電車,高砂,山陽曽根,,,自動取得不可
山陽電車,高砂,大塩,,,自動取得不可
山陽電車,高砂,的形,,,自動取得不可
山陽電車,高砂,八家,,,自動取得不可
山陽電車,高砂,白浜の宮,,,自動取得不可
山陽電車,高砂,妻鹿,,,自動取得不可
山陽電車,高砂,飾磨,,,自動取得不可
山陽電車,高砂,亀山,,,自動取得不可
山陽電車,高砂,手柄,,,自動取得不可
山陽電車,高砂,山陽姫路,,,自動取得不可
山陽電車,高砂,西飾磨,,,自動取得不可
山陽電車,高砂,夢前川,,,自動取得不可
山陽電車,高砂,広畑,,,自動取得不可
山陽電車,高砂,山陽天満,,,自動取得不可
山陽電車,高砂,平松,,,自動取得不可
山陽電車,高砂,山陽網干,,,自動取得不可
山陽電車,荒井,伊保,,,自動取得不可
山陽電車,荒井,山陽曽根,,,自動取得不可
山陽電車,荒井,大塩,,,自動取得不可
山陽電車,荒井,的形,,,自動取得不可
山陽電車,荒井,八家,,,自動取得不可
山陽電車,荒井,白浜の宮,,,自動取得不可
山陽電車,荒井,妻鹿,,,自動取得不可
山陽電車,荒井,飾磨,,,自動取得不可
山陽電車,荒井,亀山,,,自動取得不可
山陽電車,荒井,手柄,,,自動取得不可
山陽電車,荒井,山陽姫路,,,自動取得不可
山陽電車,荒井,西飾磨,,,自動取得不可
山陽電車,荒井,夢前川,,,自動取得不可
山陽電車,荒井,広畑,,,自動取得不可
山陽電車,荒井,山陽天満,,,自動取得不可
山陽電車,荒井,平松,,,自動取得不可
山陽電車,荒井,山陽網干,,,自動取得不可
山陽電車,伊保,山陽曽根,,,自動取得不可
山陽電車,伊保,大塩,,,自動取得不可
山陽電車,伊保,的形,,,自動取得不可
山陽電車,伊保,八家,,,自動取得不可
山陽電車,伊保,白浜の宮,,,自動取得不可
山陽電車,伊保,妻鹿,,,自動取得不可
山陽電車,伊保,飾磨,,,自動取得不可
山陽電車,伊保,亀山,,,自動取得不可
山陽電車,伊保,手柄,,,自動取得不可
山陽電車,伊保,山陽姫路,,,自動取得不可
山陽電車,伊保,西飾磨,,,自動取得不可
山陽電車,伊保,夢前川,,,自動取得不可
山陽電車,伊保,広畑,,,自動取得不可
山陽電車,伊保,山陽天満,,,自動取得不可
山陽電車,伊保,平松,,,自動取得不可
山陽電車,伊保,山陽網干,,,自動取得不可
山陽電車,山陽曽根,大塩,,,自動取得不可
山陽電車,山陽曽根,的形,,,自動取得不可
山陽電車,山陽曽根,八家,,,自動取得不可
山陽電車,山陽曽根,白浜の宮,,,自動取得不可
山陽電車,山陽曽根,妻鹿,,,自動取得不可
山陽電車,山陽曽根,飾磨,,,自動取得不可
山陽電車,山陽曽根,亀山,,,自動取得不可
山陽電車,山陽曽根,手柄,,,自動取得不可
山陽電車,山陽曽根,山陽姫路,,,自動取得不可
山陽電車,山陽曽根,西飾磨,,,自動取得不可
山陽電車,山陽曽根,夢前川,,,自動取得不可
山陽電車,山陽曽根,広畑,,,自動取得不可
山陽電車,山陽曽根,山陽天満,,,自動取得不可
山陽電車,山陽曽根,平松,,,自動取得不可
山陽電車,山陽曽根,山陽網干,,,自動取得不可
山陽電車,大塩,的形,,,自動取得不可
山陽電車,大塩,八家,,,自動取得不可
山陽電車,大塩,白浜の宮,,,自動取得不可
山陽電車,大塩,妻鹿,,,自動取得不可
山陽電車,大塩,飾磨,,,自動取得不可
山陽電車,大塩,亀山,,,自動取得不可
山陽電車,大塩,手柄,,,自動取得不可
山陽電車,大塩,山陽姫路,,,自動取得不可
山陽電車,大塩,西飾磨,,,自動取得不可
山陽電車,大塩,夢前川,,,自動取得不可
山陽電車,大塩,広畑,,,自動取得不可
山陽電車,大塩,山陽天満,,,自動取得不可
山陽電車,大塩,平松,,,自動取得不可
山陽電車,大塩,山陽網干,,,自動取得不可
山陽電車,的形,八家,,,自動取得不可
山陽電車,的形,白浜の宮,,,自動取得不可
山陽電車,的形,妻鹿,,,自動取得不可
山陽電車,的形,飾磨,,,自動取得不可
山陽電車,的形,亀山,,,自動取得不可
山陽電車,的形,手柄,,,自動取得不可
山陽電車,的形,山陽姫路,,,自動取得不可
山陽電車,的形,西飾磨,,,自動取得不可
山陽電車,的形,夢前川,,,自動取得不可
山陽電車,的形,広畑,,,自動取得不可
山陽電車,的形,山陽天満,,,自動取得不可
山陽電車,的形,平松,,,自動取得不可
山陽電車,的形,山陽網干,,,自動取得不可
山陽電車,八家,白浜の宮,,,自動取得不可
山陽電車,八家,妻鹿,,,自動取得不可
山陽電車,八家,飾磨,,,自動取得不可
山陽電車,八家,亀山,,,自動取得不可
山陽電車,八家,手柄,,,自動取得不可
山陽電車,八家,山陽姫路,,,自動取得不可
山陽電車,八家,西飾磨,,,自動取得不可
山陽電車,八家,夢前川,,,自動取得不可
山陽電車,八家,広畑,,,自動取得不可
山陽電車,八家,山陽天満,,,自動取得不可
山陽電車,八家,平松,,,自動取得不可
山陽電車,八家,山陽網干,,,自動取得不可
山陽電車,白浜の宮,妻鹿,,,自動取得不可
山陽電車,白浜の宮,飾磨,,,自動取得不可
山陽電車,白浜の宮,亀山,,,自動取得不可
山陽電車,白浜の宮,手柄,,,自動取得不可
山陽電車,白浜の宮,山陽姫路,,,自動取得不可
山陽電車,白浜の宮,西飾磨,,,自動取得不可
山陽電車,白浜の宮,夢前川,,,自動取得不可
山陽電車,白浜の宮,広畑,,,自動取得不可
山陽電車,白浜の宮,山陽天満,,,自動取得不可
山陽電車,白浜の宮,平松,,,自動取得不可
山陽電車,白浜の宮,山陽網干,,,自動取得不可
山陽電車,妻鹿,飾磨,,,自動取得不可
山陽電車,妻鹿,亀山,,,自動取得不可
山陽電車,妻鹿,手柄,,,自動取得不可
山陽電車,妻鹿,山陽姫路,,,自動取得不可
山陽電車,妻鹿,西飾磨,,,自動取得不可
山陽電車,妻鹿,夢前川,,,自動取得不可
山陽電車,妻鹿,広畑,,,自動取得不可
山陽電車,妻鹿,山陽天満,,,自動取得不可
山陽電車,妻鹿,平松,,,自動取得不可
山陽電車,妻鹿,山陽網干,,,自動取得不可
山陽電車,飾磨,亀山,,,自動取得不可
山陽電車,飾磨,手柄,,,自動取得不可
山陽電車,飾磨,山陽姫路,,,自動取得不可
山陽電車,飾磨,西飾磨,,,自動取得不可
山陽電車,飾磨,夢前川,,,自動取得不可
山陽電車,飾磨,広畑,,,自動取得不可
山陽電車,飾磨,山陽天満,,,自動取得不可
山陽電車,飾磨,平松,,,自動取得不可
山陽電車,飾磨,山陽網干,,,自動取得不可
山陽電車,亀山,手柄,,,自動取得不可
山陽電車,亀山,山陽姫路,,,自動取得不可
山陽電車,亀山,西飾磨,,,自動取得不可
山陽電車,亀山,夢前川,,,自動取得不可
山陽電車,亀山,広畑,,,自動取得不可
山陽電車,亀山,山陽天満,,,自動取得不可
山陽電車,亀山,平松,,,自動取得不可
山陽電車,亀山,山陽網干,,,自動取得不可
山陽電車,手柄,山陽姫路,,,自動取得不可
山陽電車,手柄,西飾磨,,,自動取得不可
山陽電車,手柄,夢前川,,,自動取得不可
山陽電車,手柄,広畑,,,自動取得不可
山陽電車,手柄,山陽天満,,,自動取得不可
山陽電車,手柄,平松,,,自動取得不可
山陽電車,手柄,山陽網干,,,自動取得不可
山陽電車,山陽姫路,西飾磨,,,自動取得不可
山陽電車,山陽姫路,夢前川,,,自動取得不可
山陽電車,山陽姫路,広畑,,,自動取得不可
山陽電車,山陽姫路,山陽天満,,,自動取得不可
山陽電車,山陽姫路,平松,,,自動取得不可
山陽電車,山陽姫路,山陽網干,,,自動取得不可
山陽電車,西飾磨,夢前川,,,自動取得不可
山陽電車,西飾磨,広畑,,,自動取得不可
山陽電車,西飾磨,山陽天満,,,自動取得不可
山陽電車,西飾磨,平松,,,自動取得不可
山陽電車,西飾磨,山陽網干,,,自動取得不可
山陽電車,夢前川,広畑,,,自動取得不可
山陽電車,夢前川,山陽天満,,,自動取得不可
山陽電車,夢前川,平松,,,自動取得不可
山陽電車,夢前川,山陽網干,,,自動取得不可
山陽電車,広畑,山陽天満,,,自動取得不可
山陽電車,広畑,平松,,,自動取得不可
山陽電車,広畑,山陽網干,,,自動取得不可
山陽電車,山陽天満,平松,,,自動取得不可
山陽電車,山陽天満,山陽網干,,,自動取得不可
山陽電車,平松,山陽網干,,,自動取得不可
神戸電鉄,新開地,湊川,,,自動取得不可
神戸電鉄,新開地,長田,,,自動取得不可
神戸電鉄,新開地,丸山,,,自動取得不可
神戸電鉄,新開地,鵯越,,,自動取得不可
神戸電鉄,新開地,鈴蘭台,,,自動取得不可
神戸電鉄,新開地,北鈴蘭台,,,自動取得不可
神戸電鉄,新開地,山の街,,,自動取得不可
神戸電鉄,新開地,箕谷,,,自動取得不可
神戸電鉄,新開地,谷上,,,自動取得不可
神戸電鉄,新開地,花山,,,自動取得不可
神戸電鉄,新開地,大池,,,自動取得不可
神戸電鉄,新開地,神鉄六甲,,,自動取得不可
神戸電鉄,新開地,唐櫃台,,,自動取得不可
神戸電鉄,新開地,有馬口,,,自動取得不可
神戸電鉄,新開地,有馬温泉,,,自動取得不可
神戸電鉄,新開地,五社,,,自動取得不可
神戸電鉄,新開地,岡場,,,自動取得不可
神戸電鉄,新開地,田尾寺,,,自動取得不可
神戸電鉄,新開地,二郎,,,自動取得不可
神戸電鉄,新開地,道場南口,,,自動取得不可
神戸電鉄,新開地,神鉄道場,,,自動取得不可
神戸電鉄,新開地,横山,,,自動取得不可
神戸電鉄,新開地,三田本町,,,自動取得不可
神戸電鉄,新開地,三田,,,自動取得不可
神戸電鉄,新開地,フラワータウン,,,自動取得不可
神戸電鉄,新開地,南ウッディタウン,,,自動取得不可
神戸電鉄,新開地,ウッディタウン中央,,,自動取得不可
神戸電鉄,新開地,鈴蘭台西口,,,自動取得不可
神戸電鉄,新開地,西鈴蘭台,,,自動取得不可
神戸電鉄,新開地,藍那,,,自動取得不可
神戸電鉄,新開地,木津,,,自動取得不可
神戸電鉄,新開地,木幡,,,自動取得不可
神戸電鉄,新開地,栄,,,自動取得不可
神戸電鉄,新開地,押部谷,,,自動取得不可
神戸電鉄,新開地,緑が丘,,,自動取得不可
神戸電鉄,新開地,広野ゴルフ場前,,,自動取得不可
神戸電鉄,新開地,志染,,,自動取得不可
神戸電鉄,新開地,恵比須,,,自動取得不可
神戸電鉄,新開地,三木上の丸,,,自動取得不可
神戸電鉄,新開地,三木,,,自動取得不可
神戸電鉄,新開地,大村,,,自動取得不可
神戸電鉄,新開地,樫山,,,自動取得不可
神戸電鉄,新開地,市場,,,自動取得不可
神戸電鉄,新開地,小野,,,自動取得不可
神戸電鉄,新開地,葉多,,,自動取得不可
神戸電鉄,新開地,粟生,,,自動取得不可
神戸電鉄,湊川,長田,,,自動取得不可
神戸電鉄,湊川,丸山,,,自動取得不可
神戸電鉄,湊川,鵯越,,,自動取得不可
神戸電鉄,湊川,鈴蘭台,,,自動取得不可
神戸電鉄,湊川,北鈴蘭台,,,自動取得不可
神戸電鉄,湊川,山の街,,,自動取得不可
神戸電鉄,湊川,箕谷,,,自動取得不可
神戸電鉄,湊川,谷上,,,自動取得不可
神戸電鉄,湊川,花山,,,自動取得不可
神戸電鉄,湊川,大池,,,自動取得不可
神戸電鉄,湊川,神鉄六甲,,,自動取得不可
神戸電鉄,湊川,唐櫃台,,,自動取得不可
神戸電鉄,湊川,有馬口,,,自動取得不可
神戸電鉄,湊川,有馬温泉,,,自動取得不可
神戸電鉄,湊川,五社,,,自動取得不可
神戸電鉄,湊川,岡場,,,自動取得不可
神戸電鉄,湊川,田尾寺,,,自動取得不可
神戸電鉄,湊川,二郎,,,自動取得不可
神戸電鉄,湊川,道場南口,,,自動取得不可
神戸電鉄,湊川,神鉄道場,,,自動取得不可
神戸電鉄,湊川,横山,,,自動取得不可
神戸電鉄,湊川,三田本町,,,自動取得不可
神戸電鉄,湊川,三田,,,自動取得不可
神戸電鉄,湊川,フラワータウン,,,自動取得不可
神戸電鉄,湊川,南ウッディタウン,,,自動取得不可
神戸電鉄,湊川,ウッディタウン中央,,,自動取得不可
神戸電鉄,湊川,鈴蘭台西口,,,自動取得不可
神戸電鉄,湊川,西鈴蘭台,,,自動取得不可
神戸電鉄,湊川,藍那,,,自動取得不可
神戸電鉄,湊川,木津,,,自動取得不可
神戸電鉄,湊川,木幡,,,自動取得不可
神戸電鉄,湊川,栄,,,自動取得不可
神戸電鉄,湊川,押部谷,,,自動取得不可
神戸電鉄,湊川,緑が丘,,,自動取得不可
神戸電鉄,湊川,広野ゴルフ場前,,,自動取得不可
神戸電鉄,湊川,志染,,,自動取得不可
神戸電鉄,湊川,恵比須,,,自動取得不可
神戸電鉄,湊川,三木上の丸,,,自動取得不可
神戸電鉄,湊川,三木,,,自動取得不可
神戸電鉄,湊川,大村,,,自動取得不可
神戸電鉄,湊川,樫山,,,自動取得不可
神戸電鉄,湊川,市場,,,自動取得不可
神戸電鉄,湊川,小野,,,自動取得不可
神戸電鉄,湊川,葉多,,,自動取得不可
神戸電鉄,湊川,粟生,,,自動取得不可
神戸電鉄,長田,丸山,,,自動取得不可
神戸電鉄,長田,鵯越,,,自動取得不可
神戸電鉄,長田,鈴蘭台,,,自動取得不可
神戸電鉄,長田,北鈴蘭台,,,自動取得不可
神戸電鉄,長田,山の街,,,自動取得不可
神戸電鉄,長田,箕谷,,,自動取得不可
神戸電鉄,長田,谷上,,,自動取得不可
神戸電鉄,長田,花山,,,自動取得不可
神戸電鉄,長田,大池,,,自動取得不可
神戸電鉄,長田,神鉄六甲,,,自動取得不可
神戸電鉄,長田,唐櫃台,,,自動取得不可
神戸電鉄,長田,有馬口,,,自動取得不可
神戸電鉄,長田,有馬温泉,,,自動取得不可
神戸電鉄,長田,五社,,,自動取得不可
神戸電鉄,長田,岡場,,,自動取得不可
神戸電鉄,長田,田尾寺,,,自動取得不可
神戸電鉄,長田,二郎,,,自動取得不可
神戸電鉄,長田,道場南口,,,自動取得不可
神戸電鉄,長田,神鉄道場,,,自動取得不可
神戸電鉄,長田,横山,,,自動取得不可
神戸電鉄,長田,三田本町,,,自動取得不可
神戸電鉄,長田,三田,,,自動取得不可
神戸電鉄,長田,フラワータウン,,,自動取得不可
神戸電鉄,長田,南ウッディタウン,,,自動取得不可
神戸電鉄,長田,ウッディタウン中央,,,自動取得不可
神戸電鉄,長田,鈴蘭台西口,,,自動取得不可
神戸電鉄,長田,西鈴蘭台,,,自動取得不可
神戸電鉄,長田,藍那,,,自動取得不可
神戸電鉄,長田,木津,,,自動取得不可
神戸電鉄,長田,木幡,,,自動取得不可
神戸電鉄,長田,栄,,,自動取得不可
神戸電鉄,長田,押部谷,,,自動取得不可
神戸電鉄,長田,緑が丘,,,自動取得不可
神戸電鉄,長田,広野ゴルフ場前,,,自動取得不可
神戸電鉄,長田,志染,,,自動取得不可
神戸電鉄,長田,恵比須,,,自動取得不可
神戸電鉄,長田,三木上の丸,,,自動取得不可
神戸電鉄,長田,三木,,,自動取得不可
神戸電鉄,長田,大村,,,自動取得不可
神戸電鉄,長田,樫山,,,自動取得不可
神戸電鉄,長田,市場,,,自動取得不可
神戸電鉄,長田,小野,,,自動取得不可
神戸電鉄,長田,葉多,,,自動取得不可
神戸電鉄,長田,粟生,,,自動取得不可
神戸電鉄,丸山,鵯越,,,自動取得不可
神戸電鉄,丸山,鈴蘭台,,,自動取得不可
神戸電鉄,丸山,北鈴蘭台,,,自動取得不可
神戸電鉄,丸山,山の街,,,自動取得不可
神戸電鉄,丸山,箕谷,,,自動取得不可
神戸電鉄,丸山,谷上,,,自動取得不可
神戸電鉄,丸山,花山,,,自動取得不可
神戸電鉄,丸山,大池,,,自動取得不可
神戸電鉄,丸山,神鉄六甲,,,自動取得不可
神戸電鉄,丸山,唐櫃台,,,自動取得不可
神戸電鉄,丸山,有馬口,,,自動取得不可
神戸電鉄,丸山,有馬温泉,,,自動取得不可
神戸電鉄,丸山,五社,,,自動取得不可
神戸電鉄,丸山,岡場,,,自動取得不可
神戸電鉄,丸山,田尾寺,,,自動取得不可
神戸電鉄,丸山,二郎,,,自動取得不可
神戸電鉄,丸山,道場南口,,,自動取得不可
神戸電鉄,丸山,神鉄道場,,,自動取得不可
神戸電鉄,丸山,横山,,,自動取得不可
神戸電鉄,丸山,三田本町,,,自動取得不可
神戸電鉄,丸山,三田,,,自動取得不可
神戸電鉄,丸山,フラワータウン,,,自動取得不可
神戸電鉄,丸山,南ウッディタウン,,,自動取得不可
神戸電鉄,丸山,ウッディタウン中央,,,自動取得不可
神戸電鉄,丸山,鈴蘭台西口,,,自動取得不可
神戸電鉄,丸山,西鈴蘭台,,,自動取得不可
神戸電鉄,丸山,藍那,,,自動取得不可
神戸電鉄,丸山,木津,,,自動取得不可
神戸電鉄,丸山,木幡,,,自動取得不可
神戸電鉄,丸山,栄,,,自動取得不可
神戸電鉄,丸山,押部谷,,,自動取得不可
神戸電鉄,丸山,緑が丘,,,自動取得不可
神戸電鉄,丸山,広野ゴルフ場前,,,自動取得不可
神戸電鉄,丸山,志染,,,自動取得不可
神戸電鉄,丸山,恵比須,,,自動取得不可
神戸電鉄,丸山,三木上の丸,,,自動取得不可
神戸電鉄,丸山,三木,,,自動取得不可
神戸電鉄,丸山,大村,,,自動取得不可
神戸電鉄,丸山,樫山,,,自動取得不可
神戸電鉄,丸山,市場,,,自動取得不可
神戸電鉄,丸山,小野,,,自動取得不可
神戸電鉄,丸山,葉多,,,自動取得不可
神戸電鉄,丸山,粟生,,,自動取得不可
神戸電鉄,鵯越,鈴蘭台,,,自動取得不可
神戸電鉄,鵯越,北鈴蘭台,,,自動取得不可
神戸電鉄,鵯越,山の街,,,自動取得不可
神戸電鉄,鵯越,箕谷,,,自動取得不可
神戸電鉄,鵯越,谷上,,,自動取得不可
神戸電鉄,鵯越,花山,,,自動取得不可
神戸電鉄,鵯越,大池,,,自動取得不可
神戸電鉄,鵯越,神鉄六甲,,,自動取得不可
神戸電鉄,鵯越,唐櫃台,,,自動取得不可
神戸電鉄,鵯越,有馬口,,,自動取得不可
神戸電鉄,鵯越,有馬温泉,,,自動取得不可
神戸電鉄,鵯越,五社,,,自動取得不可
神戸電鉄,鵯越,岡場,,,自動取得不可
神戸電鉄,鵯越,田尾寺,,,自動取得不可
神戸電鉄,鵯越,二郎,,,自動取得不可
神戸電鉄,鵯越,道場南口,,,自動取得不可
神戸電鉄,鵯越,神鉄道場,,,自動取得不可
神戸電鉄,鵯越,横山,,,自動取得不可
神戸電鉄,鵯越,三田本町,,,自動取得不可
神戸電鉄,鵯越,三田,,,自動取得不可
神戸電鉄,鵯越,フラワータウン,,,自動取得不可
神戸電鉄,鵯越,南ウッディタウン,,,自動取得不可
神戸電鉄,鵯越,ウッディタウン中央,,,自動取得不可
神戸電鉄,鵯越,鈴蘭台西口,,,自動取得不可
神戸電鉄,鵯越,西鈴蘭台,,,自動取得不可
神戸電鉄,鵯越,藍那,,,自動取得不可
神戸電鉄,鵯越,木津,,,自動取得不可
神戸電鉄,鵯越,木幡,,,自動取得不可
神戸電鉄,鵯越,栄,,,自動取得不可
神戸電鉄,鵯越,押部谷,,,自動取得不可
神戸電鉄,鵯越,緑が丘,,,自動取得不可
神戸電鉄,鵯越,広野ゴルフ場前,,,自動取得不可
神戸電鉄,鵯越,志染,,,自動取得不可
神戸電鉄,鵯越,恵比須,,,自動取得不可
神戸電鉄,鵯越,三木上の丸,,,自動取得不可
神戸電鉄,鵯越,三木,,,自動取得不可
神戸電鉄,鵯越,大村,,,自動取得不可
神戸電鉄,鵯越,樫山,,,自動取得不可
神戸電鉄,鵯越,市場,,,自動取得不可
神戸電鉄,鵯越,小野,,,自動取得不可
神戸電鉄,鵯越,葉多,,,自動取得不可
神戸電鉄,鵯越,粟生,,,自動取得不可
神戸電鉄,鈴蘭台,北鈴蘭台,,,自動取得不可
神戸電鉄,鈴蘭台,山の街,,,自動取得不可
神戸電鉄,鈴蘭台,箕谷,,,自動取得不可
神戸電鉄,鈴蘭台,谷上,,,自動取得不可
神戸電鉄,鈴蘭台,花山,,,自動取得不可
神戸電鉄,鈴蘭台,大池,,,自動取得不可
神戸電鉄,鈴蘭台,神鉄六甲,,,自動取得不可
神戸電鉄,鈴蘭台,唐櫃台,,,自動取得不可
神戸電鉄,鈴蘭台,有馬口,,,自動取得不可
神戸電鉄,鈴蘭台,有馬温泉,,,自動取得不可
神戸電鉄,鈴蘭台,五社,,,自動取得不可
神戸電鉄,鈴蘭台,岡場,,,自動取得不可
神戸電鉄,鈴蘭台,田尾寺,,,自動取得不可
神戸電鉄,鈴蘭台,二郎,,,自動取得不可
神戸電鉄,鈴蘭台,道場南口,,,自動取得不可
神戸電鉄,鈴蘭台,神鉄道場,,,自動取得不可
神戸電鉄,鈴蘭台,横山,,,自動取得不可
神戸電鉄,鈴蘭台,三田本町,,,自動取得不可
神戸電鉄,鈴蘭台,三田,,,自動取得不可
神戸電鉄,鈴蘭台,フラワータウン,,,自動取得不可
神戸電鉄,鈴蘭台,南ウッディタウン,,,自動取得不可
神戸電鉄,鈴蘭台,ウッディタウン中央,,,自動取得不可
神戸電鉄,鈴蘭台,鈴蘭台西口,,,自動取得不可
神戸電鉄,鈴蘭台,西鈴蘭台,,,自動取得不可
神戸電鉄,鈴蘭台,藍那,,,自動取得不可
神戸電鉄,鈴蘭台,木津,,,自動取得不可
神戸電鉄,鈴蘭台,木幡,,,自動取得不可
神戸電鉄,鈴蘭台,栄,,,自動取得不可
神戸電鉄,鈴蘭台,押部谷,,,自動取得不可
神戸電鉄,鈴蘭台,緑が丘,,,自動取得不可
神戸電鉄,鈴蘭台,広野ゴルフ場前,,,自動取得不可
神戸電鉄,鈴蘭台,志染,,,自動取得不可
神戸電鉄,鈴蘭台,恵比須,,,自動取得不可
神戸電鉄,鈴蘭台,三木上の丸,,,自動取得不可
神戸電鉄,鈴蘭台,三木,,,自動取得不可
神戸電鉄,鈴蘭台,大村,,,自動取得不可
神戸電鉄,鈴蘭台,樫山,,,自動取得不可
神戸電鉄,鈴蘭台,市場,,,自動取得不可
神戸電鉄,鈴蘭台,小野,,,自動取得不可
神戸電鉄,鈴蘭台,葉多,,,自動取得不可
神戸電鉄,鈴蘭台,粟生,,,自動取得不可
神戸電鉄,北鈴蘭台,山の街,,,自動取得不可
神戸電鉄,北鈴蘭台,箕谷,,,自動取得不可
神戸電鉄,北鈴蘭台,谷上,,,自動取得不可
神戸電鉄,北鈴蘭台,花山,,,自動取得不可
神戸電鉄,北鈴蘭台,大池,,,自動取得不可
神戸電鉄,北鈴蘭台,神鉄六甲,,,自動取得不可
神戸電鉄,北鈴蘭台,唐櫃台,,,自動取得不可
神戸電鉄,北鈴蘭台,有馬口,,,自動取得不可
神戸電鉄,北鈴蘭台,有馬温泉,,,自動取得不可
神戸電鉄,北鈴蘭台,五社,,,自動取得不可
神戸電鉄,北鈴蘭台,岡場,,,自動取得不可
神戸電鉄,北鈴蘭台,田尾寺,,,自動取得不可
神戸電鉄,北鈴蘭台,二郎,,,自動取得不可
神戸電鉄,北鈴蘭台,道場南口,,,自動取得不可
神戸電鉄,北鈴蘭台,神鉄道場,,,自動取得不可
神戸電鉄,北鈴蘭台,横山,,,自動取得不可
神戸電鉄,北鈴蘭台,三田本町,,,自動取得不可
神戸電鉄,北鈴蘭台,三田,,,自動取得不可
神戸電鉄,北鈴蘭台,フラワータウン,,,自動取得不可
神戸電鉄,北鈴蘭台,南ウッディタウン,,,自動取得不可
神戸電鉄,北鈴蘭台,ウッディタウン中央,,,自動取得不可
神戸電鉄,北鈴蘭台,鈴蘭台西口,,,自動取得不可
神戸電鉄,北鈴蘭台,西鈴蘭台,,,自動取得不可
神戸電鉄,北鈴蘭台,藍那,,,自動取得不可
神戸電鉄,北鈴蘭台,木津,,,自動取得不可
神戸電鉄,北鈴蘭台,木幡,,,自動取得不可
神戸電鉄,北鈴蘭台,栄,,,自動取得不可
神戸電鉄,北鈴蘭台,押部谷,,,自動取得不可
神戸電鉄,北鈴蘭台,緑が丘,,,自動取得不可
神戸電鉄,北鈴蘭台,広野ゴルフ場前,,,自動取得不可
神戸電鉄,北鈴蘭台,志染,,,自動取得不可
神戸電鉄,北鈴蘭台,恵比須,,,自動取得不可
神戸電鉄,北鈴蘭台,三木上の丸,,,自動取得不可
神戸電鉄,北鈴蘭台,三木,,,自動取得不可
神戸電鉄,北鈴蘭台,大村,,,自動取得不可
神戸電鉄,北鈴蘭台,樫山,,,自動取得不可
神戸電鉄,北鈴蘭台,市場,,,自動取得不可
神戸電鉄,北鈴蘭台,小野,,,自動取得不可
神戸電鉄,北鈴蘭台,葉多,,,自動取得不可
神戸電鉄,北鈴蘭台,粟生,,,自動取得不可
神戸電鉄,山の街,箕谷,,,自動取得不可
神戸電鉄,山の街,谷上,,,自動取得不可
神戸電鉄,山の街,花山,,,自動取得不可
神戸電鉄,山の街,大池,,,自動取得不可
神戸電鉄,山の街,神鉄六甲,,,自動取得不可
神戸電鉄,山の街,唐櫃台,,,自動取得不可
神戸電鉄,山の街,有馬口,,,自動取得不可
神戸電鉄,山の街,有馬温泉,,,自動取得不可
神戸電鉄,山の街,五社,,,自動取得不可
神戸電鉄,山の街,岡場,,,自動取得不可
神戸電鉄,山の街,田尾寺,,,自動取得不可
神戸電鉄,山の街,二郎,,,自動取得不可
神戸電鉄,山の街,道場南口,,,自動取得不可
神戸電鉄,山の街,神鉄道場,,,自動取得不可
神戸電鉄,山の街,横山,,,自動取得不可
神戸電鉄,山の街,三田本町,,,自動取得不可
神戸電鉄,山の街,三田,,,自動取得不可
神戸電鉄,山の街,フラワータウン,,,自動取得不可
神戸電鉄,山の街,南ウッディタウン,,,自動取得不可
神戸電鉄,山の街,ウッディタウン中央,,,自動取得不可
神戸電鉄,山の街,鈴蘭台西口,,,自動取得不可
神戸電鉄,山の街,西鈴蘭台,,,自動取得不可
神戸電鉄,山の街,藍那,,,自動取得不可
神戸電鉄,山の街,木津,,,自動取得不可
神戸電鉄,山の街,木幡,,,自動取得不可
神戸電鉄,山の街,栄,,,自動取得不可
神戸電鉄,山の街,押部谷,,,自動取得不可
神戸電鉄,山の街,緑が丘,,,自動取得不可
神戸電鉄,山の街,広野ゴルフ場前,,,自動取得不可
神戸電鉄,山の街,志染,,,自動取得不可
神戸電鉄,山の街,恵比須,,,自動取得不可
神戸電鉄,山の街,三木上の丸,,,自動取得不可
神戸電鉄,山の街,三木,,,自動取得不可
神戸電鉄,山の街,大村,,,自動取得不可
神戸電鉄,山の街,樫山,,,自動取得不可
神戸電鉄,山の街,市場,,,自動取得不可
神戸電鉄,山の街,小野,,,自動取得不可
神戸電鉄,山の街,葉多,,,自動取得不可
神戸電鉄,山の街,粟生,,,自動取得不可
神戸電鉄,箕谷,谷上,,,自動取得不可
神戸電鉄,箕谷,花山,,,自動取得不可
神戸電鉄,箕谷,大池,,,自動取得不可
神戸電鉄,箕谷,神鉄六甲,,,自動取得不可
神戸電鉄,箕谷,唐櫃台,,,自動取得不可
神戸電鉄,箕谷,有馬口,,,自動取得不可
神戸電鉄,箕谷,有馬温泉,,,自動取得不可
神戸電鉄,箕谷,五社,,,自動取得不可
神戸電鉄,箕谷,岡場,,,自動取得不可
神戸電鉄,箕谷,田尾寺,,,自動取得不可
神戸電鉄,箕谷,二郎,,,自動取得不可
神戸電鉄,箕谷,道場南口,,,自動取得不可
神戸電鉄,箕谷,神鉄道場,,,自動取得不可
神戸電鉄,箕谷,横山,,,自動取得不可
神戸電鉄,箕谷,三田本町,,,自動取得不可
神戸電鉄,箕谷,三田,,,自動取得不可
神戸電鉄,箕谷,フラワータウン,,,自動取得不可
神戸電鉄,箕谷,南ウッディタウン,,,自動取得不可
神戸電鉄,箕谷,ウッディタウン中央,,,自動取得不可
神戸電鉄,箕谷,鈴蘭台西口,,,自動取得不可
神戸電鉄,箕谷,西鈴蘭台,,,自動取得不可
神戸電鉄,箕谷,藍那,,,自動取得不可
神戸電鉄,箕谷,木津,,,自動取得不可
神戸電鉄,箕谷,木幡,,,自動取得不可
神戸電鉄,箕谷,栄,,,自動取得不可
神戸電鉄,箕谷,押部谷,,,自動取得不可
神戸電鉄,箕谷,緑が丘,,,自動取得不可
神戸電鉄,箕谷,広野ゴルフ場前,,,自動取得不可
神戸電鉄,箕谷,志染,,,自動取得不可
神戸電鉄,箕谷,恵比須,,,自動取得不可
神戸電鉄,箕谷,三木上の丸,,,自動取得不可
神戸電鉄,箕谷,三木,,,自動取得不可
神戸電鉄,箕谷,大村,,,自動取得不可
神戸電鉄,箕谷,樫山,,,自動取得不可
神戸電鉄,箕谷,市場,,,自動取得不可
神戸電鉄,箕谷,小野,,,自動取得不可
神戸電鉄,箕谷,葉多,,,自動取得不可
神戸電鉄,箕谷,粟生,,,自動取得不可
神戸電鉄,谷上,花山,,,自動取得不可
神戸電鉄,谷上,大池,,,自動取得不可
神戸電鉄,谷上,神鉄六甲,,,自動取得不可
神戸電鉄,谷上,唐櫃台,,,自動取得不可
神戸電鉄,谷上,有馬口,,,自動取得不可
神戸電鉄,谷上,有馬温泉,,,自動取得不可
神戸電鉄,谷上,五社,,,自動取得不可
神戸電鉄,谷上,岡場,,,自動取得不可
神戸電鉄,谷上,田尾寺,,,自動取得不可
神戸電鉄,谷上,二郎,,,自動取得不可
神戸電鉄,谷上,道場南口,,,自動取得不可
神戸電鉄,谷上,神鉄道場,,,自動取得不可
神戸電鉄,谷上,横山,,,自動取得不可
神戸電鉄,谷上,三田本町,,,自動取得不可
神戸電鉄,谷上,三田,,,自動取得不可
神戸電鉄,谷上,フラワータウン,,,自動取得不可
神戸電鉄,谷上,南ウッディタウン,,,自動取得不可
神戸電鉄,谷上,ウッディタウン中央,,,自動取得不可
神戸電鉄,谷上,鈴蘭台西口,,,自動取得不可
神戸電鉄,谷上,西鈴蘭台,,,自動取得不可
神戸電鉄,谷上,藍那,,,自動取得不可
神戸電鉄,谷上,木津,,,自動取得不可
神戸電鉄,谷上,木幡,,,自動取得不可
神戸電鉄,谷上,栄,,,自動取得不可
神戸電鉄,谷上,押部谷,,,自動取得不可
神戸電鉄,谷上,緑が丘,,,自動取得不可
神戸電鉄,谷上,広野ゴルフ場前,,,自動取得不可
神戸電鉄,谷上,志染,,,自動取得不可
神戸電鉄,谷上,恵比須,,,自動取得不可
神戸電鉄,谷上,三木上の丸,,,自動取得不可
神戸電鉄,谷上,三木,,,自動取得不可
神戸電鉄,谷上,大村,,,自動取得不可
神戸電鉄,谷上,樫山,,,自動取得不可
神戸電鉄,谷上,市場,,,自動取得不可
神戸電鉄,谷上,小野,,,自動取得不可
神戸電鉄,谷上,葉多,,,自動取得不可
神戸電鉄,谷上,粟生,,,自動取得不可
神戸電鉄,花山,大池,,,自動取得不可
神戸電鉄,花山,神鉄六甲,,,自動取得不可
神戸電鉄,花山,唐櫃台,,,自動取得不可
神戸電鉄,花山,有馬口,,,自動取得不可
神戸電鉄,花山,有馬温泉,,,自動取得不可
神戸電鉄,花山,五社,,,自動取得不可
神戸電鉄,花山,岡場,,,自動取得不可
神戸電鉄,花山,田尾寺,,,自動取得不可
神戸電鉄,花山,二郎,,,自動取得不可
神戸電鉄,花山,道場南口,,,自動取得不可
神戸電鉄,花山,神鉄道場,,,自動取得不可
神戸電鉄,花山,横山,,,自動取得不可
神戸電鉄,花山,三田本町,,,自動取得不可
神戸電鉄,花山,三田,,,自動取得不可
神戸電鉄,花山,フラワータウン,,,自動取得不可
神戸電鉄,花山,南ウッディタウン,,,自動取得不可
神戸電鉄,花山,ウッディタウン中央,,,自動取得不可
神戸電鉄,花山,鈴蘭台西口,,,自動取得不可
神戸電鉄,花山,西鈴蘭台,,,自動取得不可
神戸電鉄,花山,藍那,,,自動取得不可
神戸電鉄,花山,木津,,,自動取得不可
神戸電鉄,花山,木幡,,,自動取得不可
神戸電鉄,花山,栄,,,自動取得不可
神戸電鉄,花山,押部谷,,,自動取得不可
神戸電鉄,花山,緑が丘,,,自動取得不可
神戸電鉄,花山,広野ゴルフ場前,,,自動取得不可
神戸電鉄,花山,志染,,,自動取得不可
神戸電鉄,花山,恵比須,,,自動取得不可
神戸電鉄,花山,三木上の丸,,,自動取得不可
神戸電鉄,花山,三木,,,自動取得不可
神戸電鉄,花山,大村,,,自動取得不可
神戸電鉄,花山,樫山,,,自動取得不可
神戸電鉄,花山,市場,,,自動取得不可
神戸電鉄,花山,小野,,,自動取得不可
神戸電鉄,花山,葉多,,,自動取得不可
神戸電鉄,花山,粟生,,,自動取得不可
神戸電鉄,大池,神鉄六甲,,,自動取得不可
神戸電鉄,大池,唐櫃台,,,自動取得不可
神戸電鉄,大池,有馬口,,,自動取得不可
神戸電鉄,大池,有馬温泉,,,自動取得不可
神戸電鉄,大池,五社,,,自動取得不可
神戸電鉄,大池,岡場,,,自動取得不可
神戸電鉄,大池,田尾寺,,,自動取得不可
神戸電鉄,大池,二郎,,,自動取得不可
神戸電鉄,大池,道場南口,,,自動取得不可
神戸電鉄,大池,神鉄道場,,,自動取得不可
神戸電鉄,大池,横山,,,自動取得不可
神戸電鉄,大池,三田本町,,,自動取得不可
神戸電鉄,大池,三田,,,自動取得不可
神戸電鉄,大池,フラワータウン,,,自動取得不可
神戸電鉄,大池,南ウッディタウン,,,自動取得不可
神戸電鉄,大池,ウッディタウン中央,,,自動取得不可
神戸電鉄,大池,鈴蘭台西口,,,自動取得不可
神戸電鉄,大池,西鈴蘭台,,,自動取得不可
神戸電鉄,大池,藍那,,,自動取得不可
神戸電鉄,大池,木津,,,自動取得不可
神戸電鉄,大池,木幡,,,自動取得不可
神戸電鉄,大池,栄,,,自動取得不可
神戸電鉄,大池,押部谷,,,自動取得不可
神戸電鉄,大池,緑が丘,,,自動取得不可
神戸電鉄,大池,広野ゴルフ場前,,,自動取得不可
神戸電鉄,大池,志染,,,自動取得不可
神戸電鉄,大池,恵比須,,,自動取得不可
神戸電鉄,大池,三木上の丸,,,自動取得不可
神戸電鉄,大池,三木,,,自動取得不可
神戸電鉄,大池,大村,,,自動取得不可
神戸電鉄,大池,樫山,,,自動取得不可
神戸電鉄,大池,市場,,,自動取得不可
神戸電鉄,大池,小野,,,自動取得不可
神戸電鉄,大池,葉多,,,自動取得不可
神戸電鉄,大池,粟生,,,自動取得不可
神戸電鉄,神鉄六甲,唐櫃台,,,自動取得不可
神戸電鉄,神鉄六甲,有馬口,,,自動取得不可
神戸電鉄,神鉄六甲,有馬温泉,,,自動取得不可
神戸電鉄,神鉄六甲,五社,,,自動取得不可
神戸電鉄,神鉄六甲,岡場,,,自動取得不可
神戸電鉄,神鉄六甲,田尾寺,,,自動取得不可
神戸電鉄,神鉄六甲,二郎,,,自動取得不可
神戸電鉄,神鉄六甲,道場南口,,,自動取得不可
神戸電鉄,神鉄六甲,神鉄道場,,,自動取得不可
神戸電鉄,神鉄六甲,横山,,,自動取得不可
神戸電鉄,神鉄六甲,三田本町,,,自動取得不可
神戸電鉄,神鉄六甲,三田,,,自動取得不可
神戸電鉄,神鉄六甲,フラワータウン,,,自動取得不可
神戸電鉄,神鉄六甲,南ウッディタウン,,,自動取得不可
神戸電鉄,神鉄六甲,ウッディタウン中央,,,自動取得不可
神戸電鉄,神鉄六甲,鈴蘭台西口,,,自動取得不可
神戸電鉄,神鉄六甲,西鈴蘭台,,,自動取得不可
神戸電鉄,神鉄六甲,藍那,,,自動取得不可
神戸電鉄,神鉄六甲,木津,,,自動取得不可
神戸電鉄,神鉄六甲,木幡,,,自動取得不可
神戸電鉄,神鉄六甲,栄,,,自動取得不可
神戸電鉄,神鉄六甲,押部谷,,,自動取得不可
神戸電鉄,神鉄六甲,緑が丘,,,自動取得不可
神戸電鉄,神鉄六甲,広野ゴルフ場前,,,自動取得不可
神戸電鉄,神鉄六甲,志染,,,自動取得不可
神戸電鉄,神鉄六甲,恵比須,,,自動取得不可
神戸電鉄,神鉄六甲,三木上の丸,,,自動取得不可
神戸電鉄,神鉄六甲,三木,,,自動取得不可
神戸電鉄,神鉄六甲,大村,,,自動取得不可
神戸電鉄,神鉄六甲,樫山,,,自動取得不可
神戸電鉄,神鉄六甲,市場,,,自動取得不可
神戸電鉄,神鉄六甲,小野,,,自動取得不可
神戸電鉄,神鉄六甲,葉多,,,自動取得不可
神戸電鉄,神鉄六甲,粟生,,,自動取得不可
神戸電鉄,唐櫃台,有馬口,,,自動取得不可
神戸電鉄,唐櫃台,有馬温泉,,,自動取得不可
神戸電鉄,唐櫃台,五社,,,自動取得不可
神戸電鉄,唐櫃台,岡場,,,自動取得不可
神戸電鉄,唐櫃台,田尾寺,,,自動取得不可
神戸電鉄,唐櫃台,二郎,,,自動取得不可
神戸電鉄,唐櫃台,道場南口,,,自動取得不可
神戸電鉄,唐櫃台,神鉄道場,,,自動取得不可
神戸電鉄,唐櫃台,横山,,,自動取得不可
神戸電鉄,唐櫃台,三田本町,,,自動取得不可
神戸電鉄,唐櫃台,三田,,,自動取得不可
神戸電鉄,唐櫃台,フラワータウン,,,自動取得不可
神戸電鉄,唐櫃台,南ウッディタウン,,,自動取得不可
神戸電鉄,唐櫃台,ウッディタウン中央,,,自動取得不可
神戸電鉄,唐櫃台,鈴蘭台西口,,,自動取得不可
神戸電鉄,唐櫃台,西鈴蘭台,,,自動取得不可
神戸電鉄,唐櫃台,藍那,,,自動取得不可
神戸電鉄,唐櫃台,木津,,,自動取得不可
神戸電鉄,唐櫃台,木幡,,,自動取得不可
神戸電鉄,唐櫃台,栄,,,自動取得不可
神戸電鉄,唐櫃台,押部谷,,,自動取得不可
神戸電鉄,唐櫃台,緑が丘,,,自動取得不可
神戸電鉄,唐櫃台,広野ゴルフ場前,,,自動取得不可
神戸電鉄,唐櫃台,志染,,,自動取得不可
神戸電鉄,唐櫃台,恵比須,,,自動取得不可
神戸電鉄,唐櫃台,三木上の丸,,,自動取得不可
神戸電鉄,唐櫃台,三木,,,自動取得不可
神戸電鉄,唐櫃台,大村,,,自動取得不可
神戸電鉄,唐櫃台,樫山,,,自動取得不可
神戸電鉄,唐櫃台,市場,,,自動取得不可
神戸電鉄,唐櫃台,小野,,,自動取得不可
神戸電鉄,唐櫃台,葉多,,,自動取得不可
神戸電鉄,唐櫃台,粟生,,,自動取得不可
神戸電鉄,有馬口,有馬温泉,,,自動取得不可
神戸電鉄,有馬口,五社,,,自動取得不可
神戸電鉄,有馬口,岡場,,,自動取得不可
神戸電鉄,有馬口,田尾寺,,,自動取得不可
神戸電鉄,有馬口,二郎,,,自動取得不可
神戸電鉄,有馬口,道場南口,,,自動取得不可
神戸電鉄,有馬口,神鉄道場,,,自動取得不可
神戸電鉄,有馬口,横山,,,自動取得不可
神戸電鉄,有馬口,三田本町,,,自動取得不可
神戸電鉄,有馬口,三田,,,自動取得不可
神戸電鉄,有馬口,フラワータウン,,,自動取得不可
神戸電鉄,有馬口,南ウッディタウン,,,自動取得不可
神戸電鉄,有馬口,ウッディタウン中央,,,自動取得不可
神戸電鉄,有馬口,鈴蘭台西口,,,自動取得不可
神戸電鉄,有馬口,西鈴蘭台,,,自動取得不可
神戸電鉄,有馬口,藍那,,,自動取得不可
神戸電鉄,有馬口,木津,,,自動取得不可
神戸電鉄,有馬口,木幡,,,自動取得不可
神戸電鉄,有馬口,栄,,,自動取得不可
神戸電鉄,有馬口,押部谷,,,自動取得不可
神戸電鉄,有馬口,緑が丘,,,自動取得不可
神戸電鉄,有馬口,広野ゴルフ場前,,,自動取得不可
神戸電鉄,有馬口,志染,,,自動取得不可
神戸電鉄,有馬口,恵比須,,,自動取得不可
神戸電鉄,有馬口,三木上の丸,,,自動取得不可
神戸電鉄,有馬口,三木,,,自動取得不可
神戸電鉄,有馬口,大村,,,自動取得不可
神戸電鉄,有馬口,樫山,,,自動取得不可
神戸電鉄,有馬口,市場,,,自動取得不可
神戸電鉄,有馬口,小野,,,自動取得不可
神戸電鉄,有馬口,葉多,,,自動取得不可
神戸電鉄,有馬口,粟生,,,自動取得不可
神戸電鉄,有馬温泉,五社,,,自動取得不可
神戸電鉄,有馬温泉,岡場,,,自動取得不可
神戸電鉄,有馬温泉,田尾寺,,,自動取得不可
神戸電鉄,有馬温泉,二郎,,,自動取得不可
神戸電鉄,有馬温泉,道場南口,,,自動取得不可
神戸電鉄,有馬温泉,神鉄道場,,,自動取得不可
神戸電鉄,有馬温泉,横山,,,自動取得不可
神戸電鉄,有馬温泉,三田本町,,,自動取得不可
神戸電鉄,有馬温泉,三田,,,自動取得不可
神戸電鉄,有馬温泉,フラワータウン,,,自動取得不可
神戸電鉄,有馬温泉,南ウッディタウン,,,自動取得不可
神戸電鉄,有馬温泉,ウッディタウン中央,,,自動取得不可
神戸電鉄,有馬温泉,鈴蘭台西口,,,自動取得不可
神戸電鉄,有馬温泉,西鈴蘭台,,,自動取得不可
神戸電鉄,有馬温泉,藍那,,,自動取得不可
神戸電鉄,有馬温泉,木津,,,自動取得不可
神戸電鉄,有馬温泉,木幡,,,自動取得不可
神戸電鉄,有馬温泉,栄,,,自動取得不可
神戸電鉄,有馬温泉,押部谷,,,自動取得不可
神戸電鉄,有馬温泉,緑が丘,,,自動取得不可
神戸電鉄,有馬温泉,広野ゴルフ場前,,,自動取得不可
神戸電鉄,有馬温泉,志染,,,自動取得不可
神戸電鉄,有馬温泉,恵比須,,,自動取得不可
神戸電鉄,有馬温泉,三木上の丸,,,自動取得不可
神戸電鉄,有馬温泉,三木,,,自動取得不可
神戸電鉄,有馬温泉,大村,,,自動取得不可
神戸電鉄,有馬温泉,樫山,,,自動取得不可
神戸電鉄,有馬温泉,市場,,,自動取得不可
神戸電鉄,有馬温泉,小野,,,自動取得不可
神戸電鉄,有馬温泉,葉多,,,自動取得不可
神戸電鉄,有馬温泉,粟生,,,自動取得不可
神戸電鉄,五社,岡場,,,自動取得不可
神戸電鉄,五社,田尾寺,,,自動取得不可
神戸電鉄,五社,二郎,,,自動取得不可
神戸電鉄,五社,道場南口,,,自動取得不可
神戸電鉄,五社,神鉄道場,,,自動取得不可
神戸電鉄,五社,横山,,,自動取得不可
神戸電鉄,五社,三田本町,,,自動取得不可
神戸電鉄,五社,三田,,,自動取得不可
神戸電鉄,五社,フラワータウン,,,自動取得不可
神戸電鉄,五社,南ウッディタウン,,,自動取得不可
神戸電鉄,五社,ウッディタウン中央,,,自動取得不可
神戸電鉄,五社,鈴蘭台西口,,,自動取得不可
神戸電鉄,五社,西鈴蘭台,,,自動取得不可
神戸電鉄,五社,藍那,,,自動取得不可
神戸電鉄,五社,木津,,,自動取得不可
神戸電鉄,五社,木幡,,,自動取得不可
神戸電鉄,五社,栄,,,自動取得不可
神戸電鉄,五社,押部谷,,,自動取得不可
神戸電鉄,五社,緑が丘,,,自動取得不可
神戸電鉄,五社,広野ゴルフ場前,,,自動取得不可
神戸電鉄,五社,志染,,,自動取得不可
神戸電鉄,五社,恵比須,,,自動取得不可
神戸電鉄,五社,三木上の丸,,,自動取得不可
神戸電鉄,五社,三木,,,自動取得不可
神戸電鉄,五社,大村,,,自動取得不可
神戸電鉄,五社,樫山,,,自動取得不可
神戸電鉄,五社,市場,,,自動取得不可
神戸電鉄,五社,小野,,,自動取得不可
神戸電鉄,五社,葉多,,,自動取得不可
神戸電鉄,五社,粟生,,,自動取得不可
神戸電鉄,岡場,田尾寺,,,自動取得不可
神戸電鉄,岡場,二郎,,,自動取得不可
神戸電鉄,岡場,道場南口,,,自動取得不可
神戸電鉄,岡場,神鉄道場,,,自動取得不可
神戸電鉄,岡場,横山,,,自動取得不可
神戸電鉄,岡場,三田本町,,,自動取得不可
神戸電鉄,岡場,三田,,,自動取得不可
神戸電鉄,岡場,フラワータウン,,,自動取得不可
神戸電鉄,岡場,南ウッディタウン,,,自動取得不可
神戸電鉄,岡場,ウッディタウン中央,,,自動取得不可
神戸電鉄,岡場,鈴蘭台西口,,,自動取得不可
神戸電鉄,岡場,西鈴蘭台,,,自動取得不可
神戸電鉄,岡場,藍那,,,自動取得不可
神戸電鉄,岡場,木津,,,自動取得不可
神戸電鉄,岡場,木幡,,,自動取得不可
神戸電鉄,岡場,栄,,,自動取得不可
神戸電鉄,岡場,押部谷,,,自動取得不可
神戸電鉄,岡場,緑が丘,,,自動取得不可
神戸電鉄,岡場,広野ゴルフ場前,,,自動取得不可
神戸電鉄,岡場,志染,,,自動取得不可
神戸電鉄,岡場,恵比須,,,自動取得不可
神戸電鉄,岡場,三木上の丸,,,自動取得不可
神戸電鉄,岡場,三木,,,自動取得不可
神戸電鉄,岡場,大村,,,自動取得不可
神戸電鉄,岡場,樫山,,,自動取得不可
神戸電鉄,岡場,市場,,,自動取得不可
神戸電鉄,岡場,小野,,,自動取得不可
神戸電鉄,岡場,葉多,,,自動取得不可
神戸電鉄,岡場,粟生,,,自動取得不可
神戸電鉄,田尾寺,二郎,,,自動取得不可
神戸電鉄,田尾寺,道場南口,,,自動取得不可
神戸電鉄,田尾寺,神鉄道場,,,自動取得不可
神戸電鉄,田尾寺,横山,,,自動取得不可
神戸電鉄,田尾寺,三田本町,,,自動取得不可
神戸電鉄,田尾寺,三田,,,自動取得不可
神戸電鉄,田尾寺,フラワータウン,,,自動取得不可
神戸電鉄,田尾寺,南ウッディタウン,,,自動取得不可
神戸電鉄,田尾寺,ウッディタウン中央,,,自動取得不可
神戸電鉄,田尾寺,鈴蘭台西口,,,自動取得不可
神戸電鉄,田尾寺,西鈴蘭台,,,自動取得不可
神戸電鉄,田尾寺,藍那,,,自動取得不可
神戸電鉄,田尾寺,木津,,,自動取得不可
神戸電鉄,田尾寺,木幡,,,自動取得不可
神戸電鉄,田尾寺,栄,,,自動取得不可
神戸電鉄,田尾寺,押部谷,,,自動取得不可
神戸電鉄,田尾寺,緑が丘,,,自動取得不可
神戸電鉄,田尾寺,広野ゴルフ場前,,,自動取得不可
神戸電鉄,田尾寺,志染,,,自動取得不可
神戸電鉄,田尾寺,恵比須,,,自動取得不可
神戸電鉄,田尾寺,三木上の丸,,,自動取得不可
神戸電鉄,田尾寺,三木,,,自動取得不可
神戸電鉄,田尾寺,大村,,,自動取得不可
神戸電鉄,田尾寺,樫山,,,自動取得不可
神戸電鉄,田尾寺,市場,,,自動取得不可
神戸電鉄,田尾寺,小野,,,自動取得不可
神戸電鉄,田尾寺,葉多,,,自動取得不可
神戸電鉄,田尾寺,粟生,,,自動取得不可
神戸電鉄,二郎,道場南口,,,自動取得不可
神戸電鉄,二郎,神鉄道場,,,自動取得不可
神戸電鉄,二郎,横山,,,自動取得不可
神戸電鉄,二郎,三田本町,,,自動取得不可
神戸電鉄,二郎,三田,,,自動取得不可
神戸電鉄,二郎,フラワータウン,,,自動取得不可
神戸電鉄,二郎,南ウッディタウン,,,自動取得不可
神戸電鉄,二郎,ウッディタウン中央,,,自動取得不可
神戸電鉄,二郎,鈴蘭台西口,,,自動取得不可
神戸電鉄,二郎,西鈴蘭台,,,自動取得不可
神戸電鉄,二郎,藍那,,,自動取得不可
神戸電鉄,二郎,木津,,,自動取得不可
神戸電鉄,二郎,木幡,,,自動取得不可
神戸電鉄,二郎,栄,,,自動取得不可
神戸電鉄,二郎,押部谷,,,自動取得不可
神戸電鉄,二郎,緑が丘,,,自動取得不可
神戸電鉄,二郎,広野ゴルフ場前,,,自動取得不可
神戸電鉄,二郎,志染,,,自動取得不可
神戸電鉄,二郎,恵比須,,,自動取得不可
神戸電鉄,二郎,三木上の丸,,,自動取得不可
神戸電鉄,二郎,三木,,,自動取得不可
神戸電鉄,二郎,大村,,,自動取得不可
神戸電鉄,二郎,樫山,,,自動取得不可
神戸電鉄,二郎,市場,,,自動取得不可
神戸電鉄,二郎,小野,,,自動取得不可
神戸電鉄,二郎,葉多,,,自動取得不可
神戸電鉄,二郎,粟生,,,自動取得不可
神戸電鉄,道場南口,神鉄道場,,,自動取得不可
神戸電鉄,道場南口,横山,,,自動取得不可
神戸電鉄,道場南口,三田本町,,,自動取得不可
神戸電鉄,道場南口,三田,,,自動取得不可
神戸電鉄,道場南口,フラワータウン,,,自動取得不可
神戸電鉄,道場南口,南ウッディタウン,,,自動取得不可
神戸電鉄,道場南口,ウッディタウン中央,,,自動取得不可
神戸電鉄,道場南口,鈴蘭台西口,,,自動取得不可
神戸電鉄,道場南口,西鈴蘭台,,,自動取得不可
神戸電鉄,道場南口,藍那,,,自動取得不可
神戸電鉄,道場南口,木津,,,自動取得不可
神戸電鉄,道場南口,木幡,,,自動取得不可
神戸電鉄,道場南口,栄,,,自動取得不可
神戸電鉄,道場南口,押部谷,,,自動取得不可
神戸電鉄,道場南口,緑が丘,,,自動取得不可
神戸電鉄,道場南口,広野ゴルフ場前,,,自動取得不可
神戸電鉄,道場南口,志染,,,自動取得不可
神戸電鉄,道場南口,恵比須,,,自動取得不可
神戸電鉄,道場南口,三木上の丸,,,自動取得不可
神戸電鉄,道場南口,三木,,,自動取得不可
神戸電鉄,道場南口,大村,,,自動取得不可
神戸電鉄,道場南口,樫山,,,自動取得不可
神戸電鉄,道場南口,市場,,,自動取得不可
神戸電鉄,道場南口,小野,,,自動取得不可
神戸電鉄,道場南口,葉多,,,自動取得不可
神戸電鉄,道場南口,粟生,,,自動取得不可
神戸電鉄,神鉄道場,横山,,,自動取得不可
神戸電鉄,神鉄道場,三田本町,,,自動取得不可
神戸電鉄,神鉄道場,三田,,,自動取得不可
神戸電鉄,神鉄道場,フラワータウン,,,自動取得不可
神戸電鉄,神鉄道場,南ウッディタウン,,,自動取得不可
神戸電鉄,神鉄道場,ウッディタウン中央,,,自動取得不可
神戸電鉄,神鉄道場,鈴蘭台西口,,,自動取得不可
神戸電鉄,神鉄道場,西鈴蘭台,,,自動取得不可
神戸電鉄,神鉄道場,藍那,,,自動取得不可
神戸電鉄,神鉄道場,木津,,,自動取得不可
神戸電鉄,神鉄道場,木幡,,,自動取得不可
神戸電鉄,神鉄道場,栄,,,自動取得不可
神戸電鉄,神鉄道場,押部谷,,,自動取得不可
神戸電鉄,神鉄道場,緑が丘,,,自動取得不可
神戸電鉄,神鉄道場,広野ゴルフ場前,,,自動取得不可
神戸電鉄,神鉄道場,志染,,,自動取得不可
神戸電鉄,神鉄道場,恵比須,,,自動取得不可
神戸電鉄,神鉄道場,三木上の丸,,,自動取得不可
神戸電鉄,神鉄道場,三木,,,自動取得不可
神戸電鉄,神鉄道場,大村,,,自動取得不可
神戸電鉄,神鉄道場,樫山,,,自動取得不可
神戸電鉄,神鉄道場,市場,,,自動取得不可
神戸電鉄,神鉄道場,小野,,,自動取得不可
神戸電鉄,神鉄道場,葉多,,,自動取得不可
神戸電鉄,神鉄道場,粟生,,,自動取得不可
神戸電鉄,横山,三田本町,,,自動取得不可
神戸電鉄,横山,三田,,,自動取得不可
神戸電鉄,横山,フラワータウン,,,自動取得不可
神戸電鉄,横山,南ウッディタウン,,,自動取得不可
神戸電鉄,横山,ウッディタウン中央,,,自動取得不可
神戸電鉄,横山,鈴蘭台西口,,,自動取得不可
神戸電鉄,横山,西鈴蘭台,,,自動取得不可
神戸電鉄,横山,藍那,,,自動取得不可
神戸電鉄,横山,木津,,,自動取得不可
神戸電鉄,横山,木幡,,,自動取得不可
神戸電鉄,横山,栄,,,自動取得不可
神戸電鉄,横山,押部谷,,,自動取得不可
神戸電鉄,横山,緑が丘,,,自動取得不可
神戸電鉄,横山,広野ゴルフ場前,,,自動取得不可
神戸電鉄,横山,志染,,,自動取得不可
神戸電鉄,横山,恵比須,,,自動取得不可
神戸電鉄,横山,三木上の丸,,,自動取得不可
神戸電鉄,横山,三木,,,自動取得不可
神戸電鉄,横山,大村,,,自動取得不可
神戸電鉄,横山,樫山,,,自動取得不可
神戸電鉄,横山,市場,,,自動取得不可
神戸電鉄,横山,小野,,,自動取得不可
神戸電鉄,横山,葉多,,,自動取得不可
神戸電鉄,横山,粟生,,,自動取得不可
神戸電鉄,三田本町,三田,,,自動取得不可
神戸電鉄,三田本町,フラワータウン,,,自動取得不可
神戸電鉄,三田本町,南ウッディタウン,,,自動取得不可
神戸電鉄,三田本町,ウッディタウン中央,,,自動取得不可
神戸電鉄,三田本町,鈴蘭台西口,,,自動取得不可
神戸電鉄,三田本町,西鈴蘭台,,,自動取得不可
神戸電鉄,三田本町,藍那,,,自動取得不可
神戸電鉄,三田本町,木津,,,自動取得不可
神戸電鉄,三田本町,木幡,,,自動取得不可
神戸電鉄,三田本町,栄,,,自動取得不可
神戸電鉄,三田本町,押部谷,,,自動取得不可
神戸電鉄,三田本町,緑が丘,,,自動取得不可
神戸電鉄,三田本町,広野ゴルフ場前,,,自動取得不可
神戸電鉄,三田本町,志染,,,自動取得不可
神戸電鉄,三田本町,恵比須,,,自動取得不可
神戸電鉄,三田本町,三木上の丸,,,自動取得不可
神戸電鉄,三田本町,三木,,,自動取得不可
神戸電鉄,三田本町,大村,,,自動取得不可
神戸電鉄,三田本町,樫山,,,自動取得不可
神戸電鉄,三田本町,市場,,,自動取得不可
神戸電鉄,三田本町,小野,,,自動取得不可
神戸電鉄,三田本町,葉多,,,自動取得不可
神戸電鉄,三田本町,粟生,,,自動取得不可
神戸電鉄,三田,フラワータウン,,,自動取得不可
神戸電鉄,三田,南ウッディタウン,,,自動取得不可
神戸電鉄,三田,ウッディタウン中央,,,自動取得不可
神戸電鉄,三田,鈴蘭台西口,,,自動取得不可
神戸電鉄,三田,西鈴蘭台,,,自動取得不可
神戸電鉄,三田,藍那,,,自動取得不可
神戸電鉄,三田,木津,,,自動取得不可
神戸電鉄,三田,木幡,,,自動取得不可
神戸電鉄,三田,栄,,,自動取得不可
神戸電鉄,三田,押部谷,,,自動取得不可
神戸電鉄,三田,緑が丘,,,自動取得不可
神戸電鉄,三田,広野ゴルフ場前,,,自動取得不可
神戸電鉄,三田,志染,,,自動取得不可
神戸電鉄,三田,恵比須,,,自動取得不可
神戸電鉄,三田,三木上の丸,,,自動取得不可
神戸電鉄,三田,三木,,,自動取得不可
神戸電鉄,三田,大村,,,自動取得不可
神戸電鉄,三田,樫山,,,自動取得不可
神戸電鉄,三田,市場,,,自動取得不可
神戸電鉄,三田,小野,,,自動取得不可
神戸電鉄,三田,葉多,,,自動取得不可
神戸電鉄,三田,粟生,,,自動取得不可
神戸電鉄,フラワータウン,南ウッディタウン,,,自動取得不可
神戸電鉄,フラワータウン,ウッディタウン中央,,,自動取得不可
神戸電鉄,フラワータウン,鈴蘭台西口,,,自動取得不可
神戸電鉄,フラワータウン,西鈴蘭台,,,自動取得不可
神戸電鉄,フラワータウン,藍那,,,自動取得不可
神戸電鉄,フラワータウン,木津,,,自動取得不可
神戸電鉄,フラワータウン,木幡,,,自動取得不可
神戸電鉄,フラワータウン,栄,,,自動取得不可
神戸電鉄,フラワータウン,押部谷,,,自動取得不可
神戸電鉄,フラワータウン,緑が丘,,,自動取得不可
神戸電鉄,フラワータウン,広野ゴルフ場前,,,自動取得不可
神戸電鉄,フラワータウン,志染,,,自動取得不可
神戸電鉄,フラワータウン,恵比須,,,自動取得不可
神戸電鉄,フラワータウン,三木上の丸,,,自動取得不可
神戸電鉄,フラワータウン,三木,,,自動取得不可
神戸電鉄,フラワータウン,大村,,,自動取得不可
神戸電鉄,フラワータウン,樫山,,,自動取得不可
神戸電鉄,フラワータウン,市場,,,自動取得不可
神戸電鉄,フラワータウン,小野,,,自動取得不可
神戸電鉄,フラワータウン,葉多,,,自動取得不可
神戸電鉄,フラワータウン,粟生,,,自動取得不可
神戸電鉄,南ウッディタウン,ウッディタウン中央,,,自動取得不可
神戸電鉄,南ウッディタウン,鈴蘭台西口,,,自動取得不可
神戸電鉄,南ウッディタウン,西鈴蘭台,,,自動取得不可
神戸電鉄,南ウッディタウン,藍那,,,自動取得不可
神戸電鉄,南ウッディタウン,木津,,,自動取得不可
神戸電鉄,南ウッディタウン,木幡,,,自動取得不可
神戸電鉄,南ウッディタウン,栄,,,自動取得不可
神戸電鉄,南ウッディタウン,押部谷,,,自動取得不可
神戸電鉄,南ウッディタウン,緑が丘,,,自動取得不可
神戸電鉄,南ウッディタウン,広野ゴルフ場前,,,自動取得不可
神戸電鉄,南ウッディタウン,志染,,,自動取得不可
神戸電鉄,南ウッディタウン,恵比須,,,自動取得不可
神戸電鉄,南ウッディタウン,三木上の丸,,,自動取得不可
神戸電鉄,南ウッディタウン,三木,,,自動取得不可
神戸電鉄,南ウッディタウン,大村,,,自動取得不可
神戸電鉄,南ウッディタウン,樫山,,,自動取得不可
神戸電鉄,南ウッディタウン,市場,,,自動取得不可
神戸電鉄,南ウッディタウン,小野,,,自動取得不可
神戸電鉄,南ウッディタウン,葉多,,,自動取得不可
神戸電鉄,南ウッディタウン,粟生,,,自動取得不可
神戸電鉄,ウッディタウン中央,鈴蘭台西口,,,自動取得不可
神戸電鉄,ウッディタウン中央,西鈴蘭台,,,自動取得不可
神戸電鉄,ウッディタウン中央,藍那,,,自動取得不可
神戸電鉄,ウッディタウン中央,木津,,,自動取得不可
神戸電鉄,ウッディタウン中央,木幡,,,自動取得不可
神戸電鉄,ウッディタウン中央,栄,,,自動取得不可
神戸電鉄,ウッディタウン中央,押部谷,,,自動取得不可
神戸電鉄,ウッディタウン中央,緑が丘,,,自動取得不可
神戸電鉄,ウッディタウン中央,広野ゴルフ場前,,,自動取得不可
神戸電鉄,ウッディタウン中央,志染,,,自動取得不可
神戸電鉄,ウッディタウン中央,恵比須,,,自動取得不可
神戸電鉄,ウッディタウン中央,三木上の丸,,,自動取得不可
神戸電鉄,ウッディタウン中央,三木,,,自動取得不可
神戸電鉄,ウッディタウン中央,大村,,,自動取得不可
神戸電鉄,ウッディタウン中央,樫山,,,自動取得不可
神戸電鉄,ウッディタウン中央,市場,,,自動取得不可
神戸電鉄,ウッディタウン中央,小野,,,自動取得不可
神戸電鉄,ウッディタウン中央,葉多,,,自動取得不可
神戸電鉄,ウッディタウン中央,粟生,,,自動取得不可
神戸電鉄,鈴蘭台西口,西鈴蘭台,,,自動取得不可
神戸電鉄,鈴蘭台西口,藍那,,,自動取得不可
神戸電鉄,鈴蘭台西口,木津,,,自動取得不可
神戸電鉄,鈴蘭台西口,木幡,,,自動取得不可
神戸電鉄,鈴蘭台西口,栄,,,自動取得不可
神戸電鉄,鈴蘭台西口,押部谷,,,自動取得不可
神戸電鉄,鈴蘭台西口,緑が丘,,,自動取得不可
神戸電鉄,鈴蘭台西口,広野ゴルフ場前,,,自動取得不可
神戸電鉄,鈴蘭台西口,志染,,,自動取得不可
神戸電鉄,鈴蘭台西口,恵比須,,,自動取得不可
神戸電鉄,鈴蘭台西口,三木上の丸,,,自動取得不可
神戸電鉄,鈴蘭台西口,三木,,,自動取得不可
神戸電鉄,鈴蘭台西口,大村,,,自動取得不可
神戸電鉄,鈴蘭台西口,樫山,,,自動取得不可
神戸電鉄,鈴蘭台西口,市場,,,自動取得不可
神戸電鉄,鈴蘭台西口,小野,,,自動取得不可
神戸電鉄,鈴蘭台西口,葉多,,,自動取得不可
神戸電鉄,鈴蘭台西口,粟生,,,自動取得不可
神戸電鉄,西鈴蘭台,藍那,,,自動取得不可
神戸電鉄,西鈴蘭台,木津,,,自動取得不可
神戸電鉄,西鈴蘭台,木幡,,,自動取得不可
神戸電鉄,西鈴蘭台,栄,,,自動取得不可
神戸電鉄,西鈴蘭台,押部谷,,,自動取得不可
神戸電鉄,西鈴蘭台,緑が丘,,,自動取得不可
神戸電鉄,西鈴蘭台,広野ゴルフ場前,,,自動取得不可
神戸電鉄,西鈴蘭台,志染,,,自動取得不可
神戸電鉄,西鈴蘭台,恵比須,,,自動取得不可
神戸電鉄,西鈴蘭台,三木上の丸,,,自動取得不可
神戸電鉄,西鈴蘭台,三木,,,自動取得不可
神戸電鉄,西鈴蘭台,大村,,,自動取得不可
神戸電鉄,西鈴蘭台,樫山,,,自動取得不可
神戸電鉄,西鈴蘭台,市場,,,自動取得不可
神戸電鉄,西鈴蘭台,小野,,,自動取得不可
神戸電鉄,西鈴蘭台,葉多,,,自動取得不可
神戸電鉄,西鈴蘭台,粟生,,,自動取得不可
神戸電鉄,藍那,木津,,,自動取得不可
神戸電鉄,藍那,木幡,,,自動取得不可
神戸電鉄,藍那,栄,,,自動取得不可
神戸電鉄,藍那,押部谷,,,自動取得不可
神戸電鉄,藍那,緑が丘,,,自動取得不可
神戸電鉄,藍那,広野ゴルフ場前,,,自動取得不可
神戸電鉄,藍那,志染,,,自動取得不可
神戸電鉄,藍那,恵比須,,,自動取得不可
神戸電鉄,藍那,三木上の丸,,,自動取得不可
神戸電鉄,藍那,三木,,,自動取得不可
神戸電鉄,藍那,大村,,,自動取得不可
神戸電鉄,藍那,樫山,,,自動取得不可
神戸電鉄,藍那,市場,,,自動取得不可
神戸電鉄,藍那,小野,,,自動取得不可
神戸電鉄,藍那,葉多,,,自動取得不可
神戸電鉄,藍那,粟生,,,自動取得不可
神戸電鉄,木津,木幡,,,自動取得不可
神戸電鉄,木津,栄,,,自動取得不可
神戸電鉄,木津,押部谷,,,自動取得不可
神戸電鉄,木津,緑が丘,,,自動取得不可
神戸電鉄,木津,広野ゴルフ場前,,,自動取得不可
神戸電鉄,木津,志染,,,自動取得不可
神戸電鉄,木津,恵比須,,,自動取得不可
神戸電鉄,木津,三木上の丸,,,自動取得不可
神戸電鉄,木津,三木,,,自動取得不可
神戸電鉄,木津,大村,,,自動取得不可
神戸電鉄,木津,樫山,,,自動取得不可
神戸電鉄,木津,市場,,,自動取得不可
神戸電鉄,木津,小野,,,自動取得不可
神戸電鉄,木津,葉多,,,自動取得不可
神戸電鉄,木津,粟生,,,自動取得不可
神戸電鉄,木幡,栄,,,自動取得不可
神戸電鉄,木幡,押部谷,,,自動取得不可
神戸電鉄,木幡,緑が丘,,,自動取得不可
神戸電鉄,木幡,広野ゴルフ場前,,,自動取得不可
神戸電鉄,木幡,志染,,,自動取得不可
神戸電鉄,木幡,恵比須,,,自動取得不可
神戸電鉄,木幡,三木上の丸,,,自動取得不可
神戸電鉄,木幡,三木,,,自動取得不可
神戸電鉄,木幡,大村,,,自動取得不可
神戸電鉄,木幡,樫山,,,自動取得不可
神戸電鉄,木幡,市場,,,自動取得不可
神戸電鉄,木幡,小野,,,自動取得不可
神戸電鉄,木幡,葉多,,,自動取得不可
神戸電鉄,木幡,粟生,,,自動取得不可
神戸電鉄,栄,押部谷,,,自動取得不可
神戸電鉄,栄,緑が丘,,,自動取得不可
神戸電鉄,栄,広野ゴルフ場前,,,自動取得不可
神戸電鉄,栄,志染,,,自動取得不可
神戸電鉄,栄,恵比須,,,自動取得不可
神戸電鉄,栄,三木上の丸,,,自動取得不可
神戸電鉄,栄,三木,,,自動取得不可
神戸電鉄,栄,大村,,,自動取得不可
神戸電鉄,栄,樫山,,,自動取得不可
神戸電鉄,栄,市場,,,自動取得不可
神戸電鉄,栄,小野,,,自動取得不可
神戸電鉄,栄,葉多,,,自動取得不可
神戸電鉄,栄,粟生,,,自動取得不可
神戸電鉄,押部谷,緑が丘,,,自動取得不可
神戸電鉄,押部谷,広野ゴルフ場前,,,自動取得不可
神戸電鉄,押部谷,志染,,,自動取得不可
神戸電鉄,押部谷,恵比須,,,自動取得不可
神戸電鉄,押部谷,三木上の丸,,,自動取得不可
神戸電鉄,押部谷,三木,,,自動取得不可
神戸電鉄,押部谷,大村,,,自動取得不可
神戸電鉄,押部谷,樫山,,,自動取得不可
神戸電鉄,押部谷,市場,,,自動取得不可
神戸電鉄,押部谷,小野,,,自動取得不可
神戸電鉄,押部谷,葉多,,,自動取得不可
神戸電鉄,押部谷,粟生,,,自動取得不可
神戸電鉄,緑が丘,広野ゴルフ場前,,,自動取得不可
神戸電鉄,緑が丘,志染,,,自動取得不可
神戸電鉄,緑が丘,恵比須,,,自動取得不可
神戸電鉄,緑が丘,三木上の丸,,,自動取得不可
神戸電鉄,緑が丘,三木,,,自動取得不可
神戸電鉄,緑が丘,大村,,,自動取得不可
神戸電鉄,緑が丘,樫山,,,自動取得不可
神戸電鉄,緑が丘,市場,,,自動取得不可
神戸電鉄,緑が丘,小野,,,自動取得不可
神戸電鉄,緑が丘,葉多,,,自動取得不可
神戸電鉄,緑が丘,粟生,,,自動取得不可
神戸電鉄,広野ゴルフ場前,志染,,,自動取得不可
神戸電鉄,広野ゴルフ場前,恵比須,,,自動取得不可
神戸電鉄,広野ゴルフ場前,三木上の丸,,,自動取得不可
神戸電鉄,広野ゴルフ場前,三木,,,自動取得不可
神戸電鉄,広野ゴルフ場前,大村,,,自動取得不可
神戸電鉄,広野ゴルフ場前,樫山,,,自動取得不可
神戸電鉄,広野ゴルフ場前,市場,,,自動取得不可
神戸電鉄,広野ゴルフ場前,小野,,,自動取得不可
神戸電鉄,広野ゴルフ場前,葉多,,,自動取得不可
神戸電鉄,広野ゴルフ場前,粟生,,,自動取得不可
神戸電鉄,志染,恵比須,,,自動取得不可
神戸電鉄,志染,三木上の丸,,,自動取得不可
神戸電鉄,志染,三木,,,自動取得不可
神戸電鉄,志染,大村,,,自動取得不可
神戸電鉄,志染,樫山,,,自動取得不可
神戸電鉄,志染,市場,,,自動取得不可
神戸電鉄,志染,小野,,,自動取得不可
神戸電鉄,志染,葉多,,,自動取得不可
神戸電鉄,志染,粟生,,,自動取得不可
神戸電鉄,恵比須,三木上の丸,,,自動取得不可
神戸電鉄,恵比須,三木,,,自動取得不可
神戸電鉄,恵比須,大村,,,自動取得不可
神戸電鉄,恵比須,樫山,,,自動取得不可
神戸電鉄,恵比須,市場,,,自動取得不可
神戸電鉄,恵比須,小野,,,自動取得不可
神戸電鉄,恵比須,葉多,,,自動取得不可
神戸電鉄,恵比須,粟生,,,自動取得不可
神戸電鉄,三木上の丸,三木,,,自動取得不可
神戸電鉄,三木上の丸,大村,,,自動取得不可
神戸電鉄,三木上の丸,樫山,,,自動取得不可
神戸電鉄,三木上の丸,市場,,,自動取得不可
神戸電鉄,三木上の丸,小野,,,自動取得不可
神戸電鉄,三木上の丸,葉多,,,自動取得不可
神戸電鉄,三木上の丸,粟生,,,自動取得不可
神戸電鉄,三木,大村,,,自動取得不可
神戸電鉄,三木,樫山,,,自動取得不可
神戸電鉄,三木,市場,,,自動取得不可
神戸電鉄,三木,小野,,,自動取得不可
神戸電鉄,三木,葉多,,,自動取得不可
神戸電鉄,三木,粟生,,,自動取得不可
神戸電鉄,大村,樫山,,,自動取得不可
神戸電鉄,大村,市場,,,自動取得不可
神戸電鉄,大村,小野,,,自動取得不可
神戸電鉄,大村,葉多,,,自動取得不可
神戸電鉄,大村,粟生,,,自動取得不可
神戸電鉄,樫山,市場,,,自動取得不可
神戸電鉄,樫山,小野,,,自動取得不可
神戸電鉄,樫山,葉多,,,自動取得不可
神戸電鉄,樫山,粟生,,,自動取得不可
神戸電鉄,市場,小野,,,自動取得不可
神戸電鉄,市場,葉多,,,自動取得不可
神戸電鉄,市場,粟生,,,自動取得不可
神戸電鉄,小野,葉多,,,自動取得不可
神戸電鉄,小野,粟生,,,自動取得不可
神戸電鉄,葉多,粟生,,,自動取得不可
神姫バス,姫路駅,加古川駅,,,自動取得不可
神姫バス,姫路駅,明石駅前,,,自動取得不可
神姫バス,姫路駅,西神中央駅前,,,自動取得不可
神姫バス,姫路駅,伊川谷駅,,,自動取得不可
神姫バス,姫路駅,大久保駅,,,自動取得不可
神姫バス,姫路駅,三宮,,,自動取得不可
神姫バス,姫路駅,神戸駅南口,,,自動取得不可
神姫バス,姫路駅,三田駅,,,自動取得不可
神姫バス,姫路駅,新三田駅,,,自動取得不可
神姫バス,姫路駅,西明石駅,,,自動取得不可
神姫バス,姫路駅,土山駅,,,自動取得不可
神姫バス,加古川駅,明石駅前,,,自動取得不可
神姫バス,加古川駅,西神中央駅前,,,自動取得不可
神姫バス,加古川駅,伊川谷駅,,,自動取得不可
神姫バス,加古川駅,大久保駅,,,自動取得不可
神姫バス,加古川駅,三宮,,,自動取得不可
神姫バス,加古川駅,神戸駅南口,,,自動取得不可
神姫バス,加古川駅,三田駅,,,自動取得不可
神姫バス,加古川駅,新三田駅,,,自動取得不可
神姫バス,加古川駅,西明石駅,,,自動取得不可
神姫バス,加古川駅,土山駅,,,自動取得不可
神姫バス,明石駅前,西神中央駅前,,,自動取得不可
神姫バス,明石駅前,伊川谷駅,,,自動取得不可
神姫バス,明石駅前,大久保駅,,,自動取得不可
神姫バス,明石駅前,三宮,,,自動取得不可
神姫バス,明石駅前,神戸駅南口,,,自動取得不可
神姫バス,明石駅前,三田駅,,,自動取得不可
神姫バス,明石駅前,新三田駅,,,自動取得不可
神姫バス,明石駅前,西明石駅,,,自動取得不可
神姫バス,明石駅前,土山駅,,,自動取得不可
神姫バス,西神中央駅前,伊川谷駅,,,自動取得不可
神姫バス,西神中央駅前,大久保駅,,,自動取得不可
神姫バス,西神中央駅前,三宮,,,自動取得不可
神姫バス,西神中央駅前,神戸駅南口,,,自動取得不可
神姫バス,西神中央駅前,三田駅,,,自動取得不可
神姫バス,西神中央駅前,新三田駅,,,自動取得不可
神姫バス,西神中央駅前,西明石駅,,,自動取得不可
神姫バス,西神中央駅前,土山駅,,,自動取得不可
神姫バス,伊川谷駅,大久保駅,,,自動取得不可
神姫バス,伊川谷駅,三宮,,,自動取得不可
神姫バス,伊川谷駅,神戸駅南口,,,自動取得不可
神姫バス,伊川谷駅,三田駅,,,自動取得不可
神姫バス,伊川谷駅,新三田駅,,,自動取得不可
神姫バス,伊川谷駅,西明石駅,,,自動取得不可
神姫バス,伊川谷駅,土山駅,,,自動取得不可
神姫バス,大久保駅,三宮,,,自動取得不可
神姫バス,大久保駅,神戸駅南口,,,自動取得不可
神姫バス,大久保駅,三田駅,,,自動取得不可
神姫バス,大久保駅,新三田駅,,,自動取得不可
神姫バス,大久保駅,西明石駅,,,自動取得不可
神姫バス,大久保駅,土山駅,,,自動取得不可
神姫バス,三宮,神戸駅南口,,,自動取得不可
神姫バス,三宮,三田駅,,,自動取得不可
神姫バス,三宮,新三田駅,,,自動取得不可
神姫バス,三宮,西明石駅,,,自動取得不可
神姫バス,三宮,土山駅,,,自動取得不可
神姫バス,神戸駅南口,三田駅,,,自動取得不可
神姫バス,神戸駅南口,新三田駅,,,自動取得不可
神姫バス,神戸駅南口,西明石駅,,,自動取得不可
神姫バス,神戸駅南口,土山駅,,,自動取得不可
神姫バス,三田駅,新三田駅,,,自動取得不可
神姫バス,三田駅,西明石駅,,,自動取得不可
神姫バス,三田駅,土山駅,,,自動取得不可
神姫バス,新三田駅,西明石駅,,,自動取得不可
神姫バス,新三田駅,土山駅,,,自動取得不可
神姫バス,西明石駅,土山駅,,,自動取得不可
